Date,BDI_Close_mean,BDI_Close_median,BDI_Close_min,BDI_Close_max,BDI_Close_range,BDI_Close_std,BDI_Close_variance,BDI_Close_first,BDI_Close_last,BDI_Close_pct_change,BDI_Close_count,BDI_High_mean,BDI_High_median,BDI_High_min,BDI_High_max,BDI_High_range,BDI_High_std,BDI_High_variance,BDI_High_first,BDI_High_last,BDI_High_pct_change,BDI_High_count,BDI_Low_mean,BDI_Low_median,BDI_Low_min,BDI_Low_max,BDI_Low_range,BDI_Low_std,BDI_Low_variance,BDI_Low_first,BDI_Low_last,BDI_Low_pct_change,BDI_Low_count
2000-01-01,1357.0400000000002,1357.2,1280.0,1406.0,37.2,13.992714233758786,212.67600000000002,1320.0,1280.0,-0.00481227757551623,24,1357.0400000000002,1357.2,1280.0,1406.0,37.2,13.992714233758786,212.67600000000002,1320.0,1280.0,-0.00481227757551623,24,1357.0400000000002,1357.2,1280.0,1406.0,37.2,13.992714233758786,212.67600000000002,1320.0,1280.0,-0.00481227757551623,24
2000-02-01,1438.25,1437.5,1276.0,1578.0,65.0,23.524330293678087,590.26,1276.0,1578.0,0.04686195407093681,20,1438.25,1437.5,1276.0,1578.0,65.0,23.524330293678087,590.26,1276.0,1578.0,0.04686195407093681,20,1438.25,1437.5,1276.0,1578.0,65.0,23.524330293678087,590.26,1276.0,1578.0,0.04686195407093681,20
2000-03-01,1629.5000000000002,1629.0,1588.0,1660.0,31.0,11.474918413387812,172.92,1588.0,1660.0,0.010256713687651707,20,1629.5000000000002,1629.0,1588.0,1660.0,31.0,11.474918413387812,172.92,1588.0,1660.0,0.010256713687651707,20,1629.5000000000002,1629.0,1588.0,1660.0,31.0,11.474918413387812,172.92,1588.0,1660.0,0.010256713687651707,20
2000-04-01,1665.875,1666.25,1628.0,1686.0,14.75,5.528651035269411,33.80625,1669.0,1628.0,-0.00436330887958519,17,1665.875,1666.25,1628.0,1686.0,14.75,5.528651035269411,33.80625,1669.0,1628.0,-0.00436330887958519,17,1665.875,1666.25,1628.0,1686.0,14.75,5.528651035269411,33.80625,1669.0,1628.0,-0.00436330887958519,17
2000-05-01,1597.9199999999998,1597.1,1562.0,1622.0,12.8,4.829191928816607,33.485,1622.0,1562.0,-0.0057314852585701945,22,1597.9199999999998,1597.1,1562.0,1622.0,12.8,4.829191928816607,33.485,1622.0,1562.0,-0.0057314852585701945,22,1597.9199999999998,1597.1,1562.0,1622.0,12.8,4.829191928816607,33.485,1622.0,1562.0,-0.0057314852585701945,22
2000-06-01,1591.3,1591.0,1559.0,1626.0,16.75,6.282287867845688,54.660000000000004,1561.0,1616.0,0.0071609195162142605,20,1591.3,1591.0,1559.0,1626.0,16.75,6.282287867845688,54.660000000000004,1561.0,1616.0,0.0071609195162142605,20,1591.3,1591.0,1559.0,1626.0,16.75,6.282287867845688,54.660000000000004,1561.0,1616.0,0.0071609195162142605,20
2000-07-01,1622.69,1622.3,1600.0,1648.0,9.6,3.529268270674354,14.729500000000002,1613.0,1648.0,0.002720443299336038,24,1622.69,1622.3,1600.0,1648.0,9.6,3.529268270674354,14.729500000000002,1613.0,1648.0,0.002720443299336038,24,1622.69,1622.3,1600.0,1648.0,9.6,3.529268270674354,14.729500000000002,1613.0,1648.0,0.002720443299336038,24
2000-08-01,1639.3875,1637.875,1627.0,1661.0,12.5,4.6347724455855195,24.721875,1651.0,1661.0,0.001695144867973446,19,1639.3875,1637.875,1627.0,1661.0,12.5,4.6347724455855195,24.721875,1651.0,1661.0,0.001695144867973446,19,1639.3875,1637.875,1627.0,1661.0,12.5,4.6347724455855195,24.721875,1651.0,1661.0,0.001695144867973446,19
2000-09-01,1714.0499999999997,1713.75,1666.0,1740.0,16.25,6.00544700907032,50.0,1666.0,1739.0,0.009031997797525372,20,1714.0499999999997,1713.75,1666.0,1740.0,16.25,6.00544700907032,50.0,1666.0,1739.0,0.009031997797525372,20,1714.0499999999997,1713.75,1666.0,1740.0,16.25,6.00544700907032,50.0,1666.0,1739.0,0.009031997797525372,20
2000-10-01,1737.48,1737.4,1718.0,1762.0,10.0,3.6276235934249472,17.104000000000003,1735.0,1762.0,0.0021909446501423317,25,1737.48,1737.4,1718.0,1762.0,10.0,3.6276235934249472,17.104000000000003,1735.0,1762.0,0.0021909446501423317,25,1737.48,1737.4,1718.0,1762.0,10.0,3.6276235934249472,17.104000000000003,1735.0,1762.0,0.0021909446501423317,25
2000-11-01,1713.65,1713.25,1664.0,1761.0,21.5,7.6618652121697055,64.18,1761.0,1664.0,-0.012479209165689916,20,1713.65,1713.25,1664.0,1761.0,21.5,7.6618652121697055,64.18,1761.0,1664.0,-0.012479209165689916,20,1713.65,1713.25,1664.0,1761.0,21.5,7.6618652121697055,64.18,1761.0,1664.0,-0.012479209165689916,20
2000-12-01,1605.6,1604.25,1581.0,1657.0,21.25,7.633623769544149,82.34666666666668,1657.0,1599.0,-0.008334786248100875,18,1605.6,1604.25,1581.0,1657.0,21.25,7.633623769544149,82.34666666666668,1657.0,1599.0,-0.008334786248100875,18,1605.6,1604.25,1581.0,1657.0,21.25,7.633623769544149,82.34666666666668,1657.0,1599.0,-0.008334786248100875,18
2001-01-01,1561.08,1561.2,1488.0,1599.0,20.0,7.378276082872094,69.652,1599.0,1488.0,-0.01260262252115186,24,1561.08,1561.2,1488.0,1599.0,20.0,7.378276082872094,69.652,1599.0,1488.0,-0.01260262252115186,24,1561.08,1561.2,1488.0,1599.0,20.0,7.378276082872094,69.652,1599.0,1488.0,-0.01260262252115186,24
2001-02-01,1483.85,1483.0,1445.0,1538.0,26.0,9.645242971069955,107.06,1480.0,1537.0,0.006973078679790131,20,1483.85,1483.0,1445.0,1538.0,26.0,9.645242971069955,107.06,1480.0,1537.0,0.006973078679790131,20,1483.85,1483.0,1445.0,1538.0,26.0,9.645242971069955,107.06,1480.0,1537.0,0.006973078679790131,20
2001-03-01,1498.0,1498.25,1438.0,1537.0,28.5,10.265024013684604,160.68,1537.0,1438.0,-0.015034302640984872,20,1498.0,1498.25,1438.0,1537.0,28.5,10.265024013684604,160.68,1537.0,1438.0,-0.015034302640984872,20,1498.0,1498.25,1438.0,1537.0,28.5,10.265024013684604,160.68,1537.0,1438.0,-0.015034302640984872,20
2001-04-01,1441.7900000000002,1440.9,1423.0,1463.0,8.4,3.184301195587991,20.113500000000002,1430.0,1456.0,0.0026716807405564166,23,1441.7900000000002,1440.9,1423.0,1463.0,8.4,3.184301195587991,20.113500000000002,1430.0,1456.0,0.0026716807405564166,23,1441.7900000000002,1440.9,1423.0,1463.0,8.4,3.184301195587991,20.113500000000002,1430.0,1456.0,0.0026716807405564166,23
2001-05-01,1442.175,1442.25,1382.0,1481.0,25.0,9.32424019451947,92.53375,1460.0,1382.0,-0.011108729830943641,18,1442.175,1442.25,1382.0,1481.0,25.0,9.32424019451947,92.53375,1460.0,1382.0,-0.011108729830943641,18,1442.175,1442.25,1382.0,1481.0,25.0,9.32424019451947,92.53375,1460.0,1382.0,-0.011108729830943641,18
2001-06-01,1377.25,1377.25,1355.0,1394.0,13.75,5.161867152722938,34.46000000000001,1372.0,1386.0,0.0015230639056334294,20,1377.25,1377.25,1355.0,1394.0,13.75,5.161867152722938,34.46000000000001,1372.0,1386.0,0.0015230639056334294,20,1377.25,1377.25,1355.0,1394.0,13.75,5.161867152722938,34.46000000000001,1372.0,1386.0,0.0015230639056334294,20
2001-07-01,1198.0400000000002,1198.0,1021.0,1380.0,59.6,21.593541522571943,489.264,1380.0,1021.0,-0.048698568558885554,25,1198.0400000000002,1198.0,1021.0,1380.0,59.6,21.593541522571943,489.264,1380.0,1021.0,-0.048698568558885554,25,1198.0400000000002,1198.0,1021.0,1380.0,59.6,21.593541522571943,489.264,1380.0,1021.0,-0.048698568558885554,25
2001-08-01,970.975,972.25,927.0,1014.0,23.25,8.393856846541949,77.0275,1014.0,927.0,-0.019046685582228398,19,970.975,972.25,927.0,1014.0,23.25,8.393856846541949,77.0275,1014.0,927.0,-0.019046685582228398,19,970.975,972.25,927.0,1014.0,23.25,8.393856846541949,77.0275,1014.0,927.0,-0.019046685582228398,19
2001-09-01,945.2,947.75,898.0,995.0,35.0,12.843105939497768,178.6,918.0,952.0,0.00473297282454448,20,945.2,947.75,898.0,995.0,35.0,12.843105939497768,178.6,918.0,952.0,0.00473297282454448,20,945.2,947.75,898.0,995.0,35.0,12.843105939497768,178.6,918.0,952.0,0.00473297282454448,20
2001-10-01,894.32,893.8,850.0,939.0,21.4,7.694077011206555,76.464,939.0,850.0,-0.017524161531359612,25,894.32,893.8,850.0,939.0,21.4,7.694077011206555,76.464,939.0,850.0,-0.017524161531359612,25,894.32,893.8,850.0,939.0,21.4,7.694077011206555,76.464,939.0,850.0,-0.017524161531359612,25
2001-11-01,855.6,855.75,843.0,868.0,4.5,1.6889677372867593,2.9600000000000004,847.0,868.0,0.0037958936171596704,20,855.6,855.75,843.0,868.0,4.5,1.6889677372867593,2.9600000000000004,847.0,868.0,0.0037958936171596704,20,855.6,855.75,843.0,868.0,4.5,1.6889677372867593,2.9600000000000004,847.0,868.0,0.0037958936171596704,20
2001-12-01,874.3399999999999,874.3,865.0,896.0,6.2,2.4911698942324274,8.983333333333333,868.0,896.0,0.004559450725259314,20,874.3399999999999,874.3,865.0,896.0,6.2,2.4911698942324274,8.983333333333333,868.0,896.0,0.004559450725259314,20,874.3399999999999,874.3,865.0,896.0,6.2,2.4911698942324274,8.983333333333333,868.0,896.0,0.004559450725259314,20
2002-01-01,936.5,936.0,906.0,969.0,25.75,9.39971575177595,111.89999999999999,906.0,908.0,0.0020998096401947755,20,936.5,936.0,906.0,969.0,25.75,9.39971575177595,111.89999999999999,906.0,908.0,0.0020998096401947755,20,936.5,936.0,906.0,969.0,25.75,9.39971575177595,111.89999999999999,906.0,908.0,0.0020998096401947755,20
2002-02-01,965.8,964.5,909.0,1033.0,25.5,9.140074667235599,105.1,909.0,1033.0,0.026752140003848807,20,965.8,964.5,909.0,1033.0,25.5,9.140074667235599,105.1,909.0,1033.0,0.026752140003848807,20,965.8,964.5,909.0,1033.0,25.5,9.140074667235599,105.1,909.0,1033.0,0.026752140003848807,20
2002-03-01,1067.275,1067.25,1035.0,1086.0,12.0,4.334261691569042,21.8675,1035.0,1082.0,0.009529066613832632,19,1067.275,1067.25,1035.0,1086.0,12.0,4.334261691569042,21.8675,1035.0,1082.0,0.009529066613832632,19,1067.275,1067.25,1035.0,1086.0,12.0,4.334261691569042,21.8675,1035.0,1082.0,0.009529066613832632,19
2002-04-01,1070.4699999999998,1071.1,1016.0,1104.0,18.2,6.720908465337071,54.4375,1081.0,1016.0,-0.00918389936900536,24,1070.4699999999998,1071.1,1016.0,1104.0,18.2,6.720908465337071,54.4375,1081.0,1016.0,-0.00918389936900536,24,1070.4699999999998,1071.1,1016.0,1104.0,18.2,6.720908465337071,54.4375,1081.0,1016.0,-0.00918389936900536,24
2002-05-01,1035.0375,1035.125,1018.0,1046.0,10.0,3.793624491086295,20.031875000000003,1018.0,1042.0,0.005162222289461115,19,1035.0375,1035.125,1018.0,1046.0,10.0,3.793624491086295,20.031875000000003,1018.0,1042.0,0.005162222289461115,19,1035.0375,1035.125,1018.0,1046.0,10.0,3.793624491086295,20.031875000000003,1018.0,1042.0,0.005162222289461115,19
2002-06-01,997.1166666666666,996.5,978.0,1027.0,16.5,6.332369458599498,44.94222222222223,1027.0,1005.0,-0.004525050247278117,18,997.1166666666666,996.5,978.0,1027.0,16.5,6.332369458599498,44.94222222222223,1027.0,1005.0,-0.004525050247278117,18,997.1166666666666,996.5,978.0,1027.0,16.5,6.332369458599498,44.94222222222223,1027.0,1005.0,-0.004525050247278117,18
2002-07-01,987.1200000000001,986.8,962.0,1007.0,9.6,3.668317318724734,20.768,1005.0,971.0,-0.006006197018055865,25,987.1200000000001,986.8,962.0,1007.0,9.6,3.668317318724734,20.768,1005.0,971.0,-0.006006197018055865,25,987.1200000000001,986.8,962.0,1007.0,9.6,3.668317318724734,20.768,1005.0,971.0,-0.006006197018055865,25
2002-08-01,1006.2625,1005.0,971.0,1036.0,13.5,5.153116105657072,29.671875,971.0,1036.0,0.01356310174351328,19,1006.2625,1005.0,971.0,1036.0,13.5,5.153116105657072,29.671875,971.0,1036.0,0.01356310174351328,19,1006.2625,1005.0,971.0,1036.0,13.5,5.153116105657072,29.671875,971.0,1036.0,0.01356310174351328,19
2002-09-01,1211.12,1209.6,1039.0,1371.0,57.4,20.76306257233565,566.6719999999999,1039.0,1354.0,0.04493865479467574,25,1211.12,1209.6,1039.0,1371.0,57.4,20.76306257233565,566.6719999999999,1039.0,1354.0,0.04493865479467574,25,1211.12,1209.6,1039.0,1371.0,57.4,20.76306257233565,566.6719999999999,1039.0,1354.0,0.04493865479467574,25
2002-10-01,1369.2,1368.0,1334.0,1428.0,22.5,7.973126885972251,74.46000000000001,1351.0,1428.0,0.012367540997948739,20,1369.2,1368.0,1334.0,1428.0,22.5,7.973126885972251,74.46000000000001,1351.0,1428.0,0.012367540997948739,20,1369.2,1368.0,1334.0,1428.0,22.5,7.973126885972251,74.46000000000001,1351.0,1428.0,0.012367540997948739,20
2002-11-01,1462.0499999999997,1462.0,1430.0,1560.0,31.0,11.32055218276719,288.3399999999999,1430.0,1560.0,0.02087908417026217,20,1462.0499999999997,1462.0,1430.0,1560.0,31.0,11.32055218276719,288.3399999999999,1430.0,1560.0,0.02087908417026217,20,1462.0499999999997,1462.0,1430.0,1560.0,31.0,11.32055218276719,288.3399999999999,1430.0,1560.0,0.02087908417026217,20
2002-12-01,1689.1599999999999,1689.6,1573.0,1739.0,27.6,9.928610891735506,168.34,1573.0,1739.0,0.016708906372465387,19,1689.1599999999999,1689.6,1573.0,1739.0,27.6,9.928610891735506,168.34,1573.0,1739.0,0.016708906372465387,19,1689.1599999999999,1689.6,1573.0,1739.0,27.6,9.928610891735506,168.34,1573.0,1739.0,0.016708906372465387,19
2003-01-01,1689.3999999999999,1689.5,1530.0,1761.0,54.5,20.266700595555733,526.92,1742.0,1530.0,-0.02688979688856062,20,1689.3999999999999,1689.5,1530.0,1761.0,54.5,20.266700595555733,526.92,1742.0,1530.0,-0.02688979688856062,20,1689.3999999999999,1689.5,1530.0,1761.0,54.5,20.266700595555733,526.92,1742.0,1530.0,-0.02688979688856062,20
2003-02-01,1673.7,1673.25,1530.0,1768.0,49.75,17.885441850541838,404.8999999999999,1530.0,1764.0,0.02974082033495306,20,1673.7,1673.25,1530.0,1768.0,49.75,17.885441850541838,404.8999999999999,1530.0,1764.0,0.02974082033495306,20,1673.7,1673.25,1530.0,1768.0,49.75,17.885441850541838,404.8999999999999,1530.0,1764.0,0.02974082033495306,20
2003-03-01,1868.8399999999997,1867.6,1748.0,1997.0,45.6,16.582841579783906,388.28799999999995,1762.0,1997.0,0.021254113481318913,25,1868.8399999999997,1867.6,1748.0,1997.0,45.6,16.582841579783906,388.28799999999995,1762.0,1997.0,0.021254113481318913,25,1868.8399999999997,1867.6,1748.0,1997.0,45.6,16.582841579783906,388.28799999999995,1762.0,1997.0,0.021254113481318913,25
2003-04-01,2094.5249999999996,2093.875,2011.0,2152.0,29.0,10.418125362229793,147.49374999999998,2011.0,2152.0,0.01409775229617076,18,2094.5249999999996,2093.875,2011.0,2152.0,29.0,10.418125362229793,147.49374999999998,2011.0,2152.0,0.01409775229617076,18,2094.5249999999996,2093.875,2011.0,2152.0,29.0,10.418125362229793,147.49374999999998,2011.0,2152.0,0.01409775229617076,18
2003-05-01,2233.925,2233.875,2127.0,2337.0,74.5,27.607457418093908,796.6375,2160.0,2127.0,-0.0008803738196547957,18,2233.925,2233.875,2127.0,2337.0,74.5,27.607457418093908,796.6375,2160.0,2127.0,-0.0008803738196547957,18,2233.925,2233.875,2127.0,2337.0,74.5,27.607457418093908,796.6375,2160.0,2127.0,-0.0008803738196547957,18
2003-06-01,2134.88,2134.0,2116.0,2154.0,14.4,5.077254155145626,29.168,2116.0,2137.0,0.0028389225893947954,25,2134.88,2134.0,2116.0,2154.0,14.4,5.077254155145626,29.168,2116.0,2137.0,0.0028389225893947954,25,2134.88,2134.0,2116.0,2154.0,14.4,5.077254155145626,29.168,2116.0,2137.0,0.0028389225893947954,25
2003-07-01,2203.6000000000004,2200.25,2143.0,2240.0,33.25,12.10267250973107,225.22,2143.0,2176.0,0.003325294182831568,20,2203.6000000000004,2200.25,2143.0,2240.0,33.25,12.10267250973107,225.22,2143.0,2176.0,0.003325294182831568,20,2203.6000000000004,2200.25,2143.0,2240.0,33.25,12.10267250973107,225.22,2143.0,2176.0,0.003325294182831568,20
2003-08-01,2291.125,2291.25,2181.0,2343.0,53.0,19.565916344380128,514.9825,2181.0,2265.0,0.010468823913381671,19,2291.125,2291.25,2181.0,2343.0,53.0,19.565916344380128,514.9825,2181.0,2265.0,0.010468823913381671,19,2291.125,2291.25,2181.0,2343.0,53.0,19.565916344380128,514.9825,2181.0,2265.0,0.010468823913381671,19
2003-09-01,2557.52,2553.0,2262.0,3372.0,194.2,69.78839595940102,8983.856,2262.0,3372.0,0.07347783988589736,25,2557.52,2553.0,2262.0,3372.0,194.2,69.78839595940102,8983.856,2262.0,3372.0,0.07347783988589736,25,2557.52,2553.0,2262.0,3372.0,194.2,69.78839595940102,8983.856,2262.0,3372.0,0.07347783988589736,25
2003-10-01,4299.2,4298.0,3529.0,4560.0,218.25,79.46419232926591,15260.299999999997,3529.0,4555.0,0.05872283190096051,20,4299.2,4298.0,3529.0,4560.0,218.25,79.46419232926591,15260.299999999997,3529.0,4555.0,0.05872283190096051,20,4299.2,4298.0,3529.0,4560.0,218.25,79.46419232926591,15260.299999999997,3529.0,4555.0,0.05872283190096051,20
2003-11-01,4250.4,4253.0,4026.0,4558.0,197.0,72.95324301423935,5692.98,4558.0,4417.0,-0.00576586857575302,20,4250.4,4253.0,4026.0,4558.0,197.0,72.95324301423935,5692.98,4558.0,4417.0,-0.00576586857575302,20,4250.4,4253.0,4026.0,4558.0,197.0,72.95324301423935,5692.98,4558.0,4417.0,-0.00576586857575302,20
2003-12-01,4651.133333333333,4650.2,4442.0,4765.0,54.4,19.917706802260565,596.4764444444444,4442.0,4761.0,0.011953458492583793,19,4651.133333333333,4650.2,4442.0,4765.0,54.4,19.917706802260565,596.4764444444444,4442.0,4761.0,0.011953458492583793,19,4651.133333333333,4650.2,4442.0,4765.0,54.4,19.917706802260565,596.4764444444444,4442.0,4761.0,0.011953458492583793,19
2004-01-01,5252.900000000001,5237.0,4757.0,5551.0,255.75,96.09968556906725,9439.080000000002,4757.0,5551.0,0.030704175720739843,20,5252.900000000001,5237.0,4757.0,5551.0,255.75,96.09968556906725,9439.080000000002,4757.0,5551.0,0.030704175720739843,20,5252.900000000001,5237.0,4757.0,5551.0,255.75,96.09968556906725,9439.080000000002,4757.0,5551.0,0.030704175720739843,20
2004-02-01,5450.049999999999,5447.0,5242.0,5681.0,228.75,85.54490334994888,8458.5,5618.0,5263.0,-0.013767683323148174,20,5450.049999999999,5447.0,5242.0,5681.0,228.75,85.54490334994888,8458.5,5618.0,5263.0,-0.013767683323148174,20,5450.049999999999,5447.0,5242.0,5681.0,228.75,85.54490334994888,8458.5,5618.0,5263.0,-0.013767683323148174,20
2004-03-01,5099.84,5095.8,4716.0,5384.0,148.2,55.18234892642249,3612.3520000000003,5205.0,4716.0,-0.017643907282224324,25,5099.84,5095.8,4716.0,5384.0,148.2,55.18234892642249,3612.3520000000003,5205.0,4716.0,-0.017643907282224324,25,5099.84,5095.8,4716.0,5384.0,148.2,55.18234892642249,3612.3520000000003,5205.0,4716.0,-0.017643907282224324,25
2004-04-01,4476.0375,4469.5,3982.0,4675.0,183.0,70.22470764487946,7400.506875,4675.0,3982.0,-0.03412106811117444,18,4476.0375,4469.5,3982.0,4675.0,183.0,70.22470764487946,7400.506875,4675.0,3982.0,-0.03412106811117444,18,4476.0375,4469.5,3982.0,4675.0,183.0,70.22470764487946,7400.506875,4675.0,3982.0,-0.03412106811117444,18
2004-05-01,3538.0800000000004,3539.1,3185.0,3933.0,131.0,48.986108823380356,3678.0480000000002,3933.0,3185.0,-0.03509521137144268,23,3538.0800000000004,3539.1,3185.0,3933.0,131.0,48.986108823380356,3678.0480000000002,3933.0,3185.0,-0.03509521137144268,23,3538.0800000000004,3539.1,3185.0,3933.0,131.0,48.986108823380356,3678.0480000000002,3933.0,3185.0,-0.03509521137144268,23
2004-06-01,2859.25,2851.75,2622.0,3207.0,236.0,85.12119938620725,8595.2,3134.0,3207.0,0.009694153075192415,20,2859.25,2851.75,2622.0,3207.0,236.0,85.12119938620725,8595.2,3134.0,3207.0,0.009694153075192415,20,2859.25,2851.75,2622.0,3207.0,236.0,85.12119938620725,8595.2,3134.0,3207.0,0.009694153075192415,20
2004-07-01,3840.1499999999996,3822.0,3287.0,4086.0,273.75,99.25536157691745,14969.640000000001,3287.0,4048.0,0.050426031913724904,20,3840.1499999999996,3822.0,3287.0,4086.0,273.75,99.25536157691745,14969.640000000001,3287.0,4048.0,0.050426031913724904,20,3840.1499999999996,3822.0,3287.0,4086.0,273.75,99.25536157691745,14969.640000000001,3287.0,4048.0,0.050426031913724904,20
2004-08-01,4156.37,4158.9,4040.0,4233.0,74.4,27.36388546761063,1046.6815000000001,4100.0,4040.0,-0.0006818417273820182,24,4156.37,4158.9,4040.0,4233.0,74.4,27.36388546761063,1046.6815000000001,4100.0,4040.0,-0.0006818417273820182,24,4156.37,4158.9,4040.0,4233.0,74.4,27.36388546761063,1046.6815000000001,4100.0,4040.0,-0.0006818417273820182,24
2004-09-01,4147.9,4148.0,4014.0,4233.0,71.0,26.754629076025235,1116.1399999999999,4014.0,4112.0,0.0053218566499043645,20,4147.9,4148.0,4014.0,4233.0,71.0,26.754629076025235,1116.1399999999999,4014.0,4112.0,0.0053218566499043645,20,4147.9,4148.0,4014.0,4233.0,71.0,26.754629076025235,1116.1399999999999,4014.0,4112.0,0.0053218566499043645,20
2004-10-01,4560.8,4556.75,4130.0,4922.0,169.75,61.38931424809362,4046.9399999999996,4130.0,4922.0,0.03845780137709792,20,4560.8,4556.75,4130.0,4922.0,169.75,61.38931424809362,4046.9399999999996,4130.0,4922.0,0.03845780137709792,20,4560.8,4556.75,4130.0,4922.0,169.75,61.38931424809362,4046.9399999999996,4130.0,4922.0,0.03845780137709792,20
2004-11-01,5407.76,5402.8,4928.0,6172.0,210.2,75.72726933048584,7669.424000000001,4928.0,6172.0,0.03910469875981422,25,5407.76,5402.8,4928.0,6172.0,210.2,75.72726933048584,7669.424000000001,4928.0,6172.0,0.03910469875981422,25,5407.76,5402.8,4928.0,6172.0,210.2,75.72726933048584,7669.424000000001,4928.0,6172.0,0.03910469875981422,25
2004-12-01,5396.066666666667,5406.0,4598.0,6208.0,458.6666666666667,166.67952123500712,32512.266666666666,6208.0,4598.0,-0.0814060858314768,15,5396.066666666667,5406.0,4598.0,6208.0,458.6666666666667,166.67952123500712,32512.266666666666,6208.0,4598.0,-0.0814060858314768,15,5396.066666666667,5406.0,4598.0,6208.0,458.6666666666667,166.67952123500712,32512.266666666666,6208.0,4598.0,-0.0814060858314768,15
2005-01-01,4476.41,4475.1,4246.0,4776.0,203.4,76.6619374982017,7130.6134999999995,4456.0,4246.0,-0.013268552420123819,24,4476.41,4475.1,4246.0,4776.0,203.4,76.6619374982017,7130.6134999999995,4456.0,4246.0,-0.013268552420123819,24,4476.41,4475.1,4246.0,4776.0,203.4,76.6619374982017,7130.6134999999995,4456.0,4246.0,-0.013268552420123819,24
2005-02-01,4588.05,4575.5,4175.0,4880.0,184.0,67.9445032105545,5589.1,4192.0,4652.0,0.021795935319248522,20,4588.05,4575.5,4175.0,4880.0,184.0,67.9445032105545,5589.1,4192.0,4652.0,0.021795935319248522,20,4588.05,4575.5,4175.0,4880.0,184.0,67.9445032105545,5589.1,4192.0,4652.0,0.021795935319248522,20
2005-03-01,4681.7875,4680.0,4575.0,4791.0,80.5,29.612230918830686,1277.294375,4700.0,4627.0,-0.0038359826755733546,18,4681.7875,4680.0,4575.0,4791.0,80.5,29.612230918830686,1277.294375,4700.0,4627.0,-0.0038359826755733546,18,4681.7875,4680.0,4575.0,4791.0,80.5,29.612230918830686,1277.294375,4700.0,4627.0,-0.0038359826755733546,18
2005-04-01,4527.75,4527.5,3850.0,4835.0,261.25,95.13881645525774,12921.22,4631.0,3850.0,-0.03791632467510911,20,4527.75,4527.5,3850.0,4835.0,261.25,95.13881645525774,12921.22,4631.0,3850.0,-0.03791632467510911,20,4527.75,4527.5,3850.0,4835.0,261.25,95.13881645525774,12921.22,4631.0,3850.0,-0.03791632467510911,20
2005-05-01,3591.1800000000003,3590.6,3093.0,4024.0,193.0,73.43699266548848,5708.063,3815.0,3093.0,-0.036246602989726,23,3591.1800000000003,3590.6,3093.0,4024.0,193.0,73.43699266548848,5708.063,3815.0,3093.0,-0.036246602989726,23,3591.1800000000003,3590.6,3093.0,4024.0,193.0,73.43699266548848,5708.063,3815.0,3093.0,-0.036246602989726,23
2005-06-01,2675.1,2672.0,2486.0,3041.0,170.25,62.292369184951404,4145.42,3041.0,2486.0,-0.04095628324058909,20,2675.1,2672.0,2486.0,3041.0,170.25,62.292369184951404,4145.42,3041.0,2486.0,-0.04095628324058909,20,2675.1,2672.0,2486.0,3041.0,170.25,62.292369184951404,4145.42,3041.0,2486.0,-0.04095628324058909,20
2005-07-01,2206.8,2209.25,1804.0,2461.0,143.5,51.176553871431054,3319.8199999999997,2461.0,1804.0,-0.06496725987876352,20,2206.8,2209.25,1804.0,2461.0,143.5,51.176553871431054,3319.8199999999997,2461.0,1804.0,-0.06496725987876352,20,2206.8,2209.25,1804.0,2461.0,143.5,51.176553871431054,3319.8199999999997,2461.0,1804.0,-0.06496725987876352,20
2005-08-01,2245.15,2241.8,1747.0,2634.0,166.8,60.904207038225,4947.425499999999,1769.0,2479.0,0.05628761962757782,24,2245.15,2241.8,1747.0,2634.0,166.8,60.904207038225,4947.425499999999,1769.0,2479.0,0.05628761962757782,24,2245.15,2241.8,1747.0,2634.0,166.8,60.904207038225,4947.425499999999,1769.0,2479.0,0.05628761962757782,24
2005-09-01,2832.55,2827.0,2418.0,3073.0,175.75,66.06817308322881,4745.72,2424.0,2907.0,0.03916902348078147,20,2832.55,2827.0,2418.0,3073.0,175.75,66.06817308322881,4745.72,2424.0,2907.0,0.03916902348078147,20,2832.55,2827.0,2418.0,3073.0,175.75,66.06817308322881,4745.72,2424.0,2907.0,0.03916902348078147,20
2005-10-01,3138.2400000000002,3137.6,2944.0,3370.0,159.4,58.692594641778285,4187.248,2944.0,2967.0,0.003731421714308546,25,3138.2400000000002,3137.6,2944.0,3370.0,159.4,58.692594641778285,4187.248,2944.0,2967.0,0.003731421714308546,25,3138.2400000000002,3137.6,2944.0,3370.0,159.4,58.692594641778285,4187.248,2944.0,2967.0,0.003731421714308546,25
2005-11-01,2880.7,2878.5,2739.0,3048.0,98.25,37.06984623176403,1599.8799999999999,2945.0,2767.0,-0.012036681809994737,20,2880.7,2878.5,2739.0,3048.0,98.25,37.06984623176403,1599.8799999999999,2945.0,2767.0,-0.012036681809994737,20,2880.7,2878.5,2739.0,3048.0,98.25,37.06984623176403,1599.8799999999999,2945.0,2767.0,-0.012036681809994737,20
2005-12-01,2577.4,2571.3333333333335,2407.0,2764.0,105.33333333333333,39.98549130139114,1655.0133333333333,2764.0,2407.0,-0.03993225151000249,15,2577.4,2571.3333333333335,2407.0,2764.0,105.33333333333333,39.98549130139114,1655.0133333333333,2764.0,2407.0,-0.03993225151000249,15,2577.4,2571.3333333333335,2407.0,2764.0,105.33333333333333,39.98549130139114,1655.0133333333333,2764.0,2407.0,-0.03993225151000249,15
2006-01-01,2252.74,2252.1,2033.0,2497.0,104.8,38.21854108491473,1820.5539999999996,2438.0,2145.0,-0.01872357484061239,24,2252.74,2252.1,2033.0,2497.0,104.8,38.21854108491473,1820.5539999999996,2438.0,2145.0,-0.01872357484061239,24,2252.74,2252.1,2033.0,2497.0,104.8,38.21854108491473,1820.5539999999996,2438.0,2145.0,-0.01872357484061239,24
2006-02-01,2530.75,2514.25,2167.0,2798.0,195.5,74.21483828490214,7861.960000000001,2167.0,2682.0,0.04710920153685881,20,2530.75,2514.25,2167.0,2798.0,195.5,74.21483828490214,7861.960000000001,2167.0,2682.0,0.04710920153685881,20,2530.75,2514.25,2167.0,2798.0,195.5,74.21483828490214,7861.960000000001,2167.0,2682.0,0.04710920153685881,20
2006-03-01,2584.25,2580.75,2493.0,2704.0,94.25,35.59596765400987,1781.94,2674.0,2496.0,-0.01515456764770889,20,2584.25,2580.75,2493.0,2704.0,94.25,35.59596765400987,1781.94,2674.0,2496.0,-0.01515456764770889,20,2584.25,2580.75,2493.0,2704.0,94.25,35.59596765400987,1781.94,2674.0,2496.0,-0.01515456764770889,20
2006-04-01,2467.6125,2465.125,2368.0,2516.0,34.25,13.33808009560627,252.55937500000002,2508.0,2368.0,-0.012278816297898981,18,2467.6125,2465.125,2368.0,2516.0,34.25,13.33808009560627,252.55937500000002,2508.0,2368.0,-0.012278816297898981,18,2467.6125,2465.125,2368.0,2516.0,34.25,13.33808009560627,252.55937500000002,2508.0,2368.0,-0.012278816297898981,18
2006-05-01,2444.12,2442.1,2364.0,2514.0,55.2,21.112674497244733,606.356,2364.0,2514.0,0.012076474403456727,23,2444.12,2442.1,2364.0,2514.0,55.2,21.112674497244733,606.356,2364.0,2514.0,0.012076474403456727,23,2444.12,2442.1,2364.0,2514.0,55.2,21.112674497244733,606.356,2364.0,2514.0,0.012076474403456727,23
2006-06-01,2740.7000000000003,2737.75,2551.0,2964.0,92.5,33.85664533490869,1253.8,2551.0,2964.0,0.034216301207543195,20,2740.7000000000003,2737.75,2551.0,2964.0,92.5,33.85664533490869,1253.8,2551.0,2964.0,0.034216301207543195,20,2740.7000000000003,2737.75,2551.0,2964.0,92.5,33.85664533490869,1253.8,2551.0,2964.0,0.034216301207543195,20
2006-07-01,3120.4,3116.8,2849.0,3617.0,161.8,59.92587721084142,4946.735999999999,2983.0,3617.0,0.03597219649803479,25,3120.4,3116.8,2849.0,3617.0,161.8,59.92587721084142,4946.735999999999,2983.0,3617.0,0.03597219649803479,25,3120.4,3116.8,2849.0,3617.0,161.8,59.92587721084142,4946.735999999999,2983.0,3617.0,0.03597219649803479,25
2006-08-01,3741.7875000000004,3746.0,3633.0,3875.0,89.5,33.60599932186632,1236.336875,3654.0,3875.0,0.010422294613062133,19,3741.7875000000004,3746.0,3633.0,3875.0,89.5,33.60599932186632,1236.336875,3654.0,3875.0,0.010422294613062133,19,3741.7875000000004,3746.0,3633.0,3875.0,89.5,33.60599932186632,1236.336875,3654.0,3875.0,0.010422294613062133,19
2006-09-01,4047.35,4049.75,3877.0,4279.0,162.0,60.31922660831482,4997.5199999999995,3882.0,3944.0,0.005656210463082006,20,4047.35,4049.75,3877.0,4279.0,162.0,60.31922660831482,4997.5199999999995,3882.0,3944.0,0.005656210463082006,20,4047.35,4049.75,3877.0,4279.0,162.0,60.31922660831482,4997.5199999999995,3882.0,3944.0,0.005656210463082006,20
2006-10-01,4041.6800000000003,4042.6,3931.0,4188.0,115.0,42.5530186662419,2378.656,3956.0,4188.0,0.008570390296112864,25,4041.6800000000003,4042.6,3931.0,4188.0,115.0,42.5530186662419,2378.656,3956.0,4188.0,0.008570390296112864,25,4041.6800000000003,4042.6,3931.0,4188.0,115.0,42.5530186662419,2378.656,3956.0,4188.0,0.008570390296112864,25
2006-11-01,4205.849999999999,4204.5,4121.0,4369.0,78.5,28.682832624883865,1093.82,4214.0,4369.0,0.009178223256821657,20,4205.849999999999,4204.5,4121.0,4369.0,78.5,28.682832624883865,1093.82,4214.0,4369.0,0.009178223256821657,20,4205.849999999999,4204.5,4121.0,4369.0,78.5,28.682832624883865,1093.82,4214.0,4369.0,0.009178223256821657,20
2006-12-01,4333.599999999999,4332.333333333333,4270.0,4407.0,78.0,29.656321468073816,991.0933333333332,4400.0,4397.0,0.0009500288766562682,15,4333.599999999999,4332.333333333333,4270.0,4407.0,78.0,29.656321468073816,991.0933333333332,4400.0,4397.0,0.0009500288766562682,15,4333.599999999999,4332.333333333333,4270.0,4407.0,78.0,29.656321468073816,991.0933333333332,4400.0,4397.0,0.0009500288766562682,15
2007-01-01,4443.82,4440.8,4219.0,4647.0,124.4,45.65357706165669,2852.7940000000003,4421.0,4243.0,-0.006806989637504852,24,4443.82,4440.8,4219.0,4647.0,124.4,45.65357706165669,2852.7940000000003,4421.0,4243.0,-0.006806989637504852,24,4443.82,4440.8,4219.0,4647.0,124.4,45.65357706165669,2852.7940000000003,4421.0,4243.0,-0.006806989637504852,24
2007-02-01,4459.15,4458.0,4265.0,4872.0,133.5,47.980336150621454,3491.9399999999996,4265.0,4872.0,0.029267903482203927,20,4459.15,4458.0,4265.0,4872.0,133.5,47.980336150621454,3491.9399999999996,4265.0,4872.0,0.029267903482203927,20,4459.15,4458.0,4265.0,4872.0,133.5,47.980336150621454,3491.9399999999996,4265.0,4872.0,0.029267903482203927,20
2007-03-01,5150.95,5147.75,4908.0,5388.0,94.25,33.34213629660308,1700.22,4908.0,5388.0,0.018466134899423326,20,5150.95,5147.75,4908.0,5388.0,94.25,33.34213629660308,1700.22,4908.0,5388.0,0.018466134899423326,20,5150.95,5147.75,4908.0,5388.0,94.25,33.34213629660308,1700.22,4908.0,5388.0,0.018466134899423326,20
2007-04-01,5818.18,5819.9,5417.0,6321.0,158.8,58.738962040163265,5358.003000000001,5417.0,6321.0,0.027376541682467094,23,5818.18,5819.9,5417.0,6321.0,158.8,58.738962040163265,5358.003000000001,5417.0,6321.0,0.027376541682467094,23,5818.18,5819.9,5417.0,6321.0,158.8,58.738962040163265,5358.003000000001,5417.0,6321.0,0.027376541682467094,23
2007-05-01,6393.375,6401.625,5971.0,6688.0,212.0,80.28505985299536,7100.3125,6395.0,5983.0,-0.012570982988385455,18,6393.375,6401.625,5971.0,6688.0,212.0,80.28505985299536,7100.3125,6395.0,5983.0,-0.012570982988385455,18,6393.375,6401.625,5971.0,6688.0,212.0,80.28505985299536,7100.3125,6395.0,5983.0,-0.012570982988385455,18
2007-06-01,5761.6,5753.25,5254.0,6278.0,399.5,147.9946382588554,25709.68,6011.0,6278.0,0.012487797881766457,20,5761.6,5753.25,5254.0,6278.0,399.5,147.9946382588554,25709.68,6011.0,6278.0,0.012487797881766457,20,5761.6,5753.25,5254.0,6278.0,399.5,147.9946382588554,25709.68,6011.0,6278.0,0.012487797881766457,20
2007-07-01,6623.479999999999,6630.2,6201.0,7007.0,203.2,76.59164237108544,9455.728000000001,6304.0,7007.0,0.0186248460563875,25,6623.479999999999,6630.2,6201.0,7007.0,203.2,76.59164237108544,9455.728000000001,6304.0,7007.0,0.0186248460563875,25,6623.479999999999,6630.2,6201.0,7007.0,203.2,76.59164237108544,9455.728000000001,6304.0,7007.0,0.0186248460563875,25
2007-08-01,7241.3875,7242.5,6917.0,7702.0,186.5,70.22178048346444,6516.316875,6990.0,7702.0,0.019951036353672957,19,7241.3875,7242.5,6917.0,7702.0,186.5,70.22178048346444,6516.316875,6990.0,7702.0,0.019951036353672957,19,7241.3875,7242.5,6917.0,7702.0,186.5,70.22178048346444,6516.316875,6990.0,7702.0,0.019951036353672957,19
2007-09-01,8574.05,8549.75,7783.0,9474.0,463.5,169.49534812794442,33873.920000000006,7783.0,9474.0,0.04565870282273418,20,8574.05,8549.75,7783.0,9474.0,463.5,169.49534812794442,33873.920000000006,7783.0,9474.0,0.04565870282273418,20,8574.05,8549.75,7783.0,9474.0,463.5,169.49534812794442,33873.920000000006,7783.0,9474.0,0.04565870282273418,20
2007-10-01,10437.0,10428.6,9513.0,11033.0,362.8,135.6429925646891,37754.799999999996,9537.0,10548.0,0.01643086133051564,25,10437.0,10428.6,9513.0,11033.0,362.8,135.6429925646891,37754.799999999996,9537.0,10548.0,0.01643086133051564,25,10437.0,10428.6,9513.0,11033.0,362.8,135.6429925646891,37754.799999999996,9537.0,10548.0,0.01643086133051564,25
2007-11-01,10540.5,10547.25,9897.0,11039.0,360.5,127.90444277095418,20006.84,10539.0,10210.0,-0.0045449004868123085,20,10540.5,10547.25,9897.0,11039.0,360.5,127.90444277095418,20006.84,10539.0,10210.0,-0.0045449004868123085,20,10540.5,10547.25,9897.0,11039.0,360.5,127.90444277095418,20006.84,10539.0,10210.0,-0.0045449004868123085,20
2007-12-01,9526.119999999999,9528.4,8702.0,10285.0,218.4,82.33518928110195,12859.952000000001,10270.0,8702.0,-0.022095382527854278,19,9526.119999999999,9528.4,8702.0,10285.0,218.4,82.33518928110195,12859.952000000001,10270.0,8702.0,-0.022095382527854278,19,9526.119999999999,9528.4,8702.0,10285.0,218.4,82.33518928110195,12859.952000000001,10270.0,8702.0,-0.022095382527854278,19
2008-01-01,6876.049999999999,6920.5,5615.0,8732.0,806.75,313.0480483350217,107757.64000000001,8732.0,6134.0,-0.07007425953549044,20,6876.049999999999,6920.5,5615.0,8732.0,806.75,313.0480483350217,107757.64000000001,8732.0,6134.0,-0.07007425953549044,20,6876.049999999999,6920.5,5615.0,8732.0,806.75,313.0480483350217,107757.64000000001,8732.0,6134.0,-0.07007425953549044,20
2008-02-01,6911.25,6896.25,6002.0,7613.0,471.5,173.95743500418482,36320.5,6121.0,7613.0,0.045783637931138724,20,6911.25,6896.25,6002.0,7613.0,471.5,173.95743500418482,36320.5,6121.0,7613.0,0.045783637931138724,20,6911.25,6896.25,6002.0,7613.0,471.5,173.95743500418482,36320.5,6121.0,7613.0,0.045783637931138724,20
2008-03-01,7991.859999999999,7974.7,7619.0,8624.0,483.0,185.11721770629651,37920.323,7878.0,7737.0,-0.0009050141527230354,23,7991.859999999999,7974.7,7619.0,8624.0,483.0,185.11721770629651,37920.323,7878.0,7737.0,-0.0009050141527230354,23,7991.859999999999,7974.7,7619.0,8624.0,483.0,185.11721770629651,37920.323,7878.0,7737.0,-0.0009050141527230354,23
2008-04-01,8517.949999999999,8486.25,7741.0,9581.0,420.25,155.8309106059185,39727.12000000001,7741.0,9581.0,0.048031636725858626,20,8517.949999999999,8486.25,7741.0,9581.0,420.25,155.8309106059185,39727.12000000001,7741.0,9581.0,0.048031636725858626,20,8517.949999999999,8486.25,7741.0,9581.0,420.25,155.8309106059185,39727.12000000001,7741.0,9581.0,0.048031636725858626,20
2008-05-01,10964.125,10957.125,9855.0,11793.0,536.0,201.26866825994531,63298.348750000005,9855.0,11440.0,0.03858265687425787,18,10964.125,10957.125,9855.0,11793.0,536.0,201.26866825994531,63298.348750000005,9855.0,11440.0,0.03858265687425787,18,10964.125,10957.125,9855.0,11793.0,536.0,201.26866825994531,63298.348750000005,9855.0,11440.0,0.03858265687425787,18
2008-06-01,10057.76,10105.6,8854.0,11689.0,675.0,259.6597183573946,133216.688,11458.0,8854.0,-0.03676416684936144,25,10057.76,10105.6,8854.0,11689.0,675.0,259.6597183573946,133216.688,11458.0,8854.0,-0.03676416684936144,25,10057.76,10105.6,8854.0,11689.0,675.0,259.6597183573946,133216.688,11458.0,8854.0,-0.03676416684936144,25
2008-07-01,8875.25,8891.5,8280.0,9313.0,268.75,94.23698734360075,9516.16,8964.0,8280.0,-0.013064978025302612,20,8875.25,8891.5,8280.0,9313.0,268.75,94.23698734360075,9516.16,8964.0,8280.0,-0.013064978025302612,20,8875.25,8891.5,8280.0,9313.0,268.75,94.23698734360075,9516.16,8964.0,8280.0,-0.013064978025302612,20
2008-08-01,7337.2875,7324.875,6809.0,8209.0,588.5,225.19938192085186,59467.801875,8209.0,6809.0,-0.03924104493210398,19,7337.2875,7324.875,6809.0,8209.0,588.5,225.19938192085186,59467.801875,8209.0,6809.0,-0.03924104493210398,19,7337.2875,7324.875,6809.0,8209.0,588.5,225.19938192085186,59467.801875,8209.0,6809.0,-0.03924104493210398,19
2008-09-01,4738.76,4708.4,2990.0,6691.0,733.0,270.23363432045323,87775.184,6691.0,3002.0,-0.12359091774775599,25,4738.76,4708.4,2990.0,6691.0,733.0,270.23363432045323,87775.184,6691.0,3002.0,-0.12359091774775599,25,4738.76,4708.4,2990.0,6691.0,733.0,270.23363432045323,87775.184,6691.0,3002.0,-0.12359091774775599,25
2008-10-01,1627.8,1631.25,851.0,2992.0,439.75,161.25889409165902,33427.68,2992.0,851.0,-0.22616183466211168,20,1627.8,1631.25,851.0,2992.0,439.75,161.25889409165902,33427.68,2992.0,851.0,-0.22616183466211168,20,1627.8,1631.25,851.0,2992.0,439.75,161.25889409165902,33427.68,2992.0,851.0,-0.22616183466211168,20
2008-11-01,818.95,817.5,715.0,865.0,46.25,17.116625766242386,487.28,827.0,715.0,-0.03190447589904876,20,818.95,817.5,715.0,865.0,46.25,17.116625766242386,487.28,827.0,715.0,-0.03190447589904876,20,818.95,817.5,715.0,865.0,46.25,17.116625766242386,487.28,827.0,715.0,-0.03190447589904876,20
2008-12-01,752.4666666666667,749.6,663.0,836.0,38.0,13.881381538141131,308.9884444444444,700.0,773.0,0.014142809594667577,19,752.4666666666667,749.6,663.0,836.0,38.0,13.881381538141131,308.9884444444444,700.0,773.0,0.014142809594667577,19,752.4666666666667,749.6,663.0,836.0,38.0,13.881381538141131,308.9884444444444,700.0,773.0,0.014142809594667577,19
2009-01-01,911.0999999999999,902.75,772.0,1070.0,81.5,30.511313486859564,1051.32,772.0,1070.0,0.08123598652562397,20,911.0999999999999,902.75,772.0,1070.0,81.5,30.511313486859564,1051.32,772.0,1070.0,0.08123598652562397,20,911.0999999999999,902.75,772.0,1070.0,81.5,30.511313486859564,1051.32,772.0,1070.0,0.08123598652562397,20
2009-02-01,1815.85,1815.5,1099.0,2099.0,292.5,107.51614773607793,15073.159999999998,1099.0,1986.0,0.1588383343663846,20,1815.85,1815.5,1099.0,2099.0,292.5,107.51614773607793,15073.159999999998,1099.0,1986.0,0.1588383343663846,20,1815.85,1815.5,1099.0,2099.0,292.5,107.51614773607793,15073.159999999998,1099.0,1986.0,0.1588383343663846,20
2009-03-01,1907.6,1904.2,1506.0,2298.0,179.6,66.73622607646101,5079.823999999999,2014.0,1506.0,-0.045974492550782675,25,1907.6,1904.2,1506.0,2298.0,179.6,66.73622607646101,5079.823999999999,2014.0,1506.0,-0.045974492550782675,25,1907.6,1904.2,1506.0,2298.0,179.6,66.73622607646101,5079.823999999999,2014.0,1506.0,-0.045974492550782675,25
2009-04-01,1671.1125000000002,1675.0,1463.0,1897.0,110.0,40.86944240442153,2328.841875,1486.0,1806.0,0.04557841046066549,18,1671.1125000000002,1675.0,1463.0,1897.0,110.0,40.86944240442153,2328.841875,1486.0,1806.0,0.04557841046066549,18,1671.1125000000002,1675.0,1463.0,1897.0,110.0,40.86944240442153,2328.841875,1486.0,1806.0,0.04557841046066549,18
2009-05-01,2586.3,2589.375,1897.0,3494.0,344.75,127.05471857083829,18623.489999999998,1897.0,3494.0,0.14318697957393867,18,2586.3,2589.375,1897.0,3494.0,344.75,127.05471857083829,18623.489999999998,1897.0,3494.0,0.14318697957393867,18,2582.35,2589.375,1897.0,3494.0,325.0,120.1968010394633,17980.43,1897.0,3494.0,0.1356054056775855,18
2009-06-01,3801.2,3824.4,3452.0,4291.0,335.4,123.70589742630281,18024.256,3681.0,3520.0,-0.00782935607720017,25,3801.2,3824.4,3452.0,4291.0,335.4,123.70589742630281,18024.256,3681.0,3520.0,-0.00782935607720017,25,3801.2,3824.4,3452.0,4291.0,335.4,123.70589742630281,18024.256,3681.0,3520.0,-0.00782935607720017,25
2009-07-01,3319.45,3320.75,2975.0,3542.0,318.0,119.64279044830499,18990.68,3375.0,3350.0,0.0027556103243018644,20,3319.45,3320.75,2975.0,3542.0,318.0,119.64279044830499,18990.68,3375.0,3350.0,0.0027556103243018644,20,3319.45,3320.75,2975.0,3542.0,318.0,119.64279044830499,18990.68,3375.0,3350.0,0.0027556103243018644,20
2009-08-01,2630.9700000000003,2637.9,2388.0,3251.0,196.8,70.7733859351156,8928.8495,3251.0,2415.0,-0.04881753187129725,24,2630.9700000000003,2637.9,2388.0,3251.0,196.8,70.7733859351156,8928.8495,3251.0,2415.0,-0.04881753187129725,24,2630.9700000000003,2637.9,2388.0,3251.0,196.8,70.7733859351156,8928.8495,3251.0,2415.0,-0.04881753187129725,24
2009-09-01,2335.35,2321.5,2163.0,2492.0,121.0,44.711918504141735,2298.6800000000003,2429.0,2357.0,-0.0013193740354011142,20,2335.35,2321.5,2163.0,2492.0,121.0,44.711918504141735,2298.6800000000003,2429.0,2357.0,-0.0013193740354011142,20,2335.35,2321.5,2163.0,2492.0,121.0,44.711918504141735,2298.6800000000003,2429.0,2357.0,-0.0013193740354011142,20
2009-10-01,2788.2,2791.0,2362.0,3103.0,214.5,78.05712317592555,7404.42,2362.0,3103.0,0.06809466485263105,20,2788.2,2791.0,2362.0,3103.0,214.5,78.05712317592555,7404.42,2362.0,3103.0,0.06809466485263105,20,2788.2,2791.0,2362.0,3103.0,214.5,78.05712317592555,7404.42,2362.0,3103.0,0.06809466485263105,20
2009-11-01,3947.0,3940.4,3185.0,4661.0,400.0,145.57188794398684,24079.856,3185.0,4107.0,0.053944310144879916,25,3947.0,3940.4,3185.0,4661.0,400.0,145.57188794398684,24079.856,3185.0,4107.0,0.053944310144879916,25,3947.0,3940.4,3185.0,4661.0,400.0,145.57188794398684,24079.856,3185.0,4107.0,0.053944310144879916,25
2009-12-01,3429.4166666666665,3436.0,3005.0,4036.0,292.6666666666667,107.29513464548462,13352.569166666668,4036.0,3005.0,-0.07917544801269834,14,3429.4166666666665,3436.0,3005.0,4036.0,292.6666666666667,107.29513464548462,13352.569166666668,4036.0,3005.0,-0.07917544801269834,14,3429.4166666666665,3436.0,3005.0,4036.0,292.6666666666667,107.29513464548462,13352.569166666668,4036.0,3005.0,-0.07917544801269834,14
2010-01-01,3168.35,3161.5,2848.0,3299.0,198.25,77.19732374796769,7495.579999999999,3140.0,2848.0,-0.02400046621073915,20,3168.35,3161.5,2848.0,3299.0,198.25,77.19732374796769,7495.579999999999,3140.0,2848.0,-0.02400046621073915,20,3168.35,3161.5,2848.0,3299.0,198.25,77.19732374796769,7495.579999999999,3140.0,2848.0,-0.02400046621073915,20
2010-02-01,2677.8500000000004,2675.75,2566.0,2745.0,100.5,39.512544436499056,2045.2799999999997,2745.0,2738.0,-0.0006194640380613055,20,2677.8500000000004,2675.75,2566.0,2745.0,100.5,39.512544436499056,2045.2799999999997,2745.0,2738.0,-0.0006194640380613055,20,2677.8500000000004,2675.75,2566.0,2745.0,100.5,39.512544436499056,2045.2799999999997,2745.0,2738.0,-0.0006194640380613055,20
2010-03-01,3189.5600000000004,3166.2,2760.0,3574.0,250.2,92.56960139364683,11777.984,2760.0,2991.0,0.022863076257647937,25,3192.6400000000003,3166.2,2760.0,3574.0,265.6,98.58636497308933,12118.016,2760.0,2991.0,0.017941491200690284,25,3189.5600000000004,3166.2,2760.0,3574.0,250.2,92.56960139364683,11777.984,2760.0,2991.0,0.022863076257647937,25
2010-04-01,3040.5875,3058.875,2911.0,3359.0,130.0,49.986438756808184,4755.656875000001,2981.0,3354.0,0.03127863005378931,19,3040.5875,3058.875,2911.0,3359.0,130.0,49.986438756808184,4755.656875000001,2981.0,3354.0,0.03127863005378931,19,3040.5875,3058.875,2911.0,3359.0,130.0,49.986438756808184,4755.656875000001,2981.0,3354.0,0.03127863005378931,19
2010-05-01,3849.59,3859.7,3352.0,4209.0,218.6,82.00476151212354,7177.5935,3352.0,3844.0,0.0188307043086895,23,3849.59,3859.7,3352.0,4209.0,218.6,82.00476151212354,7177.5935,3352.0,3844.0,0.0188307043086895,23,3849.59,3859.7,3352.0,4209.0,218.6,82.00476151212354,7177.5935,3352.0,3844.0,0.0188307043086895,23
2010-06-01,2833.75,2832.0,2280.0,3733.0,292.0,102.78111697192091,13027.580000000002,3733.0,2280.0,-0.09354807258003885,20,2838.3,2832.0,2280.0,3733.0,292.0,101.28755509373237,12590.780000000002,3733.0,2280.0,-0.09354807258003885,20,2833.75,2832.0,2280.0,3733.0,292.0,102.78111697192091,13027.580000000002,3733.0,2280.0,-0.09354807258003885,20
2010-07-01,1869.1499999999999,1855.0,1700.0,2216.0,168.5,62.35476698131482,4933.740000000001,2216.0,1967.0,-0.021050140061768856,20,1869.1499999999999,1855.0,1700.0,2216.0,168.5,62.35476698131482,4933.740000000001,2216.0,1967.0,-0.021050140061768856,20,1869.1499999999999,1855.0,1700.0,2216.0,168.5,62.35476698131482,4933.740000000001,2216.0,1967.0,-0.021050140061768856,20
2010-08-01,2492.8900000000003,2494.8,1957.0,2876.0,203.2,78.14740949933987,7475.0935,1977.0,2876.0,0.06333098854902706,24,2492.8900000000003,2494.8,1957.0,2876.0,203.2,78.14740949933987,7475.0935,1977.0,2876.0,0.06333098854902706,24,2492.8900000000003,2494.8,1957.0,2876.0,203.2,78.14740949933987,7475.0935,1977.0,2876.0,0.06333098854902706,24
2010-09-01,2691.4000000000005,2688.25,2444.0,2995.0,164.0,62.33163701733562,5084.9800000000005,2881.0,2452.0,-0.03271102042150481,20,2691.4000000000005,2688.25,2444.0,2995.0,164.0,62.33163701733562,5084.9800000000005,2881.0,2452.0,-0.03271102042150481,20,2691.4000000000005,2688.25,2444.0,2995.0,164.0,62.33163701733562,5084.9800000000005,2881.0,2452.0,-0.03271102042150481,20
2010-10-01,2705.3999999999996,2716.0,2478.0,2784.0,108.5,39.793645901052145,2155.14,2478.0,2678.0,0.01920986461401619,20,2705.3999999999996,2716.0,2478.0,2784.0,108.5,39.793645901052145,2155.14,2478.0,2678.0,0.01920986461401619,20,2705.3999999999996,2716.0,2478.0,2784.0,108.5,39.793645901052145,2155.14,2478.0,2678.0,0.01920986461401619,20
2010-11-01,2298.6400000000003,2303.2,2096.0,2648.0,108.6,40.92589930153643,2015.8400000000001,2648.0,2168.0,-0.033231868188871035,25,2298.6400000000003,2303.2,2096.0,2648.0,108.6,40.92589930153643,2015.8400000000001,2648.0,2168.0,-0.033231868188871035,25,2298.6400000000003,2303.2,2096.0,2648.0,108.6,40.92589930153643,2015.8400000000001,2648.0,2168.0,-0.033231868188871035,25
2010-12-01,2010.6666666666667,2007.0,1773.0,2179.0,114.33333333333333,42.336906026457434,2072.0533333333333,2179.0,1773.0,-0.05624499380203959,15,2010.6666666666667,2007.0,1773.0,2179.0,114.33333333333333,42.336906026457434,2072.0533333333333,2179.0,1773.0,-0.05624499380203959,15,2010.6666666666667,2007.0,1773.0,2179.0,114.33333333333333,42.336906026457434,2072.0533333333333,2179.0,1773.0,-0.05624499380203959,15
2011-01-01,1354.65,1348.9,1043.0,1693.0,114.2,42.62172673751139,2361.3455000000004,1693.0,1043.0,-0.08012900957791556,24,1354.65,1348.9,1043.0,1693.0,114.2,42.62172673751139,2361.3455000000004,1693.0,1043.0,-0.08012900957791556,24,1354.65,1348.9,1043.0,1693.0,114.2,42.62172673751139,2361.3455000000004,1693.0,1043.0,-0.08012900957791556,24
2011-02-01,1229.6,1224.25,1045.0,1346.0,94.0,34.99588866244261,1320.84,1045.0,1346.0,0.06084368497930186,20,1229.6,1224.25,1045.0,1346.0,94.0,34.99588866244261,1320.84,1045.0,1346.0,0.06084368497930186,20,1229.6,1224.25,1045.0,1346.0,94.0,34.99588866244261,1320.84,1045.0,1346.0,0.06084368497930186,20
2011-03-01,1532.2999999999997,1530.0,1382.0,1585.0,81.75,31.003454925786567,1433.52,1382.0,1520.0,0.026636847571114612,20,1532.2999999999997,1530.0,1382.0,1585.0,81.75,31.003454925786567,1433.52,1382.0,1520.0,0.026636847571114612,20,1532.2999999999997,1530.0,1382.0,1585.0,81.75,31.003454925786567,1433.52,1382.0,1520.0,0.026636847571114612,20
2011-04-01,1321.6208333333334,1319.875,1250.0,1498.0,58.5,21.167810890626207,640.3624305555555,1498.0,1269.0,-0.03399100610969151,17,1321.6208333333334,1319.875,1250.0,1498.0,58.5,21.167810890626207,640.3624305555555,1498.0,1269.0,-0.03399100610969151,17,1321.6208333333334,1319.875,1250.0,1498.0,58.5,21.167810890626207,640.3624305555555,1498.0,1269.0,-0.03399100610969151,17
2011-05-01,1372.35,1373.2,1271.0,1489.0,56.4,21.78889994689265,639.7295,1292.0,1489.0,0.026740049482438227,23,1372.35,1373.2,1271.0,1489.0,56.4,21.78889994689265,639.7295,1292.0,1489.0,0.026740049482438227,23,1372.35,1373.2,1271.0,1489.0,56.4,21.78889994689265,639.7295,1292.0,1489.0,0.026740049482438227,23
2011-06-01,1424.5,1420.5,1400.0,1484.0,34.25,12.64988177862485,202.58000000000004,1484.0,1422.0,-0.011580584768131133,20,1424.5,1420.5,1400.0,1484.0,34.25,12.64988177862485,202.58000000000004,1484.0,1422.0,-0.011580584768131133,20,1424.5,1420.5,1400.0,1484.0,34.25,12.64988177862485,202.58000000000004,1484.0,1422.0,-0.011580584768131133,20
2011-07-01,1362.7,1362.5,1264.0,1453.0,47.0,17.20619320636363,377.14,1419.0,1264.0,-0.02256075234993889,20,1362.7,1362.5,1264.0,1453.0,47.0,17.20619320636363,377.14,1419.0,1264.0,-0.02256075234993889,20,1362.7,1362.5,1264.0,1453.0,47.0,17.20619320636363,377.14,1419.0,1264.0,-0.02256075234993889,20
2011-08-01,1423.1799999999998,1422.3,1253.0,1740.0,98.2,35.39316799816844,1942.298,1256.0,1740.0,0.05928724576884631,24,1423.1799999999998,1422.3,1253.0,1740.0,98.2,35.39316799816844,1942.298,1256.0,1740.0,0.05928724576884631,24,1423.1799999999998,1422.3,1253.0,1740.0,98.2,35.39316799816844,1942.298,1256.0,1740.0,0.05928724576884631,24
2011-09-01,1853.35,1849.75,1744.0,1928.0,98.0,35.35256858795713,1534.94,1750.0,1899.0,0.022657638536928364,20,1853.35,1849.75,1744.0,1928.0,98.0,35.35256858795713,1534.94,1750.0,1899.0,0.022657638536928364,20,1853.35,1849.75,1744.0,1928.0,98.0,35.35256858795713,1534.94,1750.0,1899.0,0.022657638536928364,20
2011-10-01,2035.7599999999998,2038.4,1784.0,2173.0,121.0,44.844134901288065,2350.656,1886.0,1784.0,-0.005644150803329561,25,2036.08,2039.8,1784.0,2173.0,121.0,45.02921959625387,2354.624,1886.0,1784.0,-0.00490341006258882,25,2035.7599999999998,2038.4,1784.0,2173.0,121.0,44.844134901288065,2350.656,1886.0,1784.0,-0.005644150803329561,25
2011-11-01,1836.65,1840.5,1759.0,1898.0,71.25,27.805037141298442,796.9799999999999,1766.0,1866.0,0.019295575720647096,20,1836.65,1840.5,1759.0,1898.0,71.25,27.805037141298442,796.9799999999999,1766.0,1866.0,0.019295575720647096,20,1836.65,1840.5,1759.0,1898.0,71.25,27.805037141298442,796.9799999999999,1766.0,1866.0,0.019295575720647096,20
2011-12-01,1869.466666666667,1874.6666666666667,1738.0,1930.0,87.66666666666667,34.10808143703584,1448.4533333333331,1856.0,1738.0,-0.021395132694712826,15,1869.466666666667,1874.6666666666667,1738.0,1930.0,87.66666666666667,34.10808143703584,1448.4533333333331,1856.0,1738.0,-0.021395132694712826,15,1869.466666666667,1874.6666666666667,1738.0,1930.0,87.66666666666667,34.10808143703584,1448.4533333333331,1856.0,1738.0,-0.021395132694712826,15
2012-01-01,1010.9699999999999,1010.8,647.0,1624.0,170.6,63.33123773344329,5085.913500000001,1624.0,647.0,-0.14593447492040612,24,1012.05,1010.8,647.0,1624.0,165.2,62.002238104271235,4987.8495,1624.0,647.0,-0.1395135474531053,24,1010.9699999999999,1010.8,647.0,1624.0,170.6,63.33123773344329,5085.913500000001,1624.0,647.0,-0.14593447492040612,24
2012-02-01,716.4499999999999,715.25,648.0,771.0,34.75,12.719493474770022,218.88,648.0,771.0,0.036823586034012215,20,716.4499999999999,715.25,648.0,771.0,34.75,12.719493474770022,218.88,648.0,771.0,0.036823586034012215,20,716.4499999999999,715.25,648.0,771.0,34.75,12.719493474770022,218.88,648.0,771.0,0.036823586034012215,20
2012-03-01,868.1500000000001,867.75,782.0,934.0,32.5,12.038887205386281,152.94,782.0,934.0,0.0387571947846617,20,868.1500000000001,867.75,782.0,934.0,32.5,12.038887205386281,152.94,782.0,934.0,0.0387571947846617,20,868.1500000000001,867.75,782.0,934.0,32.5,12.038887205386281,152.94,782.0,934.0,0.0387571947846617,20
2012-04-01,1035.4299999999998,1035.9,926.0,1157.0,43.6,15.767759604477726,380.8855,934.0,1157.0,0.03952616900804833,23,1035.4299999999998,1035.9,926.0,1157.0,43.6,15.767759604477726,380.8855,934.0,1157.0,0.03952616900804833,23,1035.4299999999998,1035.9,926.0,1157.0,43.6,15.767759604477726,380.8855,934.0,1157.0,0.03952616900804833,23
2012-05-01,1083.7,1085.75,904.0,1165.0,63.25,23.37326144385981,829.4200000000001,1157.0,904.0,-0.05224200156905932,20,1083.7,1085.75,904.0,1165.0,63.25,23.37326144385981,829.4200000000001,1157.0,904.0,-0.05224200156905932,20,1083.7,1085.75,904.0,1165.0,63.25,23.37326144385981,829.4200000000001,1157.0,904.0,-0.05224200156905932,20
2012-06-01,932.9166666666666,934.75,872.0,1004.0,28.0,10.42210978623982,134.32222222222222,878.0,1004.0,0.028334676732718556,18,932.9166666666666,934.75,872.0,1004.0,28.0,10.42210978623982,134.32222222222222,878.0,1004.0,0.028334676732718556,18,932.4666666666667,932.5,872.0,1004.0,28.0,10.566686130191828,138.46222222222224,878.0,1004.0,0.028334676732718556,18
2012-07-01,1033.3200000000002,1036.6,852.0,1162.0,82.6,30.344975840573813,1050.672,1013.0,852.0,-0.023503736081335762,25,1033.3200000000002,1036.6,852.0,1162.0,82.6,30.344975840573813,1050.672,1013.0,852.0,-0.023503736081335762,25,1033.3200000000002,1036.6,852.0,1162.0,82.6,30.344975840573813,1050.672,1013.0,852.0,-0.023503736081335762,25
2012-08-01,743.2,742.25,703.0,843.0,37.0,13.928301888716662,278.82,843.0,703.0,-0.03959563584325475,20,743.2,742.25,703.0,843.0,37.0,13.928301888716662,278.82,843.0,703.0,-0.03959563584325475,20,743.2,742.25,703.0,843.0,37.0,13.928301888716662,278.82,843.0,703.0,-0.03959563584325475,20
2012-09-01,707.0500000000001,707.75,661.0,774.0,43.25,15.583674537612996,450.18,698.0,766.0,0.02802387745282016,20,707.0500000000001,707.75,661.0,774.0,43.25,15.583674537612996,450.18,698.0,766.0,0.02802387745282016,20,707.0500000000001,707.75,661.0,774.0,43.25,15.583674537612996,450.18,698.0,766.0,0.02802387745282016,20
2012-10-01,955.6800000000001,949.4,777.0,1109.0,70.4,26.700735459007813,756.336,777.0,986.0,0.040112306609957925,25,955.6800000000001,949.4,777.0,1109.0,70.4,26.700735459007813,756.336,777.0,986.0,0.040112306609957925,25,955.6800000000001,949.4,777.0,1109.0,70.4,26.700735459007813,756.336,777.0,986.0,0.040112306609957925,25
2012-11-01,1027.8000000000002,1030.25,916.0,1104.0,45.0,16.304484348181457,324.25999999999993,971.0,1086.0,0.01712306583937356,20,1027.8000000000002,1030.25,916.0,1104.0,45.0,16.304484348181457,324.25999999999993,971.0,1086.0,0.01712306583937356,20,1027.8000000000002,1030.25,916.0,1104.0,45.0,16.304484348181457,324.25999999999993,971.0,1086.0,0.01712306583937356,20
2012-12-01,799.7466666666667,793.4,698.0,1077.0,67.6,25.478354105685252,1151.223111111111,1077.0,706.0,-0.06821034302849154,19,799.7466666666667,793.4,698.0,1077.0,67.6,25.478354105685252,1151.223111111111,1077.0,706.0,-0.06821034302849154,19,799.7466666666667,793.4,698.0,1077.0,67.6,25.478354105685252,1151.223111111111,1077.0,706.0,-0.06821034302849154,19
2013-01-01,779.9499999999999,777.0,712.0,838.0,51.25,18.75563778198072,396.19999999999993,712.0,750.0,0.016269481814948653,20,779.9499999999999,777.0,712.0,838.0,51.25,18.75563778198072,396.19999999999993,712.0,750.0,0.016269481814948653,20,779.9499999999999,777.0,712.0,838.0,51.25,18.75563778198072,396.19999999999993,712.0,750.0,0.016269481814948653,20
2013-02-01,746.25,744.0,735.0,776.0,16.0,5.963159396076588,52.66,745.0,776.0,0.012113485680038864,20,746.25,744.0,735.0,776.0,16.0,5.963159396076588,52.66,745.0,776.0,0.012113485680038864,20,746.25,744.0,735.0,776.0,16.0,5.963159396076588,52.66,745.0,776.0,0.012113485680038864,20
2013-03-01,883.525,886.125,789.0,935.0,39.5,14.145966206408557,212.92249999999999,789.0,910.0,0.0331628964985503,19,883.525,886.125,789.0,935.0,39.5,14.145966206408557,212.92249999999999,789.0,910.0,0.0331628964985503,19,883.525,886.125,789.0,935.0,39.5,14.145966206408557,212.92249999999999,789.0,910.0,0.0331628964985503,19
2013-04-01,873.68,872.5,856.0,896.0,20.0,7.536943510943537,66.48400000000001,896.0,878.0,-0.0028554163577343304,24,873.68,872.5,856.0,896.0,20.0,7.536943510943537,66.48400000000001,896.0,878.0,-0.0028554163577343304,24,873.68,872.5,856.0,896.0,20.0,7.536943510943537,66.48400000000001,896.0,878.0,-0.0028554163577343304,24
2013-05-01,848.4749999999999,848.375,809.0,892.0,17.25,6.34516725493926,60.0375,889.0,809.0,-0.019158012215975954,18,848.4749999999999,848.375,809.0,892.0,17.25,6.34516725493926,60.0375,889.0,809.0,-0.019158012215975954,18,848.4749999999999,848.375,809.0,892.0,17.25,6.34516725493926,60.0375,889.0,809.0,-0.019158012215975954,18
2013-06-01,940.5,943.25,801.0,1171.0,76.75,27.751625998358797,974.9799999999999,806.0,1171.0,0.08116136309307341,20,940.5,943.25,801.0,1171.0,76.75,27.751625998358797,974.9799999999999,806.0,1171.0,0.08116136309307341,20,940.5,943.25,801.0,1171.0,76.75,27.751625998358797,974.9799999999999,806.0,1171.0,0.08116136309307341,20
2013-07-01,1118.52,1119.4,1062.0,1179.0,38.8,15.072050210449248,341.3759999999999,1179.0,1065.0,-0.02093074548708447,25,1118.52,1119.4,1062.0,1179.0,38.8,15.072050210449248,341.3759999999999,1179.0,1065.0,-0.02093074548708447,25,1118.52,1119.4,1062.0,1179.0,38.8,15.072050210449248,341.3759999999999,1179.0,1065.0,-0.02093074548708447,25
2013-08-01,1093.2375,1095.25,996.0,1169.0,62.5,24.014887216247516,702.466875,1058.0,1132.0,0.01643563302422777,19,1093.2375,1095.25,996.0,1169.0,62.5,24.014887216247516,702.466875,1058.0,1132.0,0.01643563302422777,19,1092.6875,1092.5,996.0,1169.0,62.5,23.894569844770025,698.286875,1058.0,1132.0,0.01643563302422777,19
2013-09-01,1736.9599999999998,1742.4,1139.0,2127.0,178.8,65.57097023027198,4652.271999999999,1139.0,2084.0,0.10768692450931297,25,1736.9599999999998,1742.4,1139.0,2127.0,178.8,65.57097023027198,4652.271999999999,1139.0,2084.0,0.10768692450931297,25,1736.9599999999998,1742.4,1139.0,2127.0,178.8,65.57097023027198,4652.271999999999,1139.0,2084.0,0.10768692450931297,25
2013-10-01,1835.25,1846.75,1484.0,2146.0,141.75,53.91314469255376,3323.92,2115.0,1525.0,-0.06508663219375656,20,1835.25,1846.75,1484.0,2146.0,141.75,53.91314469255376,3323.92,2115.0,1525.0,-0.06508663219375656,20,1835.25,1846.75,1484.0,2146.0,141.75,53.91314469255376,3323.92,2115.0,1525.0,-0.06508663219375656,20
2013-11-01,1560.5500000000002,1549.0,1483.0,1821.0,120.0,44.887117739552295,4255.92,1552.0,1821.0,0.04785415106681706,20,1560.5500000000002,1549.0,1483.0,1821.0,120.0,44.887117739552295,4255.92,1552.0,1821.0,0.04785415106681706,20,1560.5500000000002,1549.0,1483.0,1821.0,120.0,44.887117739552295,4255.92,1552.0,1821.0,0.04785415106681706,20
2013-12-01,2167.42,2167.5,1865.0,2337.0,146.0,57.9483004385135,4621.21,1865.0,2036.0,0.034871079657890686,19,2167.42,2167.5,1865.0,2337.0,146.0,57.9483004385135,4621.21,1865.0,2036.0,0.034871079657890686,19,2167.42,2167.5,1865.0,2337.0,146.0,57.9483004385135,4621.21,1865.0,2036.0,0.034871079657890686,19
2014-01-01,1412.2,1422.75,1110.0,1951.0,194.75,68.89835622646544,7413.38,1951.0,1110.0,-0.10543672975105958,20,1412.2,1422.75,1110.0,1951.0,194.75,68.89835622646544,7413.38,1951.0,1110.0,-0.10543672975105958,20,1412.2,1422.75,1110.0,1951.0,194.75,68.89835622646544,7413.38,1951.0,1110.0,-0.10543672975105958,20
2014-02-01,1139.85,1142.25,1084.0,1258.0,39.75,14.417555061631788,325.47999999999996,1093.0,1258.0,0.029666881452727785,20,1139.85,1142.25,1084.0,1258.0,39.75,14.417555061631788,325.47999999999996,1093.0,1258.0,0.029666881452727785,20,1139.85,1142.25,1084.0,1258.0,39.75,14.417555061631788,325.47999999999996,1093.0,1258.0,0.029666881452727785,20
2014-03-01,1447.84,1441.4,1205.0,1621.0,184.0,69.47311546241745,5226.816000000001,1276.0,1205.0,-0.004742369286379736,25,1447.84,1441.4,1205.0,1621.0,184.0,69.47311546241745,5226.816000000001,1276.0,1205.0,-0.004742369286379736,25,1447.84,1441.4,1205.0,1621.0,184.0,69.47311546241745,5226.816000000001,1276.0,1205.0,-0.004742369286379736,25
2014-04-01,990.0124999999999,983.5,930.0,1186.0,86.25,31.7488592674071,1397.7218750000002,1186.0,1017.0,-0.03167699208651741,18,990.0124999999999,983.5,930.0,1186.0,86.25,31.7488592674071,1397.7218750000002,1186.0,1017.0,-0.03167699208651741,18,987.5124999999999,980.5,930.0,1186.0,86.25,31.7132139078654,1395.7218750000002,1186.0,1017.0,-0.03167699208651741,18
2014-05-01,989.3125,988.5,934.0,1027.0,41.75,16.399129448816616,292.976875,1017.0,934.0,-0.018993130498429267,19,989.3125,988.5,934.0,1027.0,41.75,16.399129448816616,292.976875,1017.0,934.0,-0.018993130498429267,19,989.3125,988.5,934.0,1027.0,41.75,16.399129448816616,292.976875,1017.0,934.0,-0.018993130498429267,19
2014-06-01,908.4,909.6,824.0,1004.0,61.0,22.989637668404402,582.6719999999999,934.0,893.0,-0.003684474065187955,25,908.4,909.6,824.0,1004.0,61.0,22.989637668404402,582.6719999999999,934.0,893.0,-0.003684474065187955,25,908.4,909.6,824.0,1004.0,61.0,22.989637668404402,582.6719999999999,934.0,893.0,-0.003684474065187955,25
2014-07-01,774.1,774.0,723.0,888.0,42.0,15.880470737231823,367.56,888.0,751.0,-0.033638677011230064,20,774.1,774.0,723.0,888.0,42.0,15.880470737231823,367.56,888.0,751.0,-0.033638677011230064,20,774.1,774.0,723.0,888.0,42.0,15.880470737231823,367.56,888.0,751.0,-0.033638677011230064,20
2014-08-01,954.5375,946.375,753.0,1147.0,96.75,36.368561746878115,2014.1618750000002,753.0,1147.0,0.1073866641671958,19,954.5375,946.375,753.0,1147.0,96.75,36.368561746878115,2014.1618750000002,753.0,1147.0,0.1073866641671958,19,954.5375,946.375,753.0,1147.0,96.75,36.368561746878115,2014.1618750000002,753.0,1147.0,0.1073866641671958,19
2014-09-01,1113.3200000000002,1114.0,1037.0,1197.0,41.4,15.552260161131397,363.568,1151.0,1037.0,-0.023349072355162342,25,1113.3200000000002,1114.0,1037.0,1197.0,41.4,15.552260161131397,363.568,1151.0,1037.0,-0.023349072355162342,25,1113.3200000000002,1114.0,1037.0,1197.0,41.4,15.552260161131397,363.568,1151.0,1037.0,-0.023349072355162342,25
2014-10-01,1109.45,1123.75,930.0,1428.0,113.0,40.9612265490446,2353.84,1029.0,1428.0,0.06543475147508324,20,1109.45,1123.75,930.0,1428.0,113.0,40.9612265490446,2353.84,1029.0,1428.0,0.06543475147508324,20,1109.45,1123.75,930.0,1428.0,113.0,40.9612265490446,2353.84,1029.0,1428.0,0.06543475147508324,20
2014-11-01,1332.15,1332.0,1153.0,1484.0,110.5,42.359406256593125,2260.96,1456.0,1153.0,-0.051087987199096206,20,1332.15,1332.0,1153.0,1484.0,110.5,42.359406256593125,2260.96,1456.0,1153.0,-0.051087987199096206,20,1332.15,1332.0,1153.0,1484.0,110.5,42.359406256593125,2260.96,1456.0,1153.0,-0.051087987199096206,20
2014-12-01,872.1600000000001,875.2,771.0,1137.0,59.6,22.14781268030233,944.1119999999999,1137.0,771.0,-0.05892570916937229,19,872.1600000000001,875.2,771.0,1137.0,59.6,22.14781268030233,944.1119999999999,1137.0,771.0,-0.05892570916937229,19,872.1600000000001,875.2,771.0,1137.0,59.6,22.14781268030233,944.1119999999999,1137.0,771.0,-0.05892570916937229,19
2015-01-01,722.9,727.5,608.0,770.0,59.0,21.334475510309595,523.12,761.0,608.0,-0.05107010807333737,20,722.9,727.5,608.0,770.0,59.0,21.334475510309595,523.12,761.0,608.0,-0.05107010807333737,20,722.9,727.5,608.0,770.0,59.0,21.334475510309595,523.12,761.0,608.0,-0.05107010807333737,20
2015-02-01,539.7666666666667,540.5,509.0,590.0,24.5,9.15171388803288,88.75555555555556,590.0,540.0,-0.016520096769933018,18,539.7666666666667,540.5,509.0,590.0,24.5,9.15171388803288,88.75555555555556,590.0,540.0,-0.016520096769933018,18,539.7666666666667,540.5,509.0,590.0,24.5,9.15171388803288,88.75555555555556,590.0,540.0,-0.016520096769933018,18
2015-03-01,578.05,577.9,548.0,602.0,14.0,5.2267888248384935,36.0135,548.0,588.0,0.010666784284246214,24,578.05,577.9,548.0,602.0,14.0,5.2267888248384935,36.0135,548.0,588.0,0.010666784284246214,24,578.05,577.9,548.0,602.0,14.0,5.2267888248384935,36.0135,548.0,588.0,0.010666784284246214,24
2015-04-01,590.5374999999999,590.25,578.0,601.0,9.75,3.68821338636151,20.421875,583.0,587.0,0.0023509974145989538,19,590.5374999999999,590.25,578.0,601.0,9.75,3.68821338636151,20.421875,583.0,587.0,0.0023509974145989538,19,590.5374999999999,590.25,578.0,601.0,9.75,3.68821338636151,20.421875,583.0,587.0,0.0023509974145989538,19
2015-05-01,595.925,600.5,573.0,637.0,28.75,11.644217939020976,233.38749999999996,580.0,589.0,0.006315339889232155,18,596.225,600.5,573.0,637.0,27.25,11.295376733646107,222.34749999999997,580.0,589.0,0.008696292270184536,18,595.925,600.5,573.0,637.0,28.75,11.644217939020976,233.38749999999996,580.0,589.0,0.006315339889232155,18
2015-06-01,710.8799999999999,712.8,589.0,829.0,49.0,19.36486293932539,616.4480000000001,589.0,805.0,0.06445104766739727,25,710.8799999999999,712.8,589.0,829.0,49.0,19.36486293932539,616.4480000000001,589.0,805.0,0.06445104766739727,25,710.8799999999999,712.8,589.0,829.0,49.0,19.36486293932539,616.4480000000001,589.0,805.0,0.06445104766739727,25
2015-07-01,1002.0,998.25,815.0,1131.0,74.75,27.329885263705208,1027.5,815.0,1131.0,0.07306467417826135,20,1002.0,998.25,815.0,1131.0,74.75,27.329885263705208,1027.5,815.0,1131.0,0.07306467417826135,20,1002.0,998.25,815.0,1131.0,74.75,27.329885263705208,1027.5,815.0,1131.0,0.07306467417826135,20
2015-08-01,1031.59,1028.1,875.0,1222.0,78.4,29.147739931649987,1094.5774999999999,1151.0,875.0,-0.049526927238610206,24,1031.59,1028.1,875.0,1222.0,78.4,29.147739931649987,1094.5774999999999,1151.0,875.0,-0.049526927238610206,24,1031.59,1028.1,875.0,1222.0,78.4,29.147739931649987,1094.5774999999999,1151.0,875.0,-0.049526927238610206,24
2015-09-01,887.25,873.0,802.0,978.0,83.0,32.14915498250411,1316.6,876.0,889.0,0.00832129155601449,20,887.45,874.0,802.0,978.0,83.0,32.027255572634196,1301.7199999999998,876.0,889.0,0.00832129155601449,20,887.25,873.0,802.0,978.0,83.0,32.14915498250411,1316.6,876.0,889.0,0.00832129155601449,20
2015-10-01,783.4499999999999,784.5,721.0,881.0,51.0,19.02852735754199,400.15999999999997,881.0,721.0,-0.040907944214387856,20,783.4499999999999,784.5,721.0,881.0,51.0,19.02852735754199,400.15999999999997,881.0,721.0,-0.040907944214387856,20,783.4499999999999,784.5,721.0,881.0,51.0,19.02852735754199,400.15999999999997,881.0,721.0,-0.040907944214387856,20
2015-11-01,582.0799999999999,581.0,498.0,706.0,59.0,21.597880246751224,495.0879999999999,706.0,563.0,-0.04380958316032308,25,583.0,585.6,498.0,706.0,59.0,21.711276145987362,501.34400000000005,706.0,563.0,-0.04380958316032308,25,582.0799999999999,581.0,498.0,706.0,59.0,21.597880246751224,495.0879999999999,706.0,563.0,-0.04380958316032308,25
2015-12-01,499.75,499.8333333333333,471.0,551.0,23.333333333333332,8.937941284451329,106.50249999999998,551.0,478.0,-0.037885066998204174,14,499.75,499.8333333333333,471.0,551.0,23.333333333333332,8.937941284451329,106.50249999999998,551.0,478.0,-0.037885066998204174,14,499.75,499.8333333333333,471.0,551.0,23.333333333333332,8.937941284451329,106.50249999999998,551.0,478.0,-0.037885066998204174,14
2016-01-01,386.29999999999995,389.0,317.0,473.0,34.5,12.55825871177187,175.51999999999998,473.0,317.0,-0.0848495639016066,20,386.29999999999995,389.0,317.0,473.0,34.5,12.55825871177187,175.51999999999998,473.0,317.0,-0.0848495639016066,20,386.29999999999995,389.0,317.0,473.0,34.5,12.55825871177187,175.51999999999998,473.0,317.0,-0.0848495639016066,20
2016-02-01,312.12,311.6,290.0,349.0,14.2,5.308573751475824,34.016,314.0,349.0,0.020486188870582615,25,312.12,311.6,290.0,349.0,14.2,5.308573751475824,34.016,314.0,349.0,0.020486188870582615,25,312.12,311.6,290.0,349.0,14.2,5.308573751475824,34.016,314.0,349.0,0.020486188870582615,25
2016-03-01,398.4125,397.5,354.0,450.0,21.75,8.259710735402948,104.93437499999999,354.0,450.0,0.05536981438858874,18,398.4125,397.5,354.0,450.0,21.75,8.259710735402948,104.93437499999999,354.0,450.0,0.05536981438858874,18,398.4125,397.5,354.0,450.0,21.75,8.259710735402948,104.93437499999999,354.0,450.0,0.05536981438858874,18
2016-04-01,615.35,610.25,471.0,715.0,50.5,17.808640050072647,402.0,471.0,703.0,0.08784111667327847,20,615.35,610.25,471.0,715.0,50.5,17.808640050072647,402.0,471.0,703.0,0.08784111667327847,20,615.35,610.25,471.0,715.0,50.5,17.808640050072647,402.0,471.0,703.0,0.08784111667327847,20
2016-05-01,619.51,618.4,579.0,682.0,29.4,11.06164110454147,152.48549999999997,682.0,610.0,-0.02265847117673919,23,619.51,618.4,579.0,682.0,29.4,11.06164110454147,152.48549999999997,682.0,610.0,-0.02265847117673919,23,619.51,618.4,579.0,682.0,29.4,11.06164110454147,152.48549999999997,682.0,610.0,-0.02265847117673919,23
2016-06-01,611.1,609.75,580.0,677.0,29.25,10.726418094350755,168.24,607.0,677.0,0.028558817807944892,20,611.1,609.75,580.0,677.0,29.25,10.726418094350755,168.24,607.0,677.0,0.028558817807944892,20,611.1,609.75,580.0,677.0,29.25,10.726418094350755,168.24,607.0,677.0,0.028558817807944892,20
2016-07-01,708.95,708.75,656.0,748.0,34.75,12.940853107340768,195.01999999999998,688.0,656.0,-0.008704790852601502,20,708.95,708.75,656.0,748.0,34.75,12.940853107340768,195.01999999999998,688.0,656.0,-0.008704790852601502,20,708.95,708.75,656.0,748.0,34.75,12.940853107340768,195.01999999999998,688.0,656.0,-0.008704790852601502,20
2016-08-01,678.02,676.3,631.0,720.0,20.4,7.788608315228048,87.186,650.0,720.0,0.018291556811130157,24,678.02,676.3,631.0,720.0,20.4,7.788608315228048,87.186,650.0,720.0,0.018291556811130157,24,678.02,676.3,631.0,720.0,20.4,7.788608315228048,87.186,650.0,720.0,0.018291556811130157,24
2016-09-01,838.95,846.0,724.0,941.0,73.0,28.329965700560287,866.26,724.0,875.0,0.04198775860828156,20,838.95,846.0,724.0,941.0,73.0,28.329965700560287,866.26,724.0,875.0,0.04198775860828156,20,838.95,846.0,724.0,941.0,73.0,28.329965700560287,866.26,724.0,875.0,0.04198775860828156,20
2016-10-01,864.5600000000001,861.8,798.0,922.0,41.8,17.292904189884744,334.384,864.0,855.0,-0.004690980162891475,25,864.5600000000001,861.8,798.0,922.0,41.8,17.292904189884744,334.384,864.0,855.0,-0.004690980162891475,25,864.5600000000001,861.8,798.0,922.0,41.8,17.292904189884744,334.384,864.0,855.0,-0.004690980162891475,25
2016-11-01,1129.8999999999999,1130.25,870.0,1257.0,111.5,41.142456885925164,2476.8,870.0,1198.0,0.08641869864780885,20,1129.8999999999999,1130.25,870.0,1257.0,111.5,41.142456885925164,2476.8,870.0,1198.0,0.08641869864780885,20,1129.8999999999999,1130.25,870.0,1257.0,111.5,41.142456885925164,2476.8,870.0,1198.0,0.08641869864780885,20
2016-12-01,1029.8666666666668,1030.6666666666667,914.0,1196.0,92.0,34.36124079339814,1363.8933333333332,1196.0,961.0,-0.055670704292933824,15,1029.8666666666668,1030.6666666666667,914.0,1196.0,92.0,34.36124079339814,1363.8933333333332,1196.0,961.0,-0.055670704292933824,15,1029.8,1030.3333333333333,914.0,1196.0,92.0,34.38068753691294,1364.5066666666664,1196.0,961.0,-0.05529753026336104,15
2017-01-01,893.0,889.8,752.0,983.0,53.6,19.528280083573133,438.68799999999993,953.0,752.0,-0.04084401583004852,24,893.0,889.8,752.0,983.0,53.6,19.528280083573133,438.68799999999993,953.0,752.0,-0.04084401583004852,24,893.0,889.8,752.0,983.0,53.6,19.528280083573133,438.68799999999993,953.0,752.0,-0.04084401583004852,24
2017-02-01,779.75,769.75,685.0,939.0,71.75,26.758011832399696,858.96,735.0,939.0,0.06437286854430387,20,779.75,769.75,685.0,939.0,71.75,26.758011832399696,858.96,735.0,939.0,0.06437286854430387,20,779.75,769.75,685.0,939.0,71.75,26.758011832399696,858.96,735.0,939.0,0.06437286854430387,20
2017-03-01,1176.9,1179.0,979.0,1338.0,77.5,27.85497593079411,845.58,979.0,1297.0,0.0595758416925025,20,1176.9,1179.0,979.0,1338.0,77.5,27.85497593079411,845.58,979.0,1297.0,0.0595758416925025,20,1176.9,1179.0,979.0,1338.0,77.5,27.85497593079411,845.58,979.0,1297.0,0.0595758416925025,20
2017-04-01,1225.6625,1225.625,1109.0,1296.0,73.0,27.041222410957097,774.3093749999999,1282.0,1109.0,-0.03046573716888478,18,1225.6625,1225.625,1109.0,1296.0,73.0,27.041222410957097,774.3093749999999,1282.0,1109.0,-0.03046573716888478,18,1225.6625,1225.625,1109.0,1296.0,73.0,27.041222410957097,774.3093749999999,1282.0,1109.0,-0.03046573716888478,18
2017-05-01,960.2700000000001,956.8,830.0,1073.0,48.4,18.743484297998172,435.71549999999996,1073.0,830.0,-0.044134129553686584,23,960.2700000000001,956.8,830.0,1073.0,48.4,18.743484297998172,435.71549999999996,1073.0,830.0,-0.044134129553686584,23,960.2700000000001,956.8,830.0,1073.0,48.4,18.743484297998172,435.71549999999996,1073.0,830.0,-0.044134129553686584,23
2017-06-01,862.2500000000001,859.25,818.0,929.0,30.25,11.05571269824427,131.0,821.0,901.0,0.014359958825480228,20,862.2500000000001,859.25,818.0,929.0,30.25,11.05571269824427,131.0,821.0,901.0,0.014359958825480228,20,862.2500000000001,859.25,818.0,929.0,30.25,11.05571269824427,131.0,821.0,901.0,0.014359958825480228,20
2017-07-01,921.6,923.0,820.0,1032.0,67.6,25.869609076143064,697.36,882.0,1032.0,0.02933579230163693,25,921.6,923.0,820.0,1032.0,67.6,25.869609076143064,697.36,882.0,1032.0,0.02933579230163693,25,921.6,923.0,820.0,1032.0,67.6,25.869609076143064,697.36,882.0,1032.0,0.02933579230163693,25
2017-08-01,1173.8374999999999,1165.625,1036.0,1266.0,73.75,28.543295187969935,984.611875,1036.0,1183.0,0.031928972193831374,19,1173.8374999999999,1165.625,1036.0,1266.0,73.75,28.543295187969935,984.611875,1036.0,1183.0,0.031928972193831374,19,1173.8374999999999,1165.625,1036.0,1266.0,73.75,28.543295187969935,984.611875,1036.0,1183.0,0.031928972193831374,19
2017-09-01,1372.55,1370.75,1187.0,1503.0,111.0,40.07638813916981,1832.3000000000002,1187.0,1356.0,0.03022112907414847,20,1372.55,1370.75,1187.0,1503.0,111.0,40.07638813916981,1832.3000000000002,1187.0,1356.0,0.03022112907414847,20,1372.55,1370.75,1187.0,1503.0,111.0,40.07638813916981,1832.3000000000002,1187.0,1356.0,0.03022112907414847,20
2017-10-01,1484.28,1479.2,1308.0,1588.0,66.0,25.142283264488395,684.288,1328.0,1476.0,0.016701921637068656,25,1484.28,1479.2,1308.0,1588.0,66.0,25.142283264488395,684.288,1328.0,1476.0,0.016701921637068656,25,1484.28,1479.2,1308.0,1588.0,66.0,25.142283264488395,684.288,1328.0,1476.0,0.016701921637068656,25
2017-11-01,1457.85,1450.0,1361.0,1626.0,82.0,29.69948428888955,1138.6,1473.0,1626.0,0.02406667285530316,20,1457.85,1450.0,1361.0,1626.0,82.0,29.69948428888955,1138.6,1473.0,1626.0,0.02406667285530316,20,1457.85,1450.0,1361.0,1626.0,82.0,29.69948428888955,1138.6,1473.0,1626.0,0.02406667285530316,20
2017-12-01,1618.2,1624.3333333333333,1366.0,1743.0,128.66666666666666,46.93154614003288,2913.4133333333334,1662.0,1366.0,-0.05942242996712834,15,1618.2,1624.3333333333333,1366.0,1743.0,128.66666666666666,46.93154614003288,2913.4133333333334,1662.0,1366.0,-0.05942242996712834,15,1618.2,1624.3333333333333,1366.0,1743.0,128.66666666666666,46.93154614003288,2913.4133333333334,1662.0,1366.0,-0.05942242996712834,15
2018-01-01,1233.3600000000001,1236.7,1095.0,1395.0,121.0,47.19829532840944,2281.036,1230.0,1095.0,-0.01803500100756564,24,1233.3600000000001,1236.7,1095.0,1395.0,121.0,47.19829532840944,2281.036,1230.0,1095.0,-0.01803500100756564,24,1233.3600000000001,1236.7,1095.0,1395.0,121.0,47.19829532840944,2281.036,1230.0,1095.0,-0.01803500100756564,24
2018-02-01,1134.3,1132.5,1082.0,1207.0,49.75,17.710548114341393,424.09999999999997,1082.0,1207.0,0.027150824163228008,20,1134.3,1132.5,1082.0,1207.0,49.75,17.710548114341393,424.09999999999997,1082.0,1207.0,0.027150824163228008,20,1134.3,1132.5,1082.0,1207.0,49.75,17.710548114341393,424.09999999999997,1082.0,1207.0,0.027150824163228008,20
2018-03-01,1146.525,1147.625,1055.0,1212.0,40.0,15.383887467429549,313.8525,1210.0,1055.0,-0.030981101227048932,19,1146.525,1147.625,1055.0,1212.0,40.0,15.383887467429549,313.8525,1210.0,1055.0,-0.030981101227048932,19,1146.525,1147.625,1055.0,1212.0,40.0,15.383887467429549,313.8525,1210.0,1055.0,-0.030981101227048932,19
2018-04-01,1159.38,1155.0,948.0,1384.0,102.6,38.227150464505854,2263.906,1016.0,1384.0,0.06442639198331367,24,1159.38,1155.0,948.0,1384.0,102.6,38.227150464505854,2263.906,1016.0,1384.0,0.06442639198331367,24,1159.38,1155.0,948.0,1384.0,102.6,38.227150464505854,2263.906,1016.0,1384.0,0.06442639198331367,24
2018-05-01,1270.9875,1274.375,1042.0,1476.0,129.75,50.17496710647133,3121.099375,1432.0,1156.0,-0.03667255354748494,18,1270.9875,1274.375,1042.0,1476.0,129.75,50.17496710647133,3121.099375,1432.0,1156.0,-0.03667255354748494,18,1270.9875,1274.375,1042.0,1476.0,129.75,50.17496710647133,3121.099375,1432.0,1156.0,-0.03667255354748494,18
2018-06-01,1361.3999999999999,1361.5,1193.0,1445.0,109.25,42.254284093822505,2300.9,1193.0,1385.0,0.04418829050831899,20,1361.3999999999999,1361.5,1193.0,1445.0,109.25,42.254284093822505,2300.9,1193.0,1385.0,0.04418829050831899,20,1361.3999999999999,1361.5,1193.0,1445.0,109.25,42.254284093822505,2300.9,1193.0,1385.0,0.04418829050831899,20
2018-07-01,1663.36,1667.8,1422.0,1774.0,108.6,39.73494884208414,2002.4,1422.0,1773.0,0.03783795723004378,25,1663.36,1667.8,1422.0,1774.0,108.6,39.73494884208414,2002.4,1422.0,1773.0,0.03783795723004378,25,1663.36,1667.8,1422.0,1774.0,108.6,39.73494884208414,2002.4,1422.0,1773.0,0.03783795723004378,25
2018-08-01,1698.725,1697.875,1579.0,1773.0,61.0,23.295569535099126,720.6324999999999,1773.0,1579.0,-0.029445019422208105,19,1698.725,1697.875,1579.0,1773.0,61.0,23.295569535099126,720.6324999999999,1773.0,1579.0,-0.029445019422208105,19,1698.725,1697.875,1579.0,1773.0,61.0,23.295569535099126,720.6324999999999,1773.0,1579.0,-0.029445019422208105,19
2018-09-01,1447.35,1444.25,1356.0,1557.0,89.75,33.534169918663224,1191.78,1557.0,1540.0,-0.0015293665328299164,20,1447.35,1444.25,1356.0,1557.0,89.75,33.534169918663224,1191.78,1557.0,1540.0,-0.0015293665328299164,20,1447.35,1444.25,1356.0,1557.0,89.75,33.534169918663224,1191.78,1557.0,1540.0,-0.0015293665328299164,20
2018-10-01,1538.2,1536.4,1457.0,1584.0,56.4,21.206194923943663,509.216,1555.0,1457.0,-0.013189741734652472,25,1538.2,1536.4,1457.0,1584.0,56.4,21.206194923943663,509.216,1555.0,1457.0,-0.013189741734652472,25,1538.2,1536.4,1457.0,1584.0,56.4,21.206194923943663,509.216,1555.0,1457.0,-0.013189741734652472,25
2018-11-01,1164.85,1158.5,1003.0,1428.0,152.25,56.96620257404767,4003.7,1428.0,1231.0,-0.05010109299115067,20,1164.85,1158.5,1003.0,1428.0,152.25,56.96620257404767,4003.7,1428.0,1231.0,-0.05010109299115067,20,1164.85,1158.5,1003.0,1428.0,152.25,56.96620257404767,4003.7,1428.0,1231.0,-0.05010109299115067,20
2018-12-01,1311.7733333333333,1315.4,1203.0,1406.0,73.2,27.514754503716127,1332.1724444444446,1203.0,1260.0,0.008909323776340482,19,1311.7733333333333,1315.4,1203.0,1406.0,73.2,27.514754503716127,1332.1724444444446,1203.0,1260.0,0.008909323776340482,19,1311.7733333333333,1315.4,1203.0,1406.0,73.2,27.514754503716127,1332.1724444444446,1203.0,1260.0,0.008909323776340482,19
2019-01-01,1011.4499999999999,1009.25,645.0,1262.0,144.75,52.94260424496562,3198.76,1247.0,645.0,-0.1268169183415206,20,1011.4499999999999,1009.25,645.0,1262.0,144.75,52.94260424496562,3198.76,1247.0,645.0,-0.1268169183415206,20,1011.4499999999999,1009.25,645.0,1262.0,144.75,52.94260424496562,3198.76,1247.0,645.0,-0.1268169183415206,20
2019-02-01,629.7,630.5,595.0,664.0,31.25,11.477605248372765,147.0,634.0,664.0,0.012572100577261922,20,629.7,630.5,595.0,664.0,31.25,11.477605248372765,147.0,634.0,664.0,0.012572100577261922,20,629.7,630.5,595.0,664.0,31.25,11.477605248372765,147.0,634.0,664.0,0.012572100577261922,20
2019-03-01,681.25,678.75,645.0,730.0,36.25,13.256988127754047,299.14,669.0,689.0,0.014722935101463495,20,681.25,678.75,645.0,730.0,36.25,13.256988127754047,299.14,669.0,689.0,0.014722935101463495,20,681.25,678.75,645.0,730.0,36.25,13.256988127754047,299.14,669.0,689.0,0.014722935101463495,20
2019-04-01,805.25,807.9,672.0,1032.0,59.6,22.059270943859296,645.7455,685.0,985.0,0.0573820703963556,23,805.25,807.9,672.0,1032.0,59.6,22.059270943859296,645.7455,685.0,985.0,0.0573820703963556,23,805.25,807.9,672.0,1032.0,59.6,22.059270943859296,645.7455,685.0,985.0,0.0573820703963556,23
2019-05-01,1038.1125,1036.125,936.0,1107.0,36.5,14.072280004134091,295.979375,936.0,1096.0,0.033216138280405386,18,1038.1125,1036.125,936.0,1107.0,36.5,14.072280004134091,295.979375,936.0,1096.0,0.033216138280405386,18,1038.1125,1036.125,936.0,1107.0,36.5,14.072280004134091,295.979375,936.0,1096.0,0.033216138280405386,18
2019-06-01,1174.4,1179.75,1062.0,1354.0,85.75,30.53781157818335,1120.96,1103.0,1354.0,0.05151625032562447,20,1174.4,1179.75,1062.0,1354.0,85.75,30.53781157818335,1120.96,1103.0,1354.0,0.05151625032562447,20,1174.4,1179.75,1062.0,1354.0,85.75,30.53781157818335,1120.96,1103.0,1354.0,0.05151625032562447,20
2019-07-01,1864.1600000000003,1854.4,1381.0,2191.0,225.8,86.34560608861823,8650.351999999999,1381.0,1788.0,0.05619736068251323,25,1864.1600000000003,1854.4,1381.0,2191.0,225.8,86.34560608861823,8650.351999999999,1381.0,1788.0,0.05619736068251323,25,1864.1600000000003,1854.4,1381.0,2191.0,225.8,86.34560608861823,8650.351999999999,1381.0,1788.0,0.05619736068251323,25
2019-08-01,2015.1374999999998,2005.75,1712.0,2378.0,162.5,59.92479997342551,4797.601875,1774.0,2378.0,0.0714418728219096,19,2015.1374999999998,2005.75,1712.0,2378.0,162.5,59.92479997342551,4797.601875,1774.0,2378.0,0.0714418728219096,19,2015.1374999999998,2005.75,1712.0,2378.0,162.5,59.92479997342551,4797.601875,1774.0,2378.0,0.0714418728219096,19
2019-09-01,2179.4,2197.4,1757.0,2518.0,138.2,51.415514458341065,3387.808,2442.0,1767.0,-0.05298083340244427,25,2179.4,2197.4,1757.0,2518.0,138.2,51.415514458341065,3387.808,2442.0,1767.0,-0.05298083340244427,25,2179.4,2197.4,1757.0,2518.0,138.2,51.415514458341065,3387.808,2442.0,1767.0,-0.05298083340244427,25
2019-10-01,1827.8000000000002,1838.25,1697.0,1929.0,98.25,38.310915685081696,1748.88,1770.0,1697.0,-0.006999861625536032,20,1827.8000000000002,1838.25,1697.0,1929.0,98.25,38.310915685081696,1748.88,1770.0,1697.0,-0.006999861625536032,20,1827.8000000000002,1838.25,1697.0,1929.0,98.25,38.310915685081696,1748.88,1770.0,1697.0,-0.006999861625536032,20
2019-11-01,1405.4,1403.5,1255.0,1675.0,144.25,53.48291382880741,4590.500000000001,1675.0,1528.0,-0.019434045122096795,20,1405.4,1403.5,1255.0,1675.0,144.25,53.48291382880741,4590.500000000001,1675.0,1528.0,-0.019434045122096795,20,1405.4,1403.5,1255.0,1675.0,144.25,53.48291382880741,4590.500000000001,1675.0,1528.0,-0.019434045122096795,20
2019-12-01,1258.76,1258.8,907.0,1606.0,103.6,41.783490415663515,2551.8120000000004,1568.0,907.0,-0.07224759975789655,19,1258.76,1258.8,907.0,1606.0,103.6,41.783490415663515,2551.8120000000004,1568.0,907.0,-0.07224759975789655,19,1258.76,1258.8,907.0,1606.0,103.6,41.783490415663515,2551.8120000000004,1568.0,907.0,-0.07224759975789655,19
2020-01-01,677.05,671.75,487.0,844.0,79.25,30.2790748397518,1400.3400000000001,844.0,487.0,-0.11032893124964287,20,677.05,671.75,487.0,844.0,79.25,30.2790748397518,1400.3400000000001,844.0,487.0,-0.11032893124964287,20,677.05,671.75,487.0,844.0,79.25,30.2790748397518,1400.3400000000001,844.0,487.0,-0.11032893124964287,20
2020-02-01,460.6,458.5,411.0,535.0,39.25,14.069388860132273,241.98000000000002,466.0,535.0,0.031773685885450806,20,460.6,458.5,411.0,535.0,39.25,14.069388860132273,241.98000000000002,466.0,535.0,0.031773685885450806,20,460.6,458.5,411.0,535.0,39.25,14.069388860132273,241.98000000000002,466.0,535.0,0.031773685885450806,20
2020-03-01,603.52,604.8,539.0,633.0,50.4,18.91603241015403,472.448,539.0,616.0,0.03949909315430009,25,603.52,604.8,539.0,633.0,50.4,18.91603241015403,472.448,539.0,616.0,0.03949909315430009,25,603.52,604.8,539.0,633.0,50.4,18.91603241015403,472.448,539.0,616.0,0.03949909315430009,25
2020-04-01,667.85,664.625,596.0,757.0,61.75,22.84276072796311,590.2049999999999,604.0,617.0,-0.007683844765065322,18,667.85,664.625,596.0,757.0,61.75,22.84276072796311,590.2049999999999,604.0,617.0,-0.007683844765065322,18,667.85,664.625,596.0,757.0,61.75,22.84276072796311,590.2049999999999,604.0,617.0,-0.007683844765065322,18
2020-05-01,486.575,485.375,393.0,598.0,63.25,24.05251744539857,684.65875,598.0,504.0,-0.029873665240239572,18,486.575,485.375,393.0,598.0,63.25,24.05251744539857,684.65875,598.0,504.0,-0.029873665240239572,18,486.575,485.375,393.0,598.0,63.25,24.05251744539857,684.65875,598.0,504.0,-0.029873665240239572,18
2020-06-01,1229.6799999999998,1222.0,520.0,1894.0,251.4,97.96555053759218,14735.295999999998,520.0,1894.0,0.280920656096479,25,1229.6799999999998,1222.0,520.0,1894.0,251.4,97.96555053759218,14735.295999999998,520.0,1894.0,0.280920656096479,25,1229.6799999999998,1222.0,520.0,1894.0,251.4,97.96555053759218,14735.295999999998,520.0,1894.0,0.280920656096479,25
2020-07-01,1601.75,1587.25,1264.0,1956.0,172.25,66.41776132271407,5991.34,1956.0,1350.0,-0.07286364915417037,20,1601.75,1587.25,1264.0,1956.0,172.25,66.41776132271407,5991.34,1956.0,1350.0,-0.07286364915417037,20,1601.75,1587.25,1264.0,1956.0,172.25,66.41776132271407,5991.34,1956.0,1350.0,-0.07286364915417037,20
2020-08-01,1491.81,1495.0,1362.0,1598.0,92.2,38.23330231534432,1698.0574999999997,1385.0,1362.0,-0.001295277421658933,21,1491.81,1495.0,1362.0,1598.0,92.2,38.23330231534432,1698.0574999999997,1385.0,1362.0,-0.001295277421658933,21,1491.81,1495.0,1362.0,1598.0,92.2,38.23330231534432,1698.0574999999997,1385.0,1362.0,-0.001295277421658933,21
2020-09-01,1462.6499999999999,1434.0,1267.0,2020.0,204.0,79.17151868874785,9949.880000000001,1349.0,2020.0,0.11001544212557776,20,1462.6499999999999,1434.0,1267.0,2020.0,204.0,79.17151868874785,9949.880000000001,1349.0,2020.0,0.11001544212557776,20,1462.6499999999999,1434.0,1267.0,2020.0,204.0,79.17151868874785,9949.880000000001,1349.0,2020.0,0.11001544212557776,20
2020-10-01,1599.4,1616.5,1283.0,2097.0,183.5,69.20953079375573,5821.059999999999,2071.0,1283.0,-0.08741880329632469,20,1599.4,1616.5,1283.0,2097.0,183.5,69.20953079375573,5821.059999999999,2071.0,1283.0,-0.08741880329632469,20,1599.4,1616.5,1283.0,2097.0,183.5,69.20953079375573,5821.059999999999,2071.0,1283.0,-0.08741880329632469,20
2020-11-01,1185.56,1181.5,1111.0,1284.0,61.8,24.606477495056275,704.5,1284.0,1197.0,-0.015253311152593454,24,1185.56,1181.5,1111.0,1284.0,61.8,24.606477495056275,704.5,1284.0,1197.0,-0.015253311152593454,24,1185.56,1181.5,1111.0,1284.0,61.8,24.606477495056275,704.5,1284.0,1197.0,-0.015253311152593454,24
2020-12-01,1262.2166666666667,1267.6666666666667,1121.0,1366.0,74.33333333333333,27.470263651155104,791.9758333333333,1162.0,1366.0,0.04918168609022249,14,1262.2166666666667,1267.6666666666667,1121.0,1366.0,74.33333333333333,27.470263651155104,791.9758333333333,1162.0,1366.0,0.04918168609022249,14,1262.2166666666667,1267.6666666666667,1121.0,1366.0,74.33333333333333,27.470263651155104,791.9758333333333,1162.0,1366.0,0.04918168609022249,14
2021-01-01,1657.5,1641.75,1374.0,1856.0,186.0,69.62785892225182,5916.68,1374.0,1452.0,0.006941958289902343,20,1657.5,1641.75,1374.0,1856.0,186.0,69.62785892225182,5916.68,1374.0,1452.0,0.006941958289902343,20,1657.5,1641.75,1374.0,1856.0,186.0,69.62785892225182,5916.68,1374.0,1452.0,0.006941958289902343,20
2021-02-01,1499.6,1513.25,1303.0,1770.0,152.75,58.809992115172086,7038.260000000001,1444.0,1675.0,0.04120204639663747,20,1499.6,1513.25,1303.0,1770.0,152.75,58.809992115172086,7038.260000000001,1444.0,1675.0,0.04120204639663747,20,1499.6,1513.25,1303.0,1770.0,152.75,58.809992115172086,7038.260000000001,1444.0,1675.0,0.04120204639663747,20
2021-03-01,2022.9099999999999,2021.9,1651.0,2319.0,173.2,66.07282387941851,4996.853499999999,1651.0,2072.0,0.04268096211304405,24,2022.9099999999999,2021.9,1651.0,2319.0,173.2,66.07282387941851,4996.853499999999,1651.0,2072.0,0.04268096211304405,24,2022.9099999999999,2021.9,1651.0,2319.0,173.2,66.07282387941851,4996.853499999999,1651.0,2072.0,0.04268096211304405,24
2021-04-01,2476.3500000000004,2483.75,2085.0,3053.0,222.0,88.11430408231126,9975.565,2092.0,3053.0,0.0855435806950663,19,2476.3500000000004,2483.75,2085.0,3053.0,222.0,88.11430408231126,9975.565,2092.0,3053.0,0.0855435806950663,19,2476.3500000000004,2483.75,2085.0,3053.0,222.0,88.11430408231126,9975.565,2092.0,3053.0,0.0855435806950663,19
2021-05-01,2882.18,2883.1,2438.0,3266.0,182.6,66.7721906919289,5605.13,3157.0,2438.0,-0.04593215695087691,23,2882.18,2883.1,2438.0,3266.0,182.6,66.7721906919289,5605.13,3157.0,2438.0,-0.04593215695087691,23,2882.18,2883.1,2438.0,3266.0,182.6,66.7721906919289,5605.13,3157.0,2438.0,-0.04593215695087691,23
2021-06-01,3055.9500000000003,3042.5,2420.0,3418.0,257.25,95.7542759202271,11909.900000000001,2428.0,3285.0,0.06960065208909567,20,3055.9500000000003,3042.5,2420.0,3418.0,257.25,95.7542759202271,11909.900000000001,2428.0,3285.0,0.06960065208909567,20,3055.9500000000003,3042.5,2420.0,3418.0,257.25,95.7542759202271,11909.900000000001,2428.0,3285.0,0.06960065208909567,20
2021-07-01,3175.6000000000004,3162.25,3039.0,3300.0,166.5,60.8321546917543,4150.04,3224.0,3292.0,0.003948513407556656,20,3175.6000000000004,3162.25,3039.0,3300.0,166.5,60.8321546917543,4150.04,3224.0,3292.0,0.003948513407556656,20,3175.6000000000004,3162.25,3039.0,3300.0,166.5,60.8321546917543,4150.04,3224.0,3292.0,0.003948513407556656,20
2021-08-01,3764.0200000000004,3752.6,3281.0,4235.0,210.4,79.8333212201348,9420.482,3282.0,3944.0,0.039092186643984006,24,3764.0200000000004,3752.6,3281.0,4235.0,210.4,79.8333212201348,9420.482,3282.0,3944.0,0.039092186643984006,24,3764.0200000000004,3752.6,3281.0,4235.0,210.4,79.8333212201348,9420.482,3282.0,3944.0,0.039092186643984006,24
2021-09-01,4378.75,4413.75,3618.0,5202.0,297.5,114.32086976526634,16162.439999999999,3822.0,5202.0,0.054927139368185815,20,4378.75,4413.75,3618.0,5202.0,297.5,114.32086976526634,16162.439999999999,3822.0,5202.0,0.054927139368185815,20,4378.75,4413.75,3618.0,5202.0,297.5,114.32086976526634,16162.439999999999,3822.0,5202.0,0.054927139368185815,20
2021-10-01,4800.85,4813.5,3519.0,5650.0,524.0,192.05770955862363,40354.5,5267.0,3519.0,-0.0769398844782666,20,4800.85,4813.5,3519.0,5650.0,524.0,192.05770955862363,40354.5,5267.0,3519.0,-0.0769398844782666,20,4800.85,4813.5,3519.0,5650.0,524.0,192.05770955862363,40354.5,5267.0,3519.0,-0.0769398844782666,20
2021-11-01,2820.12,2795.2,2430.0,3428.0,319.4,115.94431899621846,20148.704,3428.0,3171.0,-0.020698252092750887,25,2820.12,2795.2,2430.0,3428.0,319.4,115.94431899621846,20148.704,3428.0,3171.0,-0.020698252092750887,25,2820.12,2795.2,2430.0,3428.0,319.4,115.94431899621846,20148.704,3428.0,3171.0,-0.020698252092750887,25
2021-12-01,2776.3333333333335,2745.6666666666665,2217.0,3423.0,393.0,142.6507889244264,33152.26666666667,3235.0,2217.0,-0.10459176262936078,15,2776.3333333333335,2745.6666666666665,2217.0,3423.0,393.0,142.6507889244264,33152.26666666667,3235.0,2217.0,-0.10459176262936078,15,2776.3333333333335,2745.6666666666665,2217.0,3423.0,393.0,142.6507889244264,33152.26666666667,3235.0,2217.0,-0.10459176262936078,15
2022-01-01,1728.5099999999998,1730.4,1296.0,2296.0,191.4,69.84507129098601,9720.3055,2285.0,1423.0,-0.08195246249640789,24,1728.5099999999998,1730.4,1296.0,2296.0,191.4,69.84507129098601,9720.3055,2285.0,1423.0,-0.08195246249640789,24,1728.5099999999998,1730.4,1296.0,2296.0,191.4,69.84507129098601,9720.3055,2285.0,1423.0,-0.08195246249640789,24
2022-02-01,1972.4499999999998,1981.75,1422.0,2244.0,240.0,94.24614813110517,14629.380000000001,1422.0,2148.0,0.11207870354111647,20,1972.4499999999998,1981.75,1422.0,2244.0,240.0,94.24614813110517,14629.380000000001,1422.0,2148.0,0.11207870354111647,20,1972.4499999999998,1981.75,1422.0,2244.0,240.0,94.24614813110517,14629.380000000001,1422.0,2148.0,0.11207870354111647,20
2022-03-01,2528.6499999999996,2524.75,2235.0,2727.0,198.5,78.68029459286821,10669.400000000001,2235.0,2357.0,0.025715283248033433,20,2528.6499999999996,2524.75,2235.0,2727.0,198.5,78.68029459286821,10669.400000000001,2235.0,2357.0,0.025715283248033433,20,2528.6499999999996,2524.75,2235.0,2727.0,198.5,78.68029459286821,10669.400000000001,2235.0,2357.0,0.025715283248033433,20
2022-04-01,2204.925,2193.5,2031.0,2425.0,154.75,59.476139559484224,4353.36875,2307.0,2404.0,0.013527981335339192,18,2204.925,2193.5,2031.0,2425.0,154.75,59.476139559484224,4353.36875,2307.0,2404.0,0.013527981335339192,18,2204.925,2193.5,2031.0,2425.0,154.75,59.476139559484224,4353.36875,2307.0,2404.0,0.013527981335339192,18
2022-05-01,2887.27,2900.7,2412.0,3369.0,321.2,121.5015220773897,19492.414833333336,2412.0,2633.0,0.025430575312009464,22,2887.27,2900.7,2412.0,3369.0,321.2,121.5015220773897,19492.414833333336,2412.0,2633.0,0.025430575312009464,22,2887.27,2900.7,2412.0,3369.0,321.2,121.5015220773897,19492.414833333336,2412.0,2633.0,0.025430575312009464,22
2022-06-01,2368.5,2341.25,2186.0,2596.0,233.0,87.83153002035085,8615.06,2560.0,2214.0,-0.022604069077963217,20,2368.5,2341.25,2186.0,2596.0,233.0,87.83153002035085,8615.06,2560.0,2214.0,-0.022604069077963217,20,2368.5,2341.25,2186.0,2596.0,233.0,87.83153002035085,8615.06,2560.0,2214.0,-0.022604069077963217,20
2022-07-01,2070.1,2059.5,1895.0,2162.0,133.0,48.35110354897703,2824.24,2159.0,1895.0,-0.03011270499608697,20,2070.1,2059.5,1895.0,2162.0,133.0,48.35110354897703,2824.24,2159.0,1895.0,-0.03011270499608697,20,2070.1,2059.5,1895.0,2162.0,133.0,48.35110354897703,2824.24,2159.0,1895.0,-0.03011270499608697,20
2022-08-01,1366.74,1380.9,965.0,1872.0,172.4,65.69627046871366,5224.402,1872.0,1086.0,-0.0785431177710221,24,1366.74,1380.9,965.0,1872.0,172.4,65.69627046871366,5224.402,1872.0,1086.0,-0.0785431177710221,24,1366.74,1380.9,965.0,1872.0,172.4,65.69627046871366,5224.402,1872.0,1086.0,-0.0785431177710221,24
2022-09-01,1544.7375,1555.625,1114.0,1816.0,151.75,58.199260982672946,5385.6918749999995,1133.0,1760.0,0.08203968970069628,19,1544.7375,1555.625,1114.0,1816.0,151.75,58.199260982672946,5385.6918749999995,1133.0,1760.0,0.08203968970069628,19,1544.7375,1555.625,1114.0,1816.0,151.75,58.199260982672946,5385.6918749999995,1133.0,1760.0,0.08203968970069628,19
2022-10-01,1736.08,1741.2,1290.0,1996.0,165.2,60.89769272541507,4401.280000000001,1788.0,1323.0,-0.042568331851821996,25,1736.08,1741.2,1290.0,1996.0,165.2,60.89769272541507,4401.280000000001,1788.0,1323.0,-0.042568331851821996,25,1736.08,1741.2,1290.0,1996.0,165.2,60.89769272541507,4401.280000000001,1788.0,1323.0,-0.042568331851821996,25
2022-11-01,1296.3999999999999,1291.5,1149.0,1393.0,99.5,36.42691385157303,1745.9199999999998,1337.0,1324.0,0.004660070932639095,20,1296.3999999999999,1291.5,1149.0,1393.0,99.5,36.42691385157303,1745.9199999999998,1337.0,1324.0,0.004660070932639095,20,1296.3999999999999,1291.5,1149.0,1393.0,99.5,36.42691385157303,1745.9199999999998,1337.0,1324.0,0.004660070932639095,20
2022-12-01,1469.7333333333336,1456.6666666666667,1323.0,1723.0,158.0,61.72399185055742,4492.24,1323.0,1515.0,0.05750574526525862,15,1377.3333333333333,1445.6666666666667,0.0,1723.0,598.6666666666666,234.10484809399873,102399.28000000001,1323.0,1515.0,-0.2917006039410906,15,1377.3333333333333,1445.6666666666667,0.0,1723.0,598.6666666666666,234.10484809399873,102399.28000000001,1323.0,1515.0,-0.2917006039410906,15
2023-01-01,887.5799999999999,889.8,621.0,1250.0,124.0,47.23207992135262,2663.7180000000003,1250.0,621.0,-0.12642883287893394,24,887.5799999999999,889.8,621.0,1250.0,124.0,47.23207992135262,2663.7180000000003,1250.0,621.0,-0.12642883287893394,24,887.5799999999999,889.8,621.0,1250.0,124.0,47.23207992135262,2663.7180000000003,1250.0,621.0,-0.12642883287893394,24
2023-02-01,734.6500000000001,729.0,530.0,1211.0,177.25,66.04910926965958,6823.84,608.0,1211.0,0.1895832623147033,20,734.6500000000001,729.0,530.0,1211.0,177.25,66.04910926965958,6823.84,608.0,1211.0,0.1895832623147033,20,734.6500000000001,729.0,530.0,1211.0,177.25,66.04910926965958,6823.84,608.0,1211.0,0.1895832623147033,20
2023-03-01,1448.7999999999997,1444.75,1258.0,1603.0,114.25,39.75863031700346,1787.76,1258.0,1389.0,0.024837406130934866,20,1448.7999999999997,1444.75,1258.0,1603.0,114.25,39.75863031700346,1787.76,1258.0,1389.0,0.024837406130934866,20,1448.7999999999997,1444.75,1258.0,1603.0,114.25,39.75863031700346,1787.76,1258.0,1389.0,0.024837406130934866,20
2023-04-01,1480.275,1477.5,1368.0,1581.0,106.75,40.14046312639639,1774.8224999999998,1412.0,1576.0,0.040271795499501155,18,1480.275,1477.5,1368.0,1581.0,106.75,40.14046312639639,1774.8224999999998,1412.0,1576.0,0.040271795499501155,18,1480.275,1477.5,1368.0,1581.0,106.75,40.14046312639639,1774.8224999999998,1412.0,1576.0,0.040271795499501155,18
2023-05-01,1372.81,1367.0,919.0,1640.0,126.0,48.03676057338127,3093.0095,1552.0,919.0,-0.08697673995539876,22,1372.81,1367.0,919.0,1640.0,126.0,48.03676057338127,3093.0095,1552.0,919.0,-0.08697673995539876,22,1372.81,1367.0,919.0,1640.0,126.0,48.03676057338127,3093.0095,1552.0,919.0,-0.08697673995539876,22
2023-06-01,1097.15,1093.0,939.0,1240.0,117.75,43.48321252637993,2338.56,939.0,1091.0,0.04790701446633841,20,1097.15,1093.0,939.0,1240.0,117.75,43.48321252637993,2338.56,939.0,1091.0,0.04790701446633841,20,1097.15,1093.0,939.0,1240.0,117.75,43.48321252637993,2338.56,939.0,1091.0,0.04790701446633841,20
2023-07-01,1055.24,1059.2,962.0,1150.0,85.0,34.481957243653476,1490.208,1068.0,1136.0,0.015307742202855568,25,1055.24,1059.2,962.0,1150.0,85.0,34.481957243653476,1490.208,1068.0,1136.0,0.015307742202855568,25,1055.24,1059.2,962.0,1150.0,85.0,34.481957243653476,1490.208,1068.0,1136.0,0.015307742202855568,25
2023-08-01,1145.65,1154.0,1065.0,1247.0,78.25,29.565962075224498,1253.605,1145.0,1065.0,-0.019742982481329715,19,1145.65,1154.0,1065.0,1247.0,78.25,29.565962075224498,1253.605,1145.0,1065.0,-0.019742982481329715,19,1145.65,1154.0,1065.0,1247.0,78.25,29.565962075224498,1253.605,1145.0,1065.0,-0.019742982481329715,19
2023-09-01,1409.85,1410.75,1063.0,1752.0,146.75,52.88092871758933,2856.04,1083.0,1701.0,0.09957365777211019,20,1409.85,1410.75,1063.0,1752.0,146.75,52.88092871758933,2856.04,1083.0,1701.0,0.09957365777211019,20,1409.85,1410.75,1063.0,1752.0,146.75,52.88092871758933,2856.04,1083.0,1701.0,0.09957365777211019,20
2023-10-01,1813.48,1815.4,1385.0,2105.0,190.4,69.10655785774482,7538.2080000000005,1737.0,1462.0,-0.025352225597513278,25,1813.48,1815.4,1385.0,2105.0,190.4,69.10655785774482,7538.2080000000005,1737.0,1462.0,-0.025352225597513278,25,1813.48,1815.4,1385.0,2105.0,190.4,69.10655785774482,7538.2080000000005,1737.0,1462.0,-0.025352225597513278,25
2023-11-01,1961.8,1940.0,1523.0,3192.0,391.25,143.4599139526506,34678.02,1523.0,3192.0,0.18708907634367805,20,1961.8,1940.0,1523.0,3192.0,391.25,143.4599139526506,34678.02,1523.0,3192.0,0.18708907634367805,20,1961.8,1940.0,1523.0,3192.0,391.25,143.4599139526506,34678.02,1523.0,3192.0,0.18708907634367805,20
2023-12-01,2494.0,2478.6666666666665,2087.0,3346.0,422.3333333333333,164.13287972966862,43122.693333333336,3346.0,2094.0,-0.13562636859458677,15,2494.0,2478.6666666666665,2087.0,3346.0,422.3333333333333,164.13287972966862,43122.693333333336,3346.0,2094.0,-0.13562636859458677,15,2494.0,2478.6666666666665,2087.0,3346.0,422.3333333333333,164.13287972966862,43122.693333333336,3346.0,2094.0,-0.13562636859458677,15
