Date,FAO_CP_23012,FAO_CP_23013,FAO_CP_23014,REF_AREA,REF_AREA_LABEL
2000-01-01,31.74832,31.912372,6.3225295,BWA,Botswana
2000-01-01,23.812742,19.734948,6.3225295,KEN,Kenya
2000-01-01,35.757755,31.185112,6.3225295,NAM,Namibia
2000-01-01,44.641378,34.220779,6.3225295,ZAF,South Africa
2000-01-01,89.176559,89.609836,6.3225295,ZWE,Zimbabwe
2000-02-01,31.974914,32.163038,6.3225295,BWA,Botswana
2000-02-01,24.058445,19.562542,6.3225295,KEN,Kenya
2000-02-01,36.059572,31.363868,6.3225295,NAM,Namibia
2000-02-01,44.50317,34.468238,6.3225295,ZAF,South Africa
2000-02-01,89.247592,89.750393,6.3225295,ZWE,Zimbabwe
2000-03-01,32.27704,32.413704,6.3225295,BWA,Botswana
2000-03-01,24.058445,19.492224,6.3225295,KEN,Kenya
2000-03-01,36.36139,31.542625,6.3225295,NAM,Namibia
2000-03-01,44.963863,34.857108,6.3225295,ZAF,South Africa
2000-03-01,89.318626,89.890951,6.3225295,ZWE,Zimbabwe
2000-04-01,32.679873,32.612508,6.3225295,BWA,Botswana
2000-04-01,24.508901,19.959572,6.3225295,KEN,Kenya
2000-04-01,36.663207,31.721382,6.3225295,NAM,Namibia
2000-04-01,45.562781,35.175279,6.3225295,ZAF,South Africa
2000-04-01,89.389659,90.031508,6.3225295,ZWE,Zimbabwe
2000-05-01,32.88129,32.811312,6.3225295,BWA,Botswana
2000-05-01,25.16411,20.859616,6.3225295,KEN,Kenya
2000-05-01,36.965024,31.900139,6.3225295,NAM,Namibia
2000-05-01,45.747058,35.458101,6.3225295,ZAF,South Africa
2000-05-01,89.460692,90.172066,6.3225295,ZWE,Zimbabwe
2000-06-01,33.05753,33.010116,6.3225295,BWA,Botswana
2000-06-01,25.757893,21.788795,6.3225295,KEN,Kenya
2000-06-01,37.266842,32.078896,6.3225295,NAM,Namibia
2000-06-01,46.023474,35.67021,6.3225295,ZAF,South Africa
2000-06-01,89.531725,90.312623,6.3225295,ZWE,Zimbabwe
2000-07-01,33.535894,33.010116,6.3225295,BWA,Botswana
2000-07-01,25.90122,22.112498,6.3225295,KEN,Kenya
2000-07-01,37.568659,32.257652,6.3225295,NAM,Namibia
2000-07-01,46.438099,35.67021,6.3225295,ZAF,South Africa
2000-07-01,89.602759,90.45318,6.3225295,ZWE,Zimbabwe
2000-08-01,33.611426,33.010116,6.3225295,BWA,Botswana
2000-08-01,26.003596,22.390001,6.3225295,KEN,Kenya
2000-08-01,37.870477,32.436409,6.3225295,NAM,Namibia
2000-08-01,46.622376,35.740909,6.3225295,ZAF,South Africa
2000-08-01,89.673792,90.593738,6.3225295,ZWE,Zimbabwe
2000-09-01,33.712134,33.010116,6.3225295,BWA,Botswana
2000-09-01,26.167398,22.570781,6.3225295,KEN,Kenya
2000-09-01,38.172294,32.615166,6.3225295,NAM,Namibia
2000-09-01,46.852723,35.84697,6.3225295,ZAF,South Africa
2000-09-01,89.744825,90.734295,6.3225295,ZWE,Zimbabwe
2000-10-01,33.989082,32.992829,6.3225295,BWA,Botswana
2000-10-01,26.167398,22.468355,6.3225295,KEN,Kenya
2000-10-01,38.474112,32.793923,6.3225295,NAM,Namibia
2000-10-01,46.990931,35.776258,6.3225295,ZAF,South Africa
2000-10-01,89.815859,90.874852,6.3225295,ZWE,Zimbabwe
2000-11-01,34.064614,32.975541,6.3225295,BWA,Botswana
2000-11-01,26.372151,22.730943,6.3225295,KEN,Kenya
2000-11-01,38.775929,32.97268,6.3225295,NAM,Namibia
2000-11-01,47.083069,35.67021,6.3225295,ZAF,South Africa
2000-11-01,89.886892,91.01541,6.3225295,ZWE,Zimbabwe
2000-12-01,34.140145,32.958254,6.3225295,BWA,Botswana
2000-12-01,26.413102,22.873839,6.3225295,KEN,Kenya
2000-12-01,39.077747,33.151436,6.3225295,NAM,Namibia
2000-12-01,47.221278,35.599512,6.3225295,ZAF,South Africa
2000-12-01,89.957925,91.155967,6.3225295,ZWE,Zimbabwe
2001-01-01,34.291207,33.061978,3.602384,BWA,Botswana
2001-01-01,26.658805,22.919383,16.136017,KEN,Kenya
2001-01-01,39.410318,33.467834,7.319912,NAM,Namibia
2001-01-01,47.820179,35.917669,4.958652,ZAF,South Africa
2001-01-01,90.028959,91.296524,1.882258,ZWE,Zimbabwe
2001-02-01,34.341562,33.243495,3.359312,BWA,Botswana
2001-02-01,26.495003,22.23739,13.673317,KEN,Kenya
2001-02-01,39.742889,33.784232,7.717045,NAM,Namibia
2001-02-01,47.958387,36.306538,5.333317,ZAF,South Africa
2001-02-01,90.099992,91.437082,1.87931,ZWE,Zimbabwe
2001-03-01,34.643687,33.295356,2.72,BWA,Botswana
2001-03-01,26.3312,21.969282,12.70793,KEN,Kenya
2001-03-01,40.07546,34.10063,8.109677,NAM,Namibia
2001-03-01,48.280873,36.447949,4.563895,ZAF,South Africa
2001-03-01,90.171025,91.577639,1.876372,ZWE,Zimbabwe
2001-04-01,34.794749,33.321287,2.173337,BWA,Botswana
2001-04-01,26.720231,22.397928,12.21647,KEN,Kenya
2001-04-01,40.408031,34.417028,8.497884,NAM,Namibia
2001-04-01,48.511219,36.58936,4.020101,ZAF,South Africa
2001-04-01,90.242058,91.718197,1.873442,ZWE,Zimbabwe
2001-05-01,35.273114,33.476873,2.028451,BWA,Botswana
2001-05-01,26.904508,22.794996,9.278117,KEN,Kenya
2001-05-01,40.740603,34.733426,8.88174,NAM,Namibia
2001-05-01,48.695497,36.836833,3.888342,ZAF,South Africa
2001-05-01,90.313092,91.858754,1.870522,ZWE,Zimbabwe
2001-06-01,35.373823,33.528735,1.571092,BWA,Botswana
2001-06-01,26.945459,23.126842,6.140986,KEN,Kenya
2001-06-01,41.073174,35.049824,9.261318,NAM,Namibia
2001-06-01,48.925844,36.80147,3.17144,ZAF,South Africa
2001-06-01,90.384125,91.999311,1.867611,ZWE,Zimbabwe
2001-07-01,35.524885,33.65839,1.963865,BWA,Botswana
2001-07-01,26.986409,23.367421,5.675173,KEN,Kenya
2001-07-01,41.405745,35.366222,9.636689,NAM,Namibia
2001-07-01,48.87979,36.97823,3.666981,ZAF,South Africa
2001-07-01,90.455158,92.139869,1.864709,ZWE,Zimbabwe
2001-08-01,35.625594,33.736183,2.199529,BWA,Botswana
2001-08-01,27.047835,23.591891,5.367976,KEN,Kenya
2001-08-01,41.738316,35.68262,10.007922,NAM,Namibia
2001-08-01,48.787636,37.15499,3.956479,ZAF,South Africa
2001-08-01,90.526192,92.280426,1.861816,ZWE,Zimbabwe
2001-09-01,35.776656,33.788045,2.356638,BWA,Botswana
2001-09-01,26.965934,23.495062,4.095033,KEN,Kenya
2001-09-01,42.070887,35.999018,10.375087,NAM,Namibia
2001-09-01,48.925844,37.50851,4.635092,ZAF,South Africa
2001-09-01,90.597225,92.420983,1.858931,ZWE,Zimbabwe
2001-10-01,35.952896,33.842976,2.576765,BWA,Botswana
2001-10-01,27.006884,23.42901,4.275592,KEN,Kenya
2001-10-01,42.403459,36.315416,10.738248,NAM,Namibia
2001-10-01,48.87979,38.038791,6.32412,ZAF,South Africa
2001-10-01,90.668258,92.561541,1.856056,ZWE,Zimbabwe
2001-11-01,36.053604,34.160093,3.592213,BWA,Botswana
2001-11-01,26.945459,23.379324,2.852415,KEN,Kenya
2001-11-01,42.73603,36.631814,11.097472,NAM,Namibia
2001-11-01,49.110121,38.710483,8.523282,ZAF,South Africa
2001-11-01,90.739292,92.702098,1.85319,ZWE,Zimbabwe
2001-12-01,36.103958,34.47721,4.608727,BWA,Botswana
2001-12-01,26.84513,23.35993,2.125098,KEN,Kenya
2001-12-01,43.068601,36.948211,11.452823,NAM,Namibia
2001-12-01,49.386553,39.664982,11.420016,ZAF,South Africa
2001-12-01,90.810325,92.842655,1.850332,ZWE,Zimbabwe
2002-01-01,36.229844,34.794327,5.239702,BWA,Botswana
2002-01-01,26.777561,23.059345,0.610673,KEN,Kenya
2002-01-01,45.428372,37.264609,11.34455,NAM,Namibia
2002-01-01,50.215801,40.336674,12.303151,ZAF,South Africa
2002-01-01,90.881358,92.983213,1.847484,ZWE,Zimbabwe
2002-02-01,36.280198,35.111444,5.618992,BWA,Botswana
2002-02-01,26.812369,22.591119,1.590695,KEN,Kenya
2002-02-01,46.319124,38.036057,12.585233,NAM,Namibia
2002-02-01,50.822046,40.704449,12.113274,ZAF,South Africa
2002-02-01,90.952391,93.12377,1.844644,ZWE,Zimbabwe
2002-03-01,36.758563,35.428561,6.406912,BWA,Botswana
2002-03-01,26.857415,22.560452,2.690896,KEN,Kenya
2002-03-01,47.209876,38.645378,13.32746,NAM,Namibia
2002-03-01,51.331859,41.472829,13.786453,ZAF,South Africa
2002-03-01,91.023425,93.264328,1.841812,ZWE,Zimbabwe
2002-04-01,37.211751,35.745678,7.2758,BWA,Botswana
2002-04-01,26.957744,22.652159,1.135065,KEN,Kenya
2002-04-01,47.299561,39.338864,14.300584,NAM,Namibia
2002-04-01,52.206799,42.25434,15.482588,ZAF,South Africa
2002-04-01,91.094458,93.404885,1.83899,ZWE,Zimbabwe
2002-05-01,37.312459,36.062794,7.724501,BWA,Botswana
2002-05-01,27.365202,23.310834,2.262944,KEN,Kenya
2002-05-01,48.034245,39.701621,14.303788,NAM,Namibia
2002-05-01,52.46169,42.569574,15.562524,ZAF,South Africa
2002-05-01,91.165491,93.545442,1.836176,ZWE,Zimbabwe
2002-06-01,37.463522,36.379911,8.50368,BWA,Botswana
2002-06-01,27.709186,24.002786,3.787563,KEN,Kenya
2002-06-01,48.356112,40.333847,15.075749,NAM,Namibia
2002-06-01,52.909491,43.34452,17.779318,ZAF,South Africa
2002-06-01,91.236525,93.686,1.833371,ZWE,Zimbabwe
2002-07-01,38.672022,36.697028,9.027878,BWA,Botswana
2002-07-01,27.565859,24.023765,2.808799,KEN,Kenya
2002-07-01,48.836356,40.569098,14.711427,NAM,Namibia
2002-07-01,53.749981,43.935592,18.814753,ZAF,South Africa
2002-07-01,91.307558,93.826557,1.830574,ZWE,Zimbabwe
2002-08-01,39.150387,37.014145,9.716459,BWA,Botswana
2002-08-01,27.537194,24.158485,2.401649,KEN,Kenya
2002-08-01,49.172711,40.742326,14.17975,NAM,Namibia
2002-08-01,54.039338,44.697392,20.299835,ZAF,South Africa
2002-08-01,91.378591,93.967114,1.827786,ZWE,Zimbabwe
2002-09-01,39.402158,37.331262,10.486601,BWA,Botswana
2002-09-01,27.445055,24.048674,2.356289,KEN,Kenya
2002-09-01,49.783108,41.683473,15.790585,NAM,Namibia
2002-09-01,54.514701,45.564289,21.477201,ZAF,South Africa
2002-09-01,91.449624,94.107672,1.825006,ZWE,Zimbabwe
2002-10-01,39.553221,37.648379,11.244292,BWA,Botswana
2002-10-01,27.512624,24.016644,2.508148,KEN,Kenya
2002-10-01,50.402054,42.89215,18.110034,NAM,Namibia
2002-10-01,55.327629,46.339234,21.820997,ZAF,South Africa
2002-10-01,91.520658,94.248229,1.822235,ZWE,Zimbabwe
2002-11-01,39.830169,37.965496,11.139908,BWA,Botswana
2002-11-01,27.63957,24.178011,3.416213,KEN,Kenya
2002-11-01,50.821185,43.556513,18.903513,NAM,Namibia
2002-11-01,55.988999,46.661034,20.538497,ZAF,South Africa
2002-11-01,91.591691,94.388786,1.819472,ZWE,Zimbabwe
2002-12-01,39.930877,38.282613,11.037445,BWA,Botswana
2002-12-01,27.985602,24.681442,5.657176,KEN,Kenya
2002-12-01,50.882578,43.525146,17.800413,NAM,Namibia
2002-12-01,56.057883,46.818658,18.035244,ZAF,South Africa
2002-12-01,91.662724,94.529344,1.816717,ZWE,Zimbabwe
2003-01-01,40.157471,38.525545,10.723638,BWA,Botswana
2003-01-01,28.483152,25.023064,8.515932,KEN,Kenya
2003-01-01,51.424072,43.859783,17.698224,NAM,Namibia
2003-01-01,56.51257,47.350609,17.388483,ZAF,South Africa
2003-01-01,91.733758,94.669901,1.813971,ZWE,Zimbabwe
2003-02-01,40.509951,38.938687,10.900273,BWA,Botswana
2003-02-01,28.808708,24.842581,9.966139,KEN,Kenya
2003-02-01,51.398259,43.781672,15.105708,NAM,Namibia
2003-02-01,56.450573,46.923727,15.279111,ZAF,South Africa
2003-02-01,91.804791,94.810459,1.811233,ZWE,Zimbabwe
2003-03-01,40.68619,39.248544,10.782214,BWA,Botswana
2003-03-01,29.576531,25.630247,13.606973,KEN,Kenya
2003-03-01,51.704124,43.92184,13.653539,NAM,Namibia
2003-03-01,56.781266,47.107614,13.586692,ZAF,South Africa
2003-03-01,91.875824,94.951016,1.808503,ZWE,Zimbabwe
2003-04-01,41.240086,39.868258,11.533088,BWA,Botswana
2003-04-01,30.094556,26.203161,15.676221,KEN,Kenya
2003-04-01,51.818192,44.083407,12.060701,NAM,Namibia
2003-04-01,56.912163,47.101048,11.47032,ZAF,South Africa
2003-04-01,91.946858,95.091573,1.805782,ZWE,Zimbabwe
2003-05-01,41.491857,40.178115,11.41154,BWA,Botswana
2003-05-01,31.445924,28.018325,20.194437,KEN,Kenya
2003-05-01,51.908162,44.16956,11.253793,NAM,Namibia
2003-05-01,56.912163,47.370307,11.27738,ZAF,South Africa
2003-05-01,92.017891,95.232131,1.803068,ZWE,Zimbabwe
2003-06-01,42.045754,40.487972,11.292112,BWA,Botswana
2003-06-01,31.517587,28.46015,18.570194,KEN,Kenya
2003-06-01,52.162865,44.59711,10.569938,NAM,Namibia
2003-06-01,56.808813,47.245526,8.999999,ZAF,South Africa
2003-06-01,92.088924,95.372688,1.800363,ZWE,Zimbabwe
2003-07-01,42.020576,40.487972,10.330383,BWA,Botswana
2003-07-01,30.573677,27.551948,14.686222,KEN,Kenya
2003-07-01,52.15689,44.459804,9.590319,NAM,Namibia
2003-07-01,56.519473,47.232395,7.503716,ZAF,South Africa
2003-07-01,92.159957,95.513245,1.797666,ZWE,Zimbabwe
2003-08-01,42.196816,40.591257,9.664176,BWA,Botswana
2003-08-01,29.814044,26.836273,11.084256,KEN,Kenya
2003-08-01,52.314952,44.471182,9.152289,NAM,Namibia
2003-08-01,56.643483,47.258673,5.730268,ZAF,South Africa
2003-08-01,92.230991,95.653803,1.794977,ZWE,Zimbabwe
2003-09-01,42.272347,40.591257,8.732615,BWA,Botswana
2003-09-01,29.611339,26.590706,10.570364,KEN,Kenya
2003-09-01,52.442269,44.668847,7.162009,NAM,Namibia
2003-09-01,56.257679,47.192999,3.574533,ZAF,South Africa
2003-09-01,92.302024,95.79436,1.792296,ZWE,Zimbabwe
2003-10-01,42.322702,40.487972,7.542404,BWA,Botswana
2003-10-01,30.010607,26.943461,12.186618,KEN,Kenya
2003-10-01,52.297192,44.265585,3.202066,NAM,Namibia
2003-10-01,55.823653,47.422848,2.338437,ZAF,South Africa
2003-10-01,92.373057,95.934917,1.789623,ZWE,Zimbabwe
2003-11-01,42.448587,40.487972,6.644127,BWA,Botswana
2003-11-01,30.119126,27.089723,12.04281,KEN,Kenya
2003-11-01,52.296143,44.19137,1.457547,NAM,Namibia
2003-11-01,55.189845,47.75778,2.350453,ZAF,South Africa
2003-11-01,92.444091,96.075475,1.786958,ZWE,Zimbabwe
2003-12-01,42.473764,40.591257,6.03053,BWA,Botswana
2003-12-01,30.321831,27.444173,11.193555,KEN,Kenya
2003-12-01,52.193483,43.832531,0.706226,NAM,Namibia
2003-12-01,55.141622,47.573892,1.613104,ZAF,South Africa
2003-12-01,92.515124,96.216032,1.784301,ZWE,Zimbabwe
2004-01-01,42.619445,40.694543,5.630027,BWA,Botswana
2004-01-01,31.087606,28.09369,12.271183,KEN,Kenya
2004-01-01,53.46786,44.18611,0.744022,NAM,Namibia
2004-01-01,55.382739,47.974511,1.317622,ZAF,South Africa
2004-01-01,92.586157,96.35659,1.781652,ZWE,Zimbabwe
2004-02-01,43.059388,40.901114,5.039788,BWA,Botswana
2004-02-01,31.646581,28.131088,13.237379,KEN,Kenya
2004-02-01,53.507926,44.163381,0.871846,NAM,Namibia
2004-02-01,55.554972,48.059882,2.421281,ZAF,South Africa
2004-02-01,92.657191,96.497147,1.779011,ZWE,Zimbabwe
2004-03-01,43.49933,41.314257,5.263158,BWA,Botswana
2004-03-01,32.037659,28.489839,11.1571,KEN,Kenya
2004-03-01,53.771586,44.459246,1.223552,NAM,Namibia
2004-03-01,55.816766,48.112423,2.133007,ZAF,South Africa
2004-03-01,92.728224,96.637704,1.776377,ZWE,Zimbabwe
2004-04-01,43.939273,41.933971,5.181347,BWA,Botswana
2004-04-01,32.375501,28.860347,10.140707,KEN,Kenya
2004-04-01,54.058974,44.64796,1.280647,NAM,Namibia
2004-04-01,55.878763,48.112423,2.147245,ZAF,South Africa
2004-04-01,92.799257,96.778262,1.773752,ZWE,Zimbabwe
2004-05-01,44.544194,42.037256,4.627249,BWA,Botswana
2004-05-01,32.909906,29.755144,6.198866,KEN,Kenya
2004-05-01,54.235839,45.01222,1.907785,NAM,Namibia
2004-05-01,55.88565,48.184662,1.719126,ZAF,South Africa
2004-05-01,92.87029,96.918819,1.771134,ZWE,Zimbabwe
2004-06-01,44.874151,42.347113,4.591837,BWA,Botswana
2004-06-01,33.391074,30.719481,7.938577,KEN,Kenya
2004-06-01,54.145253,44.883795,0.642833,NAM,Namibia
2004-06-01,55.933873,47.928535,1.445659,ZAF,South Africa
2004-06-01,92.941324,97.059376,1.768523,ZWE,Zimbabwe
2004-07-01,44.819158,42.037256,3.826531,BWA,Botswana
2004-07-01,33.184274,30.706806,11.450578,KEN,Kenya
2004-07-01,54.3896,44.757999,0.670708,NAM,Namibia
2004-07-01,56.044109,47.652711,0.889891,ZAF,South Africa
2004-07-01,93.012357,97.199934,1.765921,ZWE,Zimbabwe
2004-08-01,44.984137,42.140542,3.816794,BWA,Botswana
2004-08-01,34.525405,32.586332,21.426444,KEN,Kenya
2004-08-01,54.523456,44.678209,0.465531,NAM,Namibia
2004-08-01,55.933873,47.56076,0.639222,ZAF,South Africa
2004-08-01,93.08339,97.340491,1.763326,ZWE,Zimbabwe
2004-09-01,45.259101,42.243828,4.071247,BWA,Botswana
2004-09-01,35.225659,33.458317,25.82711,KEN,Kenya
2004-09-01,54.428044,44.561501,-0.240317,NAM,Namibia
2004-09-01,55.947662,47.593604,0.848864,ZAF,South Africa
2004-09-01,93.154424,97.481048,1.760739,ZWE,Zimbabwe
2004-10-01,45.534065,42.347113,4.591837,BWA,Botswana
2004-10-01,35.500028,33.650387,24.892594,KEN,Kenya
2004-10-01,54.589115,44.998991,1.656831,NAM,Namibia
2004-10-01,56.106106,47.915404,1.038646,ZAF,South Africa
2004-10-01,93.225457,97.621606,1.758159,ZWE,Zimbabwe
2004-11-01,45.644051,42.450399,4.846939,BWA,Botswana
2004-11-01,35.13352,33.494519,23.6429,KEN,Kenya
2004-11-01,54.413378,44.579992,0.879407,NAM,Namibia
2004-11-01,56.436799,48.335706,1.21012,ZAF,South Africa
2004-11-01,93.29649,97.762163,1.755587,ZWE,Zimbabwe
2004-12-01,45.809029,42.553685,4.834606,BWA,Botswana
2004-12-01,35.250229,33.812022,23.202918,KEN,Kenya
2004-12-01,54.402982,44.551102,1.639353,NAM,Namibia
2004-12-01,56.354126,48.191228,1.297636,ZAF,South Africa
2004-12-01,93.367523,97.902721,1.753022,ZWE,Zimbabwe
2005-01-01,46.029,42.65697,4.822335,BWA,Botswana
2005-01-01,35.710923,33.750519,20.135589,KEN,Kenya
2005-01-01,54.817965,44.646137,1.041113,NAM,Namibia
2005-01-01,56.52636,48.572135,1.245711,ZAF,South Africa
2005-01-01,93.438557,98.043278,1.750465,ZWE,Zimbabwe
2005-02-01,46.193979,42.553685,4.040404,BWA,Botswana
2005-02-01,36.056955,33.432591,18.845709,KEN,Kenya
2005-02-01,54.664319,44.64921,1.100071,NAM,Namibia
2005-02-01,56.553907,48.591833,1.10685,ZAF,South Africa
2005-02-01,93.50959,98.183835,1.747915,ZWE,Zimbabwe
2005-03-01,46.303965,42.553685,3.0,BWA,Botswana
2005-03-01,36.570884,33.941749,19.13633,KEN,Kenya
2005-03-01,54.73421,44.665506,0.46393,NAM,Namibia
2005-03-01,56.898374,48.526174,0.859967,ZAF,South Africa
2005-03-01,93.580623,98.324393,1.745373,ZWE,Zimbabwe
2005-04-01,46.633922,42.966827,2.463054,BWA,Botswana
2005-04-01,37.561887,35.130423,21.725574,KEN,Kenya
2005-04-01,54.990993,45.019555,0.832279,NAM,Namibia
2005-04-01,57.070607,48.552437,0.914554,ZAF,South Africa
2005-04-01,93.651657,98.46495,1.742838,ZWE,Zimbabwe
2005-05-01,47.348828,42.863541,1.965602,BWA,Botswana
2005-05-01,37.772783,35.707796,20.005455,KEN,Kenya
2005-05-01,54.747385,44.178016,-1.853283,NAM,Namibia
2005-05-01,56.932823,48.513028,0.681473,ZAF,South Africa
2005-05-01,93.72269,98.605507,1.74031,ZWE,Zimbabwe
2005-06-01,48.063735,43.689827,3.170732,BWA,Botswana
2005-06-01,37.36942,35.654143,16.063624,KEN,Kenya
2005-06-01,54.912171,44.496186,-0.863584,NAM,Namibia
2005-06-01,56.8157,48.276599,0.726213,ZAF,South Africa
2005-06-01,93.793723,98.746065,1.73779,ZWE,Zimbabwe
2005-07-01,48.503678,44.412826,5.651106,BWA,Botswana
2005-07-01,37.088909,35.57414,15.850993,KEN,Kenya
2005-07-01,55.390617,44.968973,0.471366,NAM,Namibia
2005-07-01,57.235953,48.644388,2.081051,ZAF,South Africa
2005-07-01,93.864757,98.886622,1.735277,ZWE,Zimbabwe
2005-08-01,49.32857,44.825969,6.372549,BWA,Botswana
2005-08-01,36.898489,35.580964,9.189838,KEN,Kenya
2005-08-01,55.672884,45.197958,1.163317,NAM,Namibia
2005-08-01,57.3324,48.703481,2.402655,ZAF,South Africa
2005-08-01,93.93579,99.027179,1.732772,ZWE,Zimbabwe
2005-09-01,49.768513,45.342397,7.334963,BWA,Botswana
2005-09-01,36.728544,35.359454,5.682105,KEN,Kenya
2005-09-01,56.023221,45.710652,2.5788,NAM,Namibia
2005-09-01,57.380624,48.874237,2.690767,ZAF,South Africa
2005-09-01,94.006823,99.167737,1.730273,ZWE,Zimbabwe
2005-10-01,50.648398,45.755539,8.04878,BWA,Botswana
2005-10-01,36.820683,35.316329,4.950735,KEN,Kenya
2005-10-01,56.163602,46.051111,2.338098,NAM,Namibia
2005-10-01,57.449523,48.959608,2.179266,ZAF,South Africa
2005-10-01,94.077856,99.308294,1.727782,ZWE,Zimbabwe
2005-11-01,50.813377,46.168682,8.759124,BWA,Botswana
2005-11-01,37.256806,35.567412,6.188752,KEN,Kenya
2005-11-01,56.294251,46.397385,4.076701,NAM,Namibia
2005-11-01,57.43575,49.274842,1.942944,ZAF,South Africa
2005-11-01,94.14889,99.448852,1.725298,ZWE,Zimbabwe
2005-12-01,50.978355,46.271968,8.737864,BWA,Botswana
2005-12-01,37.91611,36.026684,6.549924,KEN,Kenya
2005-12-01,56.353537,46.586586,4.568877,NAM,Namibia
2005-12-01,57.490844,49.852768,3.447806,ZAF,South Africa
2005-12-01,94.219923,99.589409,1.722821,ZWE,Zimbabwe
2006-01-01,51.858241,47.201538,10.653753,BWA,Botswana
2006-01-01,41.206486,37.435699,10.918882,KEN,Kenya
2006-01-01,57.042935,46.77705,4.772894,NAM,Namibia
2006-01-01,57.711301,50.305914,3.569493,ZAF,South Africa
2006-01-01,94.290956,99.729966,1.720351,ZWE,Zimbabwe
2006-02-01,52.24319,47.717967,12.135922,BWA,Botswana
2006-02-01,42.860888,37.419825,11.926192,KEN,Kenya
2006-02-01,56.792399,46.633282,4.443691,NAM,Namibia
2006-02-01,57.787088,50.43726,3.797815,ZAF,South Africa
2006-02-01,94.36199,99.870524,1.717888,ZWE,Zimbabwe
2006-03-01,52.683133,48.440966,13.834951,BWA,Botswana
2006-03-01,43.57138,37.698327,11.067721,KEN,Kenya
2006-03-01,57.035339,47.162753,5.590997,NAM,Namibia
2006-03-01,57.959321,50.653992,4.384887,ZAF,South Africa
2006-03-01,94.433023,100.011081,1.715432,ZWE,Zimbabwe
2006-04-01,53.288054,49.163966,14.423077,BWA,Botswana
2006-04-01,43.139352,37.446207,6.591961,KEN,Kenya
2006-04-01,57.102729,47.229061,4.907879,NAM,Namibia
2006-04-01,58.097104,50.851011,4.734209,ZAF,South Africa
2006-04-01,94.504056,100.151638,1.712984,ZWE,Zimbabwe
2006-05-01,53.78299,49.78368,16.144578,BWA,Botswana
2006-05-01,42.715514,37.605212,5.313731,KEN,Kenya
2006-05-01,57.244404,47.537772,7.605041,NAM,Namibia
2006-05-01,58.317561,51.094006,5.320175,ZAF,South Africa
2006-05-01,94.57509,100.292196,1.710542,ZWE,Zimbabwe
2006-06-01,54.057954,49.886965,14.184397,BWA,Botswana
2006-06-01,41.452189,37.580021,5.401554,KEN,Kenya
2006-06-01,57.800162,47.780755,7.381686,NAM,Namibia
2006-06-01,58.744701,51.363264,6.39371,ZAF,South Africa
2006-06-01,94.646123,100.432753,1.708107,ZWE,Zimbabwe
2006-07-01,54.277925,50.093536,12.790698,BWA,Botswana
2006-07-01,40.852264,37.487768,5.379269,KEN,Kenya
2006-07-01,58.264864,47.752043,6.188866,NAM,Namibia
2006-07-01,59.151165,51.619391,6.115819,ZAF,South Africa
2006-07-01,94.717156,100.57331,1.705679,ZWE,Zimbabwe
2006-08-01,54.607882,50.609965,12.903226,BWA,Botswana
2006-08-01,41.143013,37.860962,6.407917,KEN,Kenya
2006-08-01,58.764645,48.180427,6.598681,NAM,Namibia
2006-08-01,59.557629,51.882083,6.526437,ZAF,South Africa
2006-08-01,94.788189,100.713868,1.703258,ZWE,Zimbabwe
2006-09-01,54.992832,50.71325,11.845103,BWA,Botswana
2006-09-01,41.814602,38.09179,7.727316,KEN,Kenya
2006-09-01,59.089283,48.724248,6.592764,NAM,Namibia
2006-09-01,59.709202,52.414034,7.242665,ZAF,South Africa
2006-09-01,94.859223,100.854425,1.700844,ZWE,Zimbabwe
2006-10-01,55.322789,51.023107,11.512415,BWA,Botswana
2006-10-01,42.596757,38.293935,8.431246,KEN,Kenya
2006-10-01,59.282643,49.372256,7.211866,NAM,Namibia
2006-10-01,60.026105,53.044502,8.343396,ZAF,South Africa
2006-10-01,94.930256,100.994983,1.698437,ZWE,Zimbabwe
2006-11-01,55.267796,50.816536,10.067114,BWA,Botswana
2006-11-01,42.711419,38.478819,8.185602,KEN,Kenya
2006-11-01,59.57257,50.14222,8.07122,NAM,Namibia
2006-11-01,60.026105,53.22839,8.023461,ZAF,South Africa
2006-11-01,95.001289,101.13554,1.696036,ZWE,Zimbabwe
2006-12-01,55.322789,50.71325,9.598214,BWA,Botswana
2006-12-01,43.827321,39.554414,9.791994,KEN,Kenya
2006-12-01,59.753292,50.520464,8.444227,NAM,Namibia
2006-12-01,60.260336,53.31376,6.942427,ZAF,South Africa
2006-12-01,95.072323,101.276097,1.693642,ZWE,Zimbabwe
2007-01-01,55.707739,51.229679,8.533917,BWA,Botswana
2007-01-01,45.193022,39.744784,6.168138,KEN,Kenya
2007-01-01,60.259249,50.851016,8.709328,NAM,Namibia
2007-01-01,60.701249,54.187223,7.715413,ZAF,South Africa
2007-01-01,95.143356,101.416655,1.691255,ZWE,Zimbabwe
2007-02-01,56.037696,51.746107,8.441558,BWA,Botswana
2007-02-01,45.780662,38.972484,4.149294,KEN,Kenya
2007-02-01,60.453105,51.056573,9.485265,NAM,Namibia
2007-02-01,60.625463,54.141247,7.343752,ZAF,South Africa
2007-02-01,95.214389,101.557212,1.688875,ZWE,Zimbabwe
2007-03-01,56.092689,52.469106,8.315565,BWA,Botswana
2007-03-01,46.130789,38.856652,3.072616,KEN,Kenya
2007-03-01,60.76013,51.658042,9.531437,NAM,Namibia
2007-03-01,61.045716,54.463047,7.519754,ZAF,South Africa
2007-03-01,95.285423,101.697769,1.686501,ZWE,Zimbabwe
2007-04-01,56.587624,53.08882,7.983193,BWA,Botswana
2007-04-01,45.580004,38.440941,2.656436,KEN,Kenya
2007-04-01,61.271059,52.617532,11.409228,NAM,Namibia
2007-04-01,61.5624,55.132925,8.420508,ZAF,South Africa
2007-04-01,95.356456,101.838327,1.684135,ZWE,Zimbabwe
2007-05-01,57.192545,54.121676,8.713693,BWA,Botswana
2007-05-01,45.420297,38.649659,2.7774,KEN,Kenya
2007-05-01,61.607587,53.238059,11.991069,NAM,Namibia
2007-05-01,61.84487,55.710851,9.035982,ZAF,South Africa
2007-05-01,95.427489,101.978884,1.681774,ZWE,Zimbabwe
2007-06-01,57.577495,55.670961,11.594203,BWA,Botswana
2007-06-01,46.055031,39.604616,5.387426,KEN,Kenya
2007-06-01,61.779994,53.474105,11.915572,NAM,Namibia
2007-06-01,62.285784,56.058914,9.142039,ZAF,South Africa
2007-06-01,95.498522,102.119441,1.679421,ZWE,Zimbabwe
2007-07-01,58.402388,56.600532,12.989691,BWA,Botswana
2007-07-01,46.390825,40.186112,7.197933,KEN,Kenya
2007-07-01,62.33123,54.040664,13.169324,NAM,Namibia
2007-07-01,62.823144,56.669684,9.783714,ZAF,South Africa
2007-07-01,95.569556,102.259999,1.677074,ZWE,Zimbabwe
2007-08-01,58.567366,57.013674,12.653061,BWA,Botswana
2007-08-01,46.231118,40.4829,6.925174,KEN,Kenya
2007-08-01,62.704314,54.703767,13.539398,NAM,Namibia
2007-08-01,63.222721,57.470908,10.772167,ZAF,South Africa
2007-08-01,95.640589,102.400556,1.674733,ZWE,Zimbabwe
2007-09-01,58.732345,57.11696,12.627291,BWA,Botswana
2007-09-01,46.716382,40.861978,7.2724,KEN,Kenya
2007-09-01,63.010738,55.187707,13.265384,NAM,Namibia
2007-09-01,63.580961,58.521678,11.652687,ZAF,South Africa
2007-09-01,95.711622,102.541114,1.672399,ZWE,Zimbabwe
2007-10-01,59.337266,57.633388,12.955466,BWA,Botswana
2007-10-01,47.091079,41.011553,7.096731,KEN,Kenya
2007-10-01,63.533796,55.852146,13.124557,NAM,Namibia
2007-10-01,64.166545,59.480511,12.133226,ZAF,South Africa
2007-10-01,95.782656,102.681671,1.670071,ZWE,Zimbabwe
2007-11-01,59.502244,58.459673,15.04065,BWA,Botswana
2007-11-01,47.764716,41.550114,7.98178,KEN,Kenya
2007-11-01,62.668189,56.849359,13.376231,NAM,Namibia
2007-11-01,64.366342,60.058437,12.831588,ZAF,South Africa
2007-11-01,95.853689,102.822228,1.66775,ZWE,Zimbabwe
2007-12-01,59.832201,58.562959,15.478615,BWA,Botswana
2007-12-01,49.101751,42.511485,7.475957,KEN,Kenya
2007-12-01,63.053408,57.114041,13.051299,NAM,Namibia
2007-12-01,64.821029,60.307998,13.119011,ZAF,South Africa
2007-12-01,95.924722,102.962786,1.665436,ZWE,Zimbabwe
2008-01-01,60.38213,60.525386,18.145161,BWA,Botswana
2008-01-01,54.799395,43.96966,10.630013,KEN,Kenya
2008-01-01,64.043297,58.497851,15.037723,NAM,Namibia
2008-01-01,65.723517,61.339071,13.198402,ZAF,South Africa
2008-01-01,95.995755,103.103343,1.663128,ZWE,Zimbabwe
2008-02-01,61.097036,61.248386,18.363273,BWA,Botswana
2008-02-01,54.642718,44.763908,14.86029,KEN,Kenya
2008-02-01,64.202912,58.79827,15.162978,NAM,Namibia
2008-02-01,65.88075,61.483059,13.560477,ZAF,South Africa
2008-02-01,96.066789,103.2439,1.660826,ZWE,Zimbabwe
2008-03-01,61.646965,61.8681,17.913386,BWA,Botswana
2008-03-01,55.213023,45.427847,16.911379,KEN,Kenya
2008-03-01,64.935161,59.561777,15.300107,NAM,Namibia
2008-03-01,66.82415,62.490978,14.740143,ZAF,South Africa
2008-03-01,96.137822,103.384458,1.65853,ZWE,Zimbabwe
2008-04-01,62.9118,62.900956,18.48249,BWA,Botswana
2008-04-01,56.773527,47.224924,22.850591,KEN,Kenya
2008-04-01,65.968127,61.211054,16.33205,NAM,Namibia
2008-04-01,67.29585,63.21092,14.651854,ZAF,South Africa
2008-04-01,96.208855,103.525015,1.656241,ZWE,Zimbabwe
2008-05-01,64.121642,64.140384,18.51145,BWA,Botswana
2008-05-01,58.227491,48.488806,25.457266,KEN,Kenya
2008-05-01,66.559915,61.733528,15.957511,NAM,Namibia
2008-05-01,67.767549,64.362828,15.530146,ZAF,South Africa
2008-05-01,96.279889,103.665572,1.653958,ZWE,Zimbabwe
2008-06-01,65.881413,65.792954,18.181818,BWA,Botswana
2008-06-01,58.891802,48.634982,22.801297,KEN,Kenya
2008-06-01,67.168789,62.456171,16.797039,NAM,Namibia
2008-06-01,68.710949,65.514735,16.867649,ZAF,South Africa
2008-06-01,96.350922,103.80613,1.651682,ZWE,Zimbabwe
2008-07-01,67.146248,67.032382,18.430657,BWA,Botswana
2008-07-01,59.142485,48.534819,20.775104,KEN,Kenya
2008-07-01,68.781097,63.929352,18.298604,NAM,Namibia
2008-07-01,69.811582,66.666642,17.640752,ZAF,South Africa
2008-07-01,96.421955,103.946687,1.649412,ZWE,Zimbabwe
2008-08-01,67.366219,67.755381,18.84058,BWA,Botswana
2008-08-01,60.095082,49.257919,21.675866,KEN,Kenya
2008-08-01,69.258843,64.609777,18.10846,NAM,Namibia
2008-08-01,70.283282,67.386585,17.253385,ZAF,South Africa
2008-08-01,96.492989,104.087245,1.647148,ZWE,Zimbabwe
2008-09-01,66.981269,68.788238,20.433996,BWA,Botswana
2008-09-01,60.728058,49.907216,22.136075,KEN,Kenya
2008-09-01,69.685582,65.450194,18.595603,NAM,Namibia
2008-09-01,70.597749,68.394504,16.870374,ZAF,South Africa
2008-09-01,96.564022,104.227802,1.64489,ZWE,Zimbabwe
2008-10-01,67.091255,72.093378,25.089606,BWA,Botswana
2008-10-01,60.941139,50.307812,22.667416,KEN,Kenya
2008-10-01,70.003021,65.861058,17.920372,NAM,Namibia
2008-10-01,70.912215,68.970457,15.954715,ZAF,South Africa
2008-10-01,96.635055,104.368359,1.642638,ZWE,Zimbabwe
2008-11-01,69.016004,72.609806,24.204947,BWA,Botswana
2008-11-01,62.000276,51.469626,23.87361,KEN,Kenya
2008-11-01,70.345454,66.530335,17.029174,NAM,Namibia
2008-11-01,70.912215,69.402423,15.558155,ZAF,South Africa
2008-11-01,96.706088,104.508917,1.640393,ZWE,Zimbabwe
2008-12-01,68.026133,73.22952,25.044092,BWA,Botswana
2008-12-01,62.276028,51.42801,20.974391,KEN,Kenya
2008-12-01,70.09316,66.545773,16.513859,NAM,Namibia
2008-12-01,70.754982,69.690399,15.557474,ZAF,South Africa
2008-12-01,96.777122,104.649474,1.638153,ZWE,Zimbabwe
2009-01-01,68.081126,74.055805,22.354949,BWA,Botswana
2009-01-01,62.044146,51.88894,18.010781,KEN,Kenya
2009-01-01,71.450497,67.434001,15.27603,NAM,Namibia
2009-01-01,71.226682,71.130284,15.962441,ZAF,South Africa
2009-01-01,96.848155,104.790031,1.63592,ZWE,Zimbabwe
2009-02-01,68.246105,74.262377,21.247892,BWA,Botswana
2009-02-01,62.670854,53.161678,18.760136,KEN,Kenya
2009-02-01,71.556284,67.937915,15.544073,NAM,Namibia
2009-02-01,71.855615,71.274272,15.925059,ZAF,South Africa
2009-02-01,93.923211,100.746121,-2.4193,ZWE,Zimbabwe
2009-03-01,68.851026,75.191947,21.535893,BWA,Botswana
2009-03-01,63.273485,54.114458,19.121776,KEN,Kenya
2009-03-01,72.091011,68.654689,15.266354,NAM,Namibia
2009-03-01,72.956248,71.706237,14.746544,ZAF,South Africa
2009-03-01,90.998266,95.11981,-7.994091,ZWE,Zimbabwe
2009-04-01,69.290968,75.501804,20.032841,BWA,Botswana
2009-04-01,63.822751,55.135133,16.750075,KEN,Kenya
2009-04-01,72.459659,68.808856,12.412468,NAM,Namibia
2009-04-01,73.270715,71.994214,13.895216,ZAF,South Africa
2009-04-01,90.023285,92.306655,-10.836376,ZWE,Zimbabwe
2009-05-01,69.51094,75.708376,18.035427,BWA,Botswana
2009-05-01,63.823102,55.035525,13.501506,KEN,Kenya
2009-05-01,72.73378,69.255927,12.185273,NAM,Namibia
2009-05-01,73.427948,72.282191,12.304251,ZAF,South Africa
2009-05-01,89.210801,91.603366,-11.635691,ZWE,Zimbabwe
2009-06-01,70.500811,75.811661,15.22763,BWA,Botswana
2009-06-01,63.955777,54.901631,12.885065,KEN,Kenya
2009-06-01,74.305909,69.62473,11.477743,NAM,Namibia
2009-06-01,73.742415,72.138203,10.10989,ZAF,South Africa
2009-06-01,89.698291,90.372611,-12.940969,ZWE,Zimbabwe
2009-07-01,71.160725,76.947803,14.791988,BWA,Botswana
2009-07-01,64.131462,55.060906,13.446196,KEN,Kenya
2009-07-01,74.882193,69.432,8.60739,NAM,Namibia
2009-07-01,74.371348,71.706237,7.559395,ZAF,South Africa
2009-07-01,90.510776,90.548433,-12.889544,ZWE,Zimbabwe
2009-08-01,71.490682,77.051089,13.719512,BWA,Botswana
2009-08-01,64.513578,55.631228,12.938649,KEN,Kenya
2009-08-01,75.538176,70.97929,9.858435,NAM,Namibia
2009-08-01,74.685814,71.850226,6.623932,ZAF,South Africa
2009-08-01,90.998266,90.548433,-13.007176,ZWE,Zimbabwe
2009-09-01,71.65566,76.947803,11.861862,BWA,Botswana
2009-09-01,64.816453,55.84019,11.888009,KEN,Kenya
2009-09-01,75.530038,70.552637,7.795918,NAM,Namibia
2009-09-01,74.843048,71.850226,5.052632,ZAF,South Africa
2009-09-01,90.510776,89.4935,-14.136633,ZWE,Zimbabwe
2009-10-01,71.710653,76.947803,6.733524,BWA,Botswana
2009-10-01,64.975635,55.980612,11.276181,KEN,Kenya
2009-10-01,75.732929,71.101316,7.956535,NAM,Namibia
2009-10-01,74.843048,72.42618,5.010438,ZAF,South Africa
2009-10-01,91.160763,89.845144,-13.915343,ZWE,Zimbabwe
2009-11-01,71.930624,77.051089,6.116643,BWA,Botswana
2009-11-01,65.098909,56.16626,9.125059,KEN,Kenya
2009-11-01,75.773724,70.732039,6.315471,NAM,Namibia
2009-11-01,74.843048,72.282191,4.149378,ZAF,South Africa
2009-11-01,91.160763,90.020967,-13.862884,ZWE,Zimbabwe
2009-12-01,71.985617,76.637946,4.654443,BWA,Botswana
2009-12-01,65.592009,56.556428,9.972033,KEN,Kenya
2009-12-01,75.648947,70.23065,5.537357,NAM,Namibia
2009-12-01,75.157514,72.138203,3.512397,ZAF,South Africa
2009-12-01,91.648254,90.548433,-13.474545,ZWE,Zimbabwe
2010-01-01,72.260581,76.689589,3.556485,BWA,Botswana
2010-01-01,65.734984,56.691132,9.254752,KEN,Kenya
2010-01-01,76.767999,71.179445,5.554238,NAM,Namibia
2010-01-01,75.314748,72.570168,2.024291,ZAF,South Africa
2010-01-01,92.298242,92.130833,-12.080537,ZWE,Zimbabwe
2010-02-01,72.426174,76.689589,3.268428,BWA,Botswana
2010-02-01,65.915849,57.014982,7.248273,KEN,Kenya
2010-02-01,77.088978,71.743349,5.601341,NAM,Namibia
2010-02-01,75.786447,72.42618,1.616162,ZAF,South Africa
2010-02-01,93.110726,93.889055,-6.806283,ZWE,Zimbabwe
2010-03-01,72.922953,77.350617,2.870879,BWA,Botswana
2010-03-01,65.783847,56.544961,4.491411,KEN,Kenya
2010-03-01,77.172557,71.760932,4.524445,NAM,Namibia
2010-03-01,76.415381,72.42618,1.004016,ZAF,South Africa
2010-03-01,94.248205,96.174744,1.109057,ZWE,Zimbabwe
2010-04-01,74.237346,78.362817,3.78933,BWA,Botswana
2010-04-01,66.157491,57.22303,3.78687,KEN,Kenya
2010-04-01,77.074667,71.449067,3.837021,NAM,Namibia
2010-04-01,76.415381,72.570168,0.8,ZAF,South Africa
2010-04-01,94.248205,97.053855,5.142857,ZWE,Zimbabwe
2010-05-01,74.951465,79.178773,4.583902,BWA,Botswana
2010-05-01,66.297376,57.477338,4.436795,KEN,Kenya
2010-05-01,77.18542,71.032879,2.565776,NAM,Namibia
2010-05-01,76.572614,72.714156,0.59761,ZAF,South Africa
2010-05-01,94.573198,97.581321,6.525912,ZWE,Zimbabwe
2010-06-01,75.945022,79.230416,4.509537,BWA,Botswana
2010-06-01,66.186542,57.301287,4.370827,KEN,Kenya
2010-06-01,77.221151,71.056468,2.056365,NAM,Namibia
2010-06-01,76.572614,72.42618,0.399202,ZAF,South Africa
2010-06-01,94.410701,97.053855,7.392996,ZWE,Zimbabwe
2010-07-01,76.22446,79.385345,3.167785,BWA,Botswana
2010-07-01,66.418489,57.574197,4.564565,KEN,Kenya
2010-07-01,78.11681,72.127704,3.88251,NAM,Namibia
2010-07-01,77.201547,72.570168,1.204819,ZAF,South Africa
2010-07-01,94.410701,97.053855,7.184466,ZWE,Zimbabwe
2010-08-01,76.276208,79.581587,3.284182,BWA,Botswana
2010-08-01,66.590052,58.677076,5.475068,KEN,Kenya
2010-08-01,78.014776,71.952233,1.370741,NAM,Namibia
2010-08-01,77.201547,73.002133,1.603206,ZAF,South Africa
2010-08-01,94.248205,97.053855,7.184466,ZWE,Zimbabwe
2010-09-01,76.659141,79.529944,3.355705,BWA,Botswana
2010-09-01,66.894171,59.012536,5.681115,KEN,Kenya
2010-09-01,78.150906,72.398108,2.615736,NAM,Namibia
2010-09-01,77.201547,72.858145,1.402806,ZAF,South Africa
2010-09-01,94.248205,97.053855,8.447937,ZWE,Zimbabwe
2010-10-01,76.824734,79.529944,3.355705,BWA,Botswana
2010-10-01,67.038669,59.130844,5.627363,KEN,Kenya
2010-10-01,78.017748,72.190045,1.531235,NAM,Namibia
2010-10-01,77.35878,73.146122,0.994036,ZAF,South Africa
2010-10-01,94.573198,97.405499,8.414873,ZWE,Zimbabwe
2010-11-01,77.042075,79.788159,3.552279,BWA,Botswana
2010-11-01,67.598713,59.932314,6.70519,KEN,Kenya
2010-11-01,78.203119,72.530565,2.542732,NAM,Namibia
2010-11-01,77.516014,73.146122,1.195219,ZAF,South Africa
2010-11-01,94.898192,98.812077,9.765625,ZWE,Zimbabwe
2010-12-01,77.321513,79.984401,4.366577,BWA,Botswana
2010-12-01,68.549353,60.987948,7.835573,KEN,Kenya
2010-12-01,77.963833,71.773538,2.196888,NAM,Namibia
2010-12-01,77.673247,73.29011,1.596806,ZAF,South Africa
2010-12-01,94.573198,97.229677,7.378641,ZWE,Zimbabwe
2011-01-01,77.983884,80.294258,4.700337,BWA,Botswana
2011-01-01,69.295955,61.541847,8.55639,KEN,Kenya
2011-01-01,79.281881,72.02868,1.193089,NAM,Namibia
2011-01-01,78.144947,75.017971,3.373016,ZAF,South Africa
2011-01-01,95.54818,98.460432,6.870229,ZWE,Zimbabwe
2011-02-01,78.584158,80.748715,5.292929,BWA,Botswana
2011-02-01,70.228043,62.612284,9.817249,KEN,Kenya
2011-02-01,79.398659,72.027435,0.395974,NAM,Namibia
2011-02-01,78.459413,75.017971,3.578529,ZAF,South Africa
2011-02-01,96.035671,98.812077,5.243446,ZWE,Zimbabwe
2011-03-01,79.080937,81.461386,5.314461,BWA,Botswana
2011-03-01,71.832159,65.078889,15.092287,KEN,Kenya
2011-03-01,79.97367,72.973303,1.689458,NAM,Namibia
2011-03-01,79.402813,75.881902,4.771372,ZAF,South Africa
2011-03-01,96.685658,99.515365,3.473492,ZWE,Zimbabwe
2011-04-01,80.291835,83.44447,6.484777,BWA,Botswana
2011-04-01,74.132685,68.175712,19.14034,KEN,Kenya
2011-04-01,80.735628,74.262141,3.937174,NAM,Namibia
2011-04-01,79.71728,76.02589,4.761905,ZAF,South Africa
2011-04-01,96.848155,100.042832,3.07971,ZWE,Zimbabwe
2011-05-01,81.171547,84.146813,6.274459,BWA,Botswana
2011-05-01,74.88212,69.044885,20.125405,KEN,Kenya
2011-05-01,81.122606,74.932962,5.490532,NAM,Namibia
2011-05-01,80.031746,77.177798,6.138614,ZAF,South Africa
2011-05-01,97.010652,99.86701,2.342342,ZWE,Zimbabwe
2011-06-01,81.937414,84.559955,6.726633,BWA,Botswana
2011-06-01,75.773806,70.206062,22.520917,KEN,Kenya
2011-06-01,81.323453,75.264091,5.921519,NAM,Namibia
2011-06-01,80.503446,77.465775,6.95825,ZAF,South Africa
2011-06-01,97.173149,100.042832,3.07971,ZWE,Zimbabwe
2011-07-01,82.103007,84.756198,6.765548,BWA,Botswana
2011-07-01,76.736394,71.405084,24.022718,KEN,Kenya
2011-07-01,81.819003,75.727825,4.991314,NAM,Namibia
2011-07-01,81.132379,78.041728,7.539683,ZAF,South Africa
2011-07-01,97.335646,100.394476,3.442029,ZWE,Zimbabwe
2011-08-01,82.930971,85.220983,7.086308,BWA,Botswana
2011-08-01,77.693085,72.678146,23.861226,KEN,Kenya
2011-08-01,82.13306,76.251121,5.974642,NAM,Namibia
2011-08-01,81.132379,78.185717,7.100592,ZAF,South Africa
2011-08-01,97.498143,100.394476,3.442029,ZWE,Zimbabwe
2011-09-01,83.262157,85.67544,7.727273,BWA,Botswana
2011-09-01,78.482167,73.391793,24.366446,KEN,Kenya
2011-09-01,82.146008,76.207126,5.261212,NAM,Namibia
2011-09-01,81.761313,79.049647,8.498024,ZAF,South Africa
2011-09-01,98.310627,100.921943,3.985507,ZWE,Zimbabwe
2011-10-01,83.593342,86.18154,8.363636,BWA,Botswana
2011-10-01,79.717327,74.625184,26.203482,KEN,Kenya
2011-10-01,82.825731,77.260474,7.023723,NAM,Namibia
2011-10-01,82.233012,80.63352,10.23622,ZAF,South Africa
2011-10-01,98.473124,101.097765,3.790614,ZWE,Zimbabwe
2011-11-01,84.141869,86.635997,8.582524,BWA,Botswana
2011-11-01,80.926295,75.63686,26.203804,KEN,Kenya
2011-11-01,83.088444,77.731829,7.171133,NAM,Namibia
2011-11-01,82.233012,81.065485,10.826772,ZAF,South Africa
2011-11-01,98.960615,102.504343,3.736655,ZWE,Zimbabwe
2011-12-01,84.410957,87.193739,9.01343,BWA,Botswana
2011-12-01,81.52842,76.223793,24.98173,KEN,Kenya
2011-12-01,83.730809,78.991011,10.055897,NAM,Namibia
2011-12-01,82.547479,81.497451,11.198428,ZAF,South Africa
2011-12-01,99.123112,102.855987,5.786618,ZWE,Zimbabwe
2012-01-01,84.855988,87.451953,8.91433,BWA,Botswana
2012-01-01,81.983343,76.665098,24.573932,KEN,Kenya
2012-01-01,84.667765,79.360459,10.178972,NAM,Namibia
2012-01-01,82.861946,82.649358,10.172745,ZAF,South Africa
2012-01-01,99.610602,103.207632,4.821429,ZWE,Zimbabwe
2012-02-01,85.073328,87.958053,8.928115,BWA,Botswana
2012-02-01,81.94985,76.431894,22.071723,KEN,Kenya
2012-02-01,85.313893,80.206456,11.355426,NAM,Namibia
2012-02-01,83.333646,82.361381,9.788868,ZAF,South Africa
2012-02-01,100.098093,103.735098,4.982206,ZWE,Zimbabwe
2012-03-01,85.456262,88.619081,8.786611,BWA,Botswana
2012-03-01,83.047222,78.297319,20.311394,KEN,Kenya
2012-03-01,85.747577,80.651032,10.521285,NAM,Namibia
2012-03-01,84.277045,82.50537,8.728653,ZAF,South Africa
2012-03-01,100.585584,104.614209,5.123675,ZWE,Zimbabwe
2012-04-01,86.284226,89.837852,7.661839,BWA,Botswana
2012-04-01,83.814055,79.248525,16.241581,KEN,Kenya
2012-04-01,86.039497,81.062332,9.157008,NAM,Namibia
2012-04-01,84.748745,82.50537,8.522727,ZAF,South Africa
2012-04-01,100.748081,104.790031,4.745167,ZWE,Zimbabwe
2012-05-01,87.433027,90.550522,7.610163,BWA,Botswana
2012-05-01,84.033941,79.107419,14.573902,KEN,Kenya
2012-05-01,86.252872,81.092013,8.219414,NAM,Namibia
2012-05-01,84.748745,82.50537,6.902985,ZAF,South Africa
2012-05-01,100.748081,104.438387,4.577465,ZWE,Zimbabwe
2012-06-01,87.878057,91.159908,7.805057,BWA,Botswana
2012-06-01,83.387828,77.597493,10.528196,KEN,Kenya
2012-06-01,86.066085,80.43317,6.867923,NAM,Namibia
2012-06-01,85.063212,82.217393,6.133829,ZAF,South Africa
2012-06-01,101.073075,104.790031,4.745167,ZWE,Zimbabwe
2012-07-01,88.157495,91.562722,8.030709,BWA,Botswana
2012-07-01,82.676031,76.135115,6.624222,KEN,Kenya
2012-07-01,86.95093,81.891274,8.13895,NAM,Namibia
2012-07-01,85.063212,82.217393,5.350554,ZAF,South Africa
2012-07-01,101.235571,104.790031,4.378284,ZWE,Zimbabwe
2012-08-01,88.426584,91.86225,7.792995,BWA,Botswana
2012-08-01,82.42116,75.307712,3.618097,KEN,Kenya
2012-08-01,87.179964,81.763252,7.228918,NAM,Namibia
2012-08-01,85.534912,82.073404,4.972376,ZAF,South Africa
2012-08-01,101.073075,104.614209,4.203152,ZWE,Zimbabwe
2012-09-01,89.140703,92.22375,7.643159,BWA,Botswana
2012-09-01,82.657309,75.527515,2.910029,KEN,Kenya
2012-09-01,87.914564,83.106834,9.053889,NAM,Namibia
2012-09-01,86.163845,83.657277,5.82878,ZAF,South Africa
2012-09-01,101.560565,105.844965,4.878049,ZWE,Zimbabwe
2012-10-01,89.523636,92.781492,7.658198,BWA,Botswana
2012-10-01,83.014739,75.699822,1.440047,KEN,Kenya
2012-10-01,88.74029,84.846226,9.818413,NAM,Namibia
2012-10-01,86.792778,85.673115,6.25,ZAF,South Africa
2012-10-01,101.885559,106.196609,5.043478,ZWE,Zimbabwe
2012-11-01,90.403348,93.081021,7.439199,BWA,Botswana
2012-11-01,83.55827,76.946932,1.732054,KEN,Kenya
2012-11-01,89.34311,85.938871,10.558149,NAM,Namibia
2012-11-01,86.950011,86.825022,7.104796,ZAF,South Africa
2012-11-01,101.885559,106.548253,3.945111,ZWE,Zimbabwe
2012-12-01,90.682786,93.494163,7.225776,BWA,Botswana
2012-12-01,84.137617,77.539473,1.726075,KEN,Kenya
2012-12-01,89.075239,85.062198,7.685921,NAM,Namibia
2012-12-01,87.264478,86.825022,6.537102,ZAF,South Africa
2012-12-01,102.048056,106.724076,3.760684,ZWE,Zimbabwe
2013-01-01,91.231313,94.000263,7.487894,BWA,Botswana
2013-01-01,84.99303,78.503983,2.398595,KEN,Kenya
2013-01-01,89.915765,85.318406,7.50745,NAM,Namibia
2013-01-01,87.578944,87.544965,5.923345,ZAF,South Africa
2013-01-01,102.210553,107.07572,3.747871,ZWE,Zimbabwe
2013-02-01,91.396905,94.403077,7.327384,BWA,Botswana
2013-02-01,85.599919,79.51476,4.033481,KEN,Kenya
2013-02-01,90.282855,85.81281,6.989904,NAM,Namibia
2013-02-01,88.365111,87.112999,5.769231,ZAF,South Africa
2013-02-01,103.185534,108.65812,4.745763,ZWE,Zimbabwe
2013-03-01,91.893684,94.960819,7.156177,BWA,Botswana
2013-03-01,86.460853,80.588819,2.926665,KEN,Kenya
2013-03-01,90.785946,86.219972,6.904982,NAM,Namibia
2013-03-01,89.465744,86.969011,5.410122,ZAF,South Africa
2013-03-01,103.348031,109.009764,4.201681,ZWE,Zimbabwe
2013-04-01,92.493958,95.270676,6.047367,BWA,Botswana
2013-04-01,87.285195,82.077495,3.569745,KEN,Kenya
2013-04-01,91.081004,86.565339,6.788613,NAM,Namibia
2013-04-01,89.622977,87.400976,5.933682,ZAF,South Africa
2013-04-01,103.185534,108.482298,3.52349,ZWE,Zimbabwe
2013-05-01,92.773396,95.570205,5.543515,BWA,Botswana
2013-05-01,87.438772,82.49201,4.278475,KEN,Kenya
2013-05-01,91.212584,86.766942,6.998136,NAM,Namibia
2013-05-01,89.465744,87.400976,5.933682,ZAF,South Africa
2013-05-01,103.023037,108.130653,3.535354,ZWE,Zimbabwe
2013-06-01,92.990737,95.725133,5.007931,BWA,Botswana
2013-06-01,87.482952,82.639161,6.497205,KEN,Kenya
2013-06-01,91.439501,87.036006,8.209096,NAM,Namibia
2013-06-01,89.622977,87.400976,6.304729,ZAF,South Africa
2013-06-01,102.860541,107.779009,2.852349,ZWE,Zimbabwe
2013-07-01,93.15633,95.828419,4.65877,BWA,Botswana
2013-07-01,87.656355,82.558694,8.437078,KEN,Kenya
2013-07-01,92.073841,87.10083,6.361551,NAM,Namibia
2013-07-01,90.566377,87.688953,6.654991,ZAF,South Africa
2013-07-01,102.535547,106.548253,1.677852,ZWE,Zimbabwe
2013-08-01,93.37367,96.17959,4.699798,BWA,Botswana
2013-08-01,87.922614,82.639159,9.735322,KEN,Kenya
2013-08-01,92.435153,87.681569,7.238358,NAM,Namibia
2013-08-01,90.880844,88.120918,7.368421,ZAF,South Africa
2013-08-01,102.37305,105.669142,1.008403,ZWE,Zimbabwe
2013-09-01,93.60136,96.530761,4.670176,BWA,Botswana
2013-09-01,89.507505,85.006921,12.55093,KEN,Kenya
2013-09-01,92.700448,88.064823,5.965802,NAM,Namibia
2013-09-01,91.352544,88.84086,6.196213,ZAF,South Africa
2013-09-01,102.37305,105.49332,-0.332226,ZWE,Zimbabwe
2013-10-01,93.818701,96.788975,4.31927,BWA,Botswana
2013-10-01,89.460724,84.806284,12.029701,KEN,Kenya
2013-10-01,93.062155,88.944679,4.830448,NAM,Namibia
2013-10-01,91.509777,89.560803,4.537815,ZAF,South Africa
2013-10-01,102.37305,105.49332,-0.662252,ZWE,Zimbabwe
2013-11-01,94.149887,97.047189,4.260985,BWA,Botswana
2013-11-01,89.706439,85.1469,10.656654,KEN,Kenya
2013-11-01,93.30238,89.620137,4.283587,NAM,Namibia
2013-11-01,91.66701,90.280745,3.9801,ZAF,South Africa
2013-11-01,102.535547,104.790031,-1.650165,ZWE,Zimbabwe
2013-12-01,94.418975,97.140146,3.899691,BWA,Botswana
2013-12-01,90.152199,85.612073,10.410955,KEN,Kenya
2013-12-01,93.434145,90.237261,6.083857,NAM,Namibia
2013-12-01,91.824243,90.280745,3.9801,ZAF,South Africa
2013-12-01,102.37305,104.438387,-2.14168,ZWE,Zimbabwe
2014-01-01,95.195192,97.398361,3.614987,BWA,Botswana
2014-01-01,91.122194,86.465947,10.142114,KEN,Kenya
2014-01-01,94.310792,91.289999,6.999184,NAM,Namibia
2014-01-01,92.453177,91.864617,4.934211,ZAF,South Africa
2014-01-01,102.535547,104.965854,-1.970443,ZWE,Zimbabwe
2014-02-01,95.629873,97.749532,3.544858,BWA,Botswana
2014-02-01,91.468702,86.779662,9.136545,KEN,Kenya
2014-02-01,94.954751,91.999659,7.209702,NAM,Namibia
2014-02-01,93.55381,92.296583,5.950413,ZAF,South Africa
2014-02-01,102.698044,105.141676,-3.236246,ZWE,Zimbabwe
2014-03-01,95.961058,98.007746,3.208614,BWA,Botswana
2014-03-01,91.880099,87.267179,8.286955,KEN,Kenya
2014-03-01,95.539062,93.628138,8.59217,NAM,Namibia
2014-03-01,94.654443,93.736467,7.781457,ZAF,South Africa
2014-03-01,102.37305,104.965854,-3.709677,ZWE,Zimbabwe
2014-04-01,96.726925,98.358917,3.241544,BWA,Botswana
2014-04-01,92.878297,88.714342,8.086074,KEN,Kenya
2014-04-01,96.455378,94.279545,8.911426,NAM,Namibia
2014-04-01,95.283376,95.032363,8.731466,ZAF,South Africa
2014-04-01,103.023037,104.438387,-3.727715,ZWE,Zimbabwe
2014-05-01,96.954616,98.617131,3.188155,BWA,Botswana
2014-05-01,93.820432,89.823203,8.887154,KEN,Kenya
2014-05-01,96.742577,95.350604,9.892779,NAM,Namibia
2014-05-01,95.440609,95.752305,9.555189,ZAF,South Africa
2014-05-01,102.860541,104.086743,-3.739837,ZWE,Zimbabwe
2014-06-01,97.223704,98.77206,3.182995,BWA,Botswana
2014-06-01,93.95037,89.589041,8.409911,KEN,Kenya
2014-06-01,97.034639,95.808764,10.079457,NAM,Namibia
2014-06-01,95.755076,95.896293,9.719934,ZAF,South Africa
2014-06-01,102.860541,104.086743,-3.425775,ZWE,Zimbabwe
2014-07-01,97.337549,98.916659,3.222677,BWA,Botswana
2014-07-01,94.38098,90.037347,9.058589,KEN,Kenya
2014-07-01,97.195964,94.910209,8.965907,NAM,Namibia
2014-07-01,96.541242,95.752305,9.195402,ZAF,South Africa
2014-07-01,102.860541,103.559276,-2.805281,ZWE,Zimbabwe
2014-08-01,97.606637,98.968302,2.899485,BWA,Botswana
2014-08-01,95.272032,91.60879,10.853971,KEN,Kenya
2014-08-01,97.439992,95.197141,8.571439,NAM,Namibia
2014-08-01,96.855709,96.472247,9.477124,ZAF,South Africa
2014-08-01,102.535547,102.680165,-2.828619,ZWE,Zimbabwe
2014-09-01,97.77223,99.123231,2.685641,BWA,Botswana
2014-09-01,95.412472,92.143586,8.395393,KEN,Kenya
2014-09-01,97.59371,95.42699,8.35994,NAM,Namibia
2014-09-01,96.855709,96.472247,8.589951,ZAF,South Africa
2014-09-01,102.535547,102.328521,-3.0,ZWE,Zimbabwe
2014-10-01,97.886075,99.226516,2.518408,BWA,Botswana
2014-10-01,95.209233,91.730456,8.164692,KEN,Kenya
2014-10-01,97.710384,95.578833,7.458742,NAM,Namibia
2014-10-01,97.012942,96.472247,7.717042,ZAF,South Africa
2014-10-01,102.37305,102.152698,-3.166667,ZWE,Zimbabwe
2014-11-01,98.165513,99.474402,2.501064,BWA,Botswana
2014-11-01,95.166216,91.56579,7.538606,KEN,Kenya
2014-11-01,97.929002,96.096,7.225902,NAM,Namibia
2014-11-01,97.012942,96.904212,7.336523,ZAF,South Africa
2014-11-01,101.723062,101.976876,-2.684564,ZWE,Zimbabwe
2014-12-01,97.937823,99.62933,2.562467,BWA,Botswana
2014-12-01,95.578348,92.213176,7.710481,KEN,Kenya
2014-12-01,97.763725,96.58445,7.033889,NAM,Namibia
2014-12-01,96.855709,96.616236,7.017544,ZAF,South Africa
2014-12-01,101.560565,101.625232,-2.693603,ZWE,Zimbabwe
2015-01-01,98.71404,99.62933,2.290562,BWA,Botswana
2015-01-01,96.157799,93.101516,7.674199,KEN,Kenya
2015-01-01,98.518149,97.221561,6.497494,NAM,Namibia
2015-01-01,96.698475,97.480166,6.112853,ZAF,South Africa
2015-01-01,101.235571,101.976876,-2.847571,ZWE,Zimbabwe
2015-02-01,98.331106,99.835902,2.134404,BWA,Botswana
2015-02-01,96.598536,94.326158,8.696157,KEN,Kenya
2015-02-01,98.352608,98.062113,6.589649,NAM,Namibia
2015-02-01,97.327409,97.912131,6.084243,ZAF,South Africa
2015-02-01,101.235571,102.152698,-2.842809,ZWE,Zimbabwe
2015-03-01,98.651942,99.835902,1.865318,BWA,Botswana
2015-03-01,97.679681,96.827732,10.955497,KEN,Kenya
2015-03-01,98.789346,98.773853,5.495907,NAM,Namibia
2015-03-01,98.585275,98.632074,5.222734,ZAF,South Africa
2015-03-01,101.235571,101.976876,-2.847571,ZWE,Zimbabwe
2015-04-01,99.697247,99.835902,1.501628,BWA,Botswana
2015-04-01,99.456056,100.619416,13.41956,KEN,Kenya
2015-04-01,99.281816,99.167177,5.184191,NAM,Namibia
2015-04-01,99.528675,99.208027,4.393939,ZAF,South Africa
2015-04-01,100.26059,101.44941,-2.861953,ZWE,Zimbabwe
2015-05-01,99.86284,99.887545,1.288228,BWA,Botswana
2015-05-01,100.263556,101.682715,13.203172,KEN,Kenya
2015-05-01,99.65156,99.617657,4.475119,NAM,Namibia
2015-05-01,99.685908,99.783981,4.210526,ZAF,South Africa
2015-05-01,100.098093,101.097765,-2.871622,ZWE,Zimbabwe
2015-06-01,100.256123,99.784259,1.024783,BWA,Botswana
2015-06-01,100.558615,101.580835,13.385336,KEN,Kenya
2015-06-01,99.990365,99.75326,4.117052,NAM,Namibia
2015-06-01,100.157608,99.783981,4.054054,ZAF,South Africa
2015-06-01,99.935596,100.570299,-3.378378,ZWE,Zimbabwe
2015-07-01,100.359619,99.887545,0.981518,BWA,Botswana
2015-07-01,100.630721,100.968493,12.140679,KEN,Kenya
2015-07-01,100.387203,99.934346,5.293568,NAM,Namibia
2015-07-01,101.101008,99.783981,4.210526,ZAF,South Africa
2015-07-01,99.935596,99.691188,-3.735144,ZWE,Zimbabwe
2015-08-01,100.525211,100.042473,1.085368,BWA,Botswana
2015-08-01,100.837906,100.703442,9.927707,KEN,Kenya
2015-08-01,100.70495,100.445123,5.512752,NAM,Namibia
2015-08-01,101.101008,100.503923,4.179104,ZAF,South Africa
2015-08-01,99.610602,98.987899,-3.59589,ZWE,Zimbabwe
2015-09-01,100.690804,100.187073,1.073252,BWA,Botswana
2015-09-01,101.105731,101.184752,9.81204,KEN,Kenya
2015-09-01,100.837315,100.880078,5.714409,NAM,Namibia
2015-09-01,101.101008,100.647912,4.328358,ZAF,South Africa
2015-09-01,99.285609,98.460432,-3.780069,ZWE,Zimbabwe
2015-10-01,100.970242,100.393644,1.176226,BWA,Botswana
2015-10-01,101.608609,102.072152,11.274004,KEN,Kenya
2015-10-01,100.999887,101.650073,6.352075,NAM,Namibia
2015-10-01,101.415474,101.367854,5.074627,ZAF,South Africa
2015-10-01,98.960615,97.932966,-4.130809,ZWE,Zimbabwe
2015-11-01,101.02199,100.342001,0.872184,BWA,Botswana
2015-11-01,102.135072,103.170575,12.673713,KEN,Kenya
2015-11-01,101.172799,102.387582,6.547185,NAM,Namibia
2015-11-01,101.572708,102.231784,5.497771,ZAF,South Africa
2015-11-01,99.123112,98.108788,-3.793103,ZWE,Zimbabwe
2015-12-01,100.970242,100.342001,0.715322,BWA,Botswana
2015-12-01,103.231327,104.438893,13.258103,KEN,Kenya
2015-12-01,101.377295,102.24893,5.864796,NAM,Namibia
2015-12-01,101.887174,102.807738,6.408346,ZAF,South Africa
2015-12-01,99.123112,97.757143,-3.806228,ZWE,Zimbabwe
2016-01-01,101.353176,100.796458,1.17147,BWA,Botswana
2016-01-01,103.636514,104.931799,12.706863,KEN,Kenya
2016-01-01,103.778696,103.171547,6.120027,NAM,Namibia
2016-01-01,102.673341,104.535599,7.237814,ZAF,South Africa
2016-01-01,99.123112,97.932966,-3.965517,ZWE,Zimbabwe
2016-02-01,101.291078,101.405843,1.572522,BWA,Botswana
2016-02-01,103.202707,104.485058,10.769972,KEN,Kenya
2016-02-01,104.395931,105.152988,7.231003,NAM,Namibia
2016-02-01,104.08844,107.127391,9.411765,ZAF,South Africa
2016-02-01,98.960615,97.932966,-4.130809,ZWE,Zimbabwe
2016-03-01,101.684361,101.7157,1.882888,BWA,Botswana
2016-03-01,103.982687,105.939055,9.409829,KEN,Kenya
2016-03-01,105.206764,108.377746,9.723113,NAM,Namibia
2016-03-01,105.03184,109.143229,10.656934,ZAF,South Africa
2016-03-01,98.798118,97.757143,-4.137931,ZWE,Zimbabwe
2016-04-01,102.543374,102.511,2.679495,BWA,Botswana
2016-04-01,104.701968,107.501792,6.840008,KEN,Kenya
2016-04-01,105.839198,110.121522,11.046341,NAM,Namibia
2016-04-01,105.97524,111.447044,12.33672,ZAF,South Africa
2016-04-01,98.635621,97.405499,-3.986135,ZWE,Zimbabwe
2016-05-01,102.677919,102.603957,2.719471,BWA,Botswana
2016-05-01,105.279235,108.381243,6.587677,KEN,Kenya
2016-05-01,106.37365,111.729197,12.158025,NAM,Namibia
2016-05-01,106.132473,111.735021,11.976912,ZAF,South Africa
2016-05-01,98.310627,96.878032,-4.173913,ZWE,Zimbabwe
2016-06-01,102.895259,102.325086,2.54632,BWA,Botswana
2016-06-01,106.389016,110.612932,8.891537,KEN,Kenya
2016-06-01,106.721043,111.031687,11.306324,NAM,Namibia
2016-06-01,106.761406,111.735021,11.976912,ZAF,South Africa
2016-06-01,98.635621,96.526388,-4.020979,ZWE,Zimbabwe
2016-07-01,103.050502,102.572971,2.68845,BWA,Botswana
2016-07-01,107.066887,111.850218,10.777348,KEN,Kenya
2016-07-01,107.406923,112.163014,12.236703,NAM,Namibia
2016-07-01,107.704806,112.310974,12.554113,ZAF,South Africa
2016-07-01,98.310627,95.998921,-3.703704,ZWE,Zimbabwe
2016-08-01,103.216095,102.934471,2.89077,BWA,Botswana
2016-08-01,107.1462,111.633061,10.853272,KEN,Kenya
2016-08-01,107.585073,111.967371,11.471187,NAM,Namibia
2016-08-01,107.547573,113.318893,12.750716,ZAF,South Africa
2016-08-01,98.310627,95.647277,-3.374778,ZWE,Zimbabwe
2016-09-01,103.495533,103.285642,3.092784,BWA,Botswana
2016-09-01,107.515433,112.251405,10.937076,KEN,Kenya
2016-09-01,107.798854,112.93708,11.951817,NAM,Namibia
2016-09-01,107.704806,113.462882,12.732475,ZAF,South Africa
2016-09-01,97.985633,95.647277,-2.857143,ZWE,Zimbabwe
2016-10-01,103.702524,103.667799,3.261317,BWA,Botswana
2016-10-01,108.184969,113.332912,11.032157,KEN,Kenya
2016-10-01,108.330633,113.564839,11.721356,NAM,Namibia
2016-10-01,108.176506,114.326812,12.784091,ZAF,South Africa
2016-10-01,98.14813,95.998921,-1.974865,ZWE,Zimbabwe
2016-11-01,103.909515,104.184227,3.82913,BWA,Botswana
2016-11-01,108.955478,114.656475,11.132922,KEN,Kenya
2016-11-01,108.598174,114.266276,11.601694,NAM,Namibia
2016-11-01,108.648206,114.902766,12.394366,ZAF,South Africa
2016-11-01,98.14813,96.526388,-1.612903,ZWE,Zimbabwe
2016-12-01,104.013011,104.318499,3.962944,BWA,Botswana
2016-12-01,109.786108,116.160845,11.223742,KEN,Kenya
2016-12-01,108.775601,114.988466,12.459334,NAM,Namibia
2016-12-01,108.962672,115.910685,12.745098,ZAF,South Africa
2016-12-01,98.14813,96.878032,-0.899281,ZWE,Zimbabwe
2017-01-01,104.530489,105.248069,4.416436,BWA,Botswana
2017-01-01,110.883813,118.09099,12.540708,KEN,Kenya
2017-01-01,112.286795,116.835519,13.243934,NAM,Namibia
2017-01-01,109.748839,117.638546,12.534435,ZAF,South Africa
2017-01-01,98.473124,97.757143,-0.179533,ZWE,Zimbabwe
2017-02-01,104.73748,105.661212,4.196374,BWA,Botswana
2017-02-01,112.79381,121.730132,16.504823,KEN,Kenya
2017-02-01,112.489156,117.081753,11.344201,NAM,Namibia
2017-02-01,110.849472,118.358488,10.483871,ZAF,South Africa
2017-02-01,98.960615,99.163721,1.256732,ZWE,Zimbabwe
2017-03-01,105.254957,106.17764,4.386677,BWA,Botswana
2017-03-01,114.67302,125.597199,18.556088,KEN,Kenya
2017-03-01,112.621624,116.330686,7.338167,NAM,Namibia
2017-03-01,111.478405,118.934442,8.970976,ZAF,South Africa
2017-03-01,98.960615,98.987899,1.258993,ZWE,Zimbabwe
2017-04-01,106.082922,106.487497,3.879093,BWA,Botswana
2017-04-01,116.721269,130.060276,20.984286,KEN,Kenya
2017-04-01,112.914536,116.492871,5.785744,NAM,Namibia
2017-04-01,111.635638,118.790454,6.589147,ZAF,South Africa
2017-04-01,99.123112,98.636254,1.263538,ZWE,Zimbabwe
2017-05-01,106.289913,106.797354,4.086974,BWA,Botswana
2017-05-01,117.592508,131.704737,21.519862,KEN,Kenya
2017-05-01,113.054839,115.9022,3.734926,NAM,Namibia
2017-05-01,111.792872,119.366407,6.829897,ZAF,South Africa
2017-05-01,99.123112,98.636254,1.814882,ZWE,Zimbabwe
2017-06-01,106.496904,106.694068,4.269708,BWA,Botswana
2017-06-01,116.183544,128.101772,15.810845,KEN,Kenya
2017-06-01,113.210756,116.139596,4.600407,NAM,Namibia
2017-06-01,112.107338,119.366407,6.829897,ZAF,South Africa
2017-06-01,98.798118,98.28461,1.821494,ZWE,Zimbabwe
2017-07-01,106.600399,107.003925,4.319807,BWA,Botswana
2017-07-01,115.063281,125.481947,12.187486,KEN,Kenya
2017-07-01,113.255995,116.952617,4.270216,NAM,Namibia
2017-07-01,112.264572,119.510396,6.410256,ZAF,South Africa
2017-07-01,98.473124,97.932966,2.014652,ZWE,Zimbabwe
2017-08-01,106.703895,106.90064,3.853101,BWA,Botswana
2017-08-01,115.766777,126.784539,13.572573,KEN,Kenya
2017-08-01,113.354718,117.108431,4.59157,NAM,Namibia
2017-08-01,112.421805,119.222419,5.209657,ZAF,South Africa
2017-08-01,98.473124,97.405499,1.838235,ZWE,Zimbabwe
2017-09-01,106.80739,106.17764,2.8,BWA,Botswana
2017-09-01,115.101198,125.157872,11.497822,KEN,Kenya
2017-09-01,113.797533,117.684754,4.203822,NAM,Namibia
2017-09-01,112.893505,119.222419,5.076142,ZAF,South Africa
2017-09-01,98.798118,98.108788,2.573529,ZWE,Zimbabwe
2017-10-01,106.80739,106.17764,2.421042,BWA,Botswana
2017-10-01,114.375152,122.930872,8.46882,KEN,Kenya
2017-10-01,113.924883,117.816751,3.744039,NAM,Namibia
2017-10-01,113.365205,119.942361,4.911839,ZAF,South Africa
2017-10-01,100.26059,100.218654,4.395604,ZWE,Zimbabwe
2017-11-01,107.014381,105.971069,1.715079,BWA,Botswana
2017-11-01,114.111091,121.290851,5.786307,KEN,Kenya
2017-11-01,114.219298,117.646377,2.958092,NAM,Namibia
2017-11-01,113.365205,120.374326,4.761905,ZAF,South Africa
2017-11-01,101.073075,101.976876,5.64663,ZWE,Zimbabwe
2017-12-01,107.324868,105.454641,1.089109,BWA,Botswana
2017-12-01,114.721597,121.591737,4.675321,KEN,Kenya
2017-12-01,114.39646,117.774322,2.422727,NAM,Namibia
2017-12-01,113.836904,120.806292,4.223602,ZAF,South Africa
2017-12-01,101.560565,103.383454,6.715064,ZWE,Zimbabwe
2018-01-01,107.73885,105.661212,0.392542,BWA,Botswana
2018-01-01,116.234886,123.648316,4.70597,KEN,Kenya
2018-01-01,116.278845,119.151934,1.982629,NAM,Namibia
2018-01-01,114.465838,122.246176,3.916769,ZAF,South Africa
2018-01-01,101.885559,103.735098,6.115108,ZWE,Zimbabwe
2018-02-01,108.049337,106.074354,0.391007,BWA,Botswana
2018-02-01,117.820223,126.397944,3.834557,KEN,Kenya
2018-02-01,116.448257,119.457584,2.029206,NAM,Namibia
2018-02-01,115.094771,122.390164,3.406326,ZAF,South Africa
2018-02-01,101.885559,103.559276,4.432624,ZWE,Zimbabwe
2018-03-01,108.256328,106.17764,0.0,BWA,Botswana
2018-03-01,119.461382,128.349124,2.191072,KEN,Kenya
2018-03-01,116.579616,119.520224,2.741786,NAM,Namibia
2018-03-01,115.566471,122.390164,2.905569,ZAF,South Africa
2018-03-01,101.723062,103.559276,4.618117,ZWE,Zimbabwe
2018-04-01,109.705265,106.280926,-0.193986,BWA,Botswana
2018-04-01,121.069261,130.392453,0.255402,KEN,Kenya
2018-04-01,116.957926,119.828905,2.863723,NAM,Namibia
2018-04-01,116.352637,122.82213,3.393939,ZAF,South Africa
2018-04-01,101.723062,103.559276,4.991087,ZWE,Zimbabwe
2018-05-01,109.808761,106.280926,-0.483559,BWA,Botswana
2018-05-01,122.23989,132.156543,0.343044,KEN,Kenya
2018-05-01,117.398838,120.424798,3.902082,NAM,Namibia
2018-05-01,116.667104,122.678141,2.774427,ZAF,South Africa
2018-05-01,101.723062,103.559276,4.991087,ZWE,Zimbabwe
2018-06-01,109.808761,105.971069,-0.677638,BWA,Botswana
2018-06-01,121.151678,129.255026,0.900264,KEN,Kenya
2018-06-01,117.692046,120.579651,3.823032,NAM,Namibia
2018-06-01,116.98157,122.82213,2.895054,ZAF,South Africa
2018-06-01,101.723062,103.207632,5.008945,ZWE,Zimbabwe
2018-07-01,109.912256,105.764498,-1.158301,BWA,Botswana
2018-07-01,120.06973,126.148926,0.531533,KEN,Kenya
2018-07-01,118.312599,120.399937,2.947621,NAM,Namibia
2018-07-01,117.92497,123.110106,3.012048,ZAF,South Africa
2018-07-01,102.698044,104.086743,6.283662,ZWE,Zimbabwe
2018-08-01,109.912256,105.454641,-1.352657,BWA,Botswana
2018-08-01,120.440575,125.320207,-1.154977,KEN,Kenya
2018-08-01,118.353098,120.219862,2.65688,NAM,Namibia
2018-08-01,117.767737,122.966118,3.140097,ZAF,South Africa
2018-08-01,103.185534,104.790031,7.581227,ZWE,Zimbabwe
2018-09-01,109.912256,105.144784,-0.972763,BWA,Botswana
2018-09-01,121.666865,125.786003,0.501871,KEN,Kenya
2018-09-01,119.245734,120.640458,2.511544,NAM,Namibia
2018-09-01,118.39667,123.398083,3.502415,ZAF,South Africa
2018-09-01,104.160516,105.844965,7.885305,ZWE,Zimbabwe
2018-10-01,110.615405,104.992437,-1.116245,BWA,Botswana
2018-10-01,120.70083,123.566063,0.516706,KEN,Kenya
2018-10-01,119.752667,121.364875,3.011562,NAM,Namibia
2018-10-01,119.025603,123.542072,3.0012,ZAF,South Africa
2018-10-01,121.222691,127.119451,26.842105,ZWE,Zimbabwe
2018-11-01,111.050707,105.144784,-0.779727,BWA,Botswana
2018-11-01,120.483799,123.382419,1.724423,KEN,Kenya
2018-11-01,120.564744,123.194378,4.715829,NAM,Namibia
2018-11-01,119.182836,124.118025,3.110048,ZAF,South Africa
2018-11-01,132.434977,145.580782,42.758621,ZWE,Zimbabwe
2018-12-01,111.154203,105.248069,-0.195886,BWA,Botswana
2018-12-01,121.272867,124.678383,2.538532,KEN,Kenya
2018-12-01,120.287543,123.856492,5.164258,NAM,Namibia
2018-12-01,119.025603,124.118025,2.741359,ZAF,South Africa
2018-12-01,144.297251,158.767447,53.571429,ZWE,Zimbabwe
2019-01-01,111.487665,105.669062,0.007429,BWA,Botswana
2019-01-01,121.695471,125.645336,1.615081,KEN,Kenya
2019-01-01,121.695136,125.999054,5.746545,NAM,Namibia
2019-01-01,118.86837,125.845887,2.944641,ZAF,South Africa
2019-01-01,159.896954,169.844245,63.728814,ZWE,Zimbabwe
2019-02-01,111.709974,105.879558,-0.183642,BWA,Botswana
2019-02-01,122.694026,127.781673,1.09474,KEN,Kenya
2019-02-01,121.590915,126.487766,5.885086,NAM,Namibia
2019-02-01,119.81177,125.845887,2.823529,ZAF,South Africa
2019-02-01,162.496904,175.8222,69.779287,ZWE,Zimbabwe
2019-03-01,111.821128,106.30055,0.115759,BWA,Botswana
2019-03-01,124.586199,132.560364,3.281082,KEN,Kenya
2019-03-01,121.822809,126.484702,5.827029,NAM,Namibia
2019-03-01,120.755169,126.277852,3.176471,ZAF,South Africa
2019-03-01,169.646768,184.789132,78.438031,ZWE,Zimbabwe
2019-04-01,112.488053,106.721542,0.414577,BWA,Botswana
2019-04-01,125.569699,135.11998,3.625614,KEN,Kenya
2019-04-01,122.255103,126.190736,5.309096,NAM,Namibia
2019-04-01,121.384103,126.565829,3.048066,ZAF,South Africa
2019-04-01,178.909092,199.206553,92.359932,ZWE,Zimbabwe
2019-05-01,112.599207,107.353031,1.008746,BWA,Botswana
2019-05-01,126.504351,137.441731,3.999188,KEN,Kenya
2019-05-01,122.183785,125.782452,4.448962,NAM,Namibia
2019-05-01,121.855802,126.997794,3.521127,ZAF,South Africa
2019-05-01,201.496161,234.370993,126.315789,ZWE,Zimbabwe
2019-06-01,112.821516,107.353031,1.304094,BWA,Botswana
2019-06-01,127.011235,138.516917,7.165594,KEN,Kenya
2019-06-01,122.32845,125.29609,3.911472,NAM,Namibia
2019-06-01,122.170269,127.429759,3.751465,ZAF,South Africa
2019-06-01,280.469657,363.424488,252.129472,ZWE,Zimbabwe
2019-07-01,113.043824,107.458279,1.601465,BWA,Botswana
2019-07-01,127.389809,139.270295,10.401491,KEN,Kenya
2019-07-01,122.618252,124.53519,3.434597,NAM,Namibia
2019-07-01,122.641969,127.429759,3.508772,ZAF,South Africa
2019-07-01,339.456033,435.863234,318.75,ZWE,Zimbabwe
2019-08-01,113.043824,107.458279,1.9,BWA,Botswana
2019-08-01,127.649129,139.456685,11.280287,KEN,Kenya
2019-08-01,122.738577,125.156087,4.105997,NAM,Namibia
2019-08-01,122.956435,128.149701,4.215457,ZAF,South Africa
2019-08-01,400.879863,516.741447,393.120805,ZWE,Zimbabwe
2019-09-01,113.154978,107.774023,2.500589,BWA,Botswana
2019-09-01,127.842997,139.907076,11.226267,KEN,Kenya
2019-09-01,123.1319,125.90393,4.362941,NAM,Namibia
2019-09-01,123.270902,128.437678,4.084014,ZAF,South Africa
2019-09-01,471.89101,617.66339,483.554817,ZWE,Zimbabwe
2019-10-01,113.266133,107.668775,2.549077,BWA,Botswana
2019-10-01,128.267449,140.711417,13.875456,KEN,Kenya
2019-10-01,123.369205,126.189771,3.975529,NAM,Namibia
2019-10-01,123.270902,128.29369,3.846154,ZAF,South Africa
2019-10-01,654.700028,916.385308,620.885201,ZWE,Zimbabwe
2019-11-01,113.377287,107.879271,2.600688,BWA,Botswana
2019-11-01,129.036857,142.46009,15.462229,KEN,Kenya
2019-11-01,123.547356,126.734169,2.873338,NAM,Namibia
2019-11-01,123.428135,128.725655,3.712297,ZAF,South Africa
2019-11-01,769.097849,1123.679682,671.859903,ZWE,Zimbabwe
2019-12-01,113.599595,108.405511,3.0,BWA,Botswana
2019-12-01,129.952411,144.429756,15.841858,KEN,Kenya
2019-12-01,123.369205,126.019646,1.746501,NAM,Namibia
2019-12-01,123.742602,129.013632,3.944316,ZAF,South Africa
2019-12-01,896.332925,1300.732638,719.269103,ZWE,Zimbabwe
2020-01-01,114.044212,109.142248,3.286853,BWA,Botswana
2020-01-01,130.682953,145.893986,16.115719,KEN,Kenya
2020-01-01,124.188698,128.750143,2.18342,NAM,Namibia
2020-01-01,124.057069,130.597505,3.775744,ZAF,South Africa
2020-01-01,916.320044,1333.963034,685.403727,ZWE,Zimbabwe
2020-02-01,114.155366,109.668488,3.578529,BWA,Botswana
2020-02-01,131.495729,147.873802,15.723795,KEN,Kenya
2020-02-01,124.571721,129.983545,2.763729,NAM,Namibia
2020-02-01,125.157702,131.173458,4.23341,ZAF,South Africa
2020-02-01,1040.305182,1424.687289,710.3,ZWE,Zimbabwe
2020-03-01,114.26652,109.878984,3.366337,BWA,Botswana
2020-03-01,131.865402,148.737192,12.203367,KEN,Kenya
2020-03-01,124.691016,130.157698,2.903905,NAM,Namibia
2020-03-01,125.786635,131.461435,4.104903,ZAF,South Africa
2020-03-01,1316.874913,1676.640502,807.326356,ZWE,Zimbabwe
2020-04-01,115.266908,110.089481,3.155819,BWA,Botswana
2020-04-01,133.116794,151.372142,12.027949,KEN,Kenya
2020-04-01,124.263877,131.543245,4.241603,NAM,Namibia
2020-04-01,125.000468,131.893401,4.209329,ZAF,South Africa
2020-04-01,1549.245487,2152.239554,980.406002,ZWE,Zimbabwe
2020-05-01,115.266908,110.720969,3.137255,BWA,Botswana
2020-05-01,133.247831,151.513334,10.238231,KEN,Kenya
2020-05-01,124.700846,131.691249,4.697632,NAM,Namibia
2020-05-01,124.214302,132.325366,4.195011,ZAF,South Africa
2020-05-01,1783.72852,2469.071159,953.488372,ZWE,Zimbabwe
2020-06-01,113.821904,111.247209,3.627451,BWA,Botswana
2020-06-01,132.835424,149.614683,8.011849,KEN,Kenya
2020-06-01,124.951954,131.23969,4.743643,NAM,Namibia
2020-06-01,124.843235,132.613343,4.067797,ZAF,South Africa
2020-06-01,2348.405263,3400.92882,835.800677,ZWE,Zimbabwe
2020-07-01,114.044212,111.668202,3.917728,BWA,Botswana
2020-07-01,132.943845,148.230946,6.434001,KEN,Kenya
2020-07-01,125.177061,132.104373,6.077947,NAM,Namibia
2020-07-01,126.572801,132.757331,4.180791,ZAF,South Africa
2020-07-01,3182.826867,4692.870348,976.684147,ZWE,Zimbabwe
2020-08-01,114.26652,112.089194,4.3095,BWA,Botswana
2020-08-01,133.212596,146.865582,5.312687,KEN,Kenya
2020-08-01,125.703964,133.703027,6.829025,NAM,Namibia
2020-08-01,126.730035,132.90132,3.707865,ZAF,South Africa
2020-08-01,3451.43425,4988.603289,865.396393,ZWE,Zimbabwe
2020-09-01,115.155754,112.29969,4.199219,BWA,Botswana
2020-09-01,133.210249,147.101724,5.142447,KEN,Kenya
2020-09-01,126.106911,134.239016,6.620196,NAM,Namibia
2020-09-01,126.887268,133.045308,3.587444,ZAF,South Africa
2020-09-01,3583.381736,5092.338387,724.452035,ZWE,Zimbabwe
2020-10-01,115.711525,112.29969,4.301075,BWA,Botswana
2020-10-01,134.478004,148.905116,5.823051,KEN,Kenya
2020-10-01,126.172312,135.152221,7.102358,NAM,Namibia
2020-10-01,127.358968,134.917158,5.162738,ZAF,South Africa
2020-10-01,3740.191249,5245.127879,472.37145,ZWE,Zimbabwe
2020-11-01,115.933833,112.510186,4.292683,BWA,Botswana
2020-11-01,135.919605,151.125266,6.082528,KEN,Kenya
2020-11-01,126.301036,135.540261,6.948476,NAM,Namibia
2020-11-01,127.358968,135.781088,5.480984,ZAF,South Africa
2020-11-01,3858.001505,5450.312387,385.041465,ZWE,Zimbabwe
2020-12-01,116.044988,112.29969,3.592233,BWA,Botswana
2020-12-01,137.25235,154.84881,7.213925,KEN,Kenya
2020-12-01,126.313595,135.637466,7.632,NAM,Namibia
2020-12-01,127.516201,136.645019,5.915179,ZAF,South Africa
2020-12-01,4020.9859,5806.528164,346.404434,ZWE,Zimbabwe
2021-01-01,116.600759,112.82593,3.375121,BWA,Botswana
2021-01-01,138.123728,157.252556,7.785496,KEN,Kenya
2021-01-01,127.513256,135.478273,5.225727,NAM,Namibia
2021-01-01,127.987901,137.508949,5.292172,ZAF,South Africa
2021-01-01,4239.219243,6261.731841,369.408198,ZWE,Zimbabwe
2021-02-01,116.934221,113.667915,3.646833,BWA,Botswana
2021-02-01,139.092078,158.53171,7.207435,KEN,Kenya
2021-02-01,127.967971,137.104316,5.47821,NAM,Namibia
2021-02-01,128.931301,137.796926,5.049396,ZAF,South Africa
2021-02-01,4385.628954,6538.651806,358.953474,ZWE,Zimbabwe
2021-03-01,120.661666,117.926778,7.324234,BWA,Botswana
2021-03-01,139.642695,158.588646,6.623397,KEN,Kenya
2021-03-01,128.59706,138.776001,6.621432,NAM,Namibia
2021-03-01,129.717467,138.948834,5.695509,ZAF,South Africa
2021-03-01,4484.589568,6703.221386,299.800755,ZWE,Zimbabwe
2021-04-01,124.204929,123.198443,11.907553,BWA,Botswana
2021-04-01,140.785982,161.28738,6.550239,KEN,Kenya
2021-04-01,129.061358,139.313029,5.906638,NAM,Namibia
2021-04-01,130.660867,140.244729,6.331878,ZAF,South Africa
2021-04-01,4555.763213,6814.165194,216.60812,ZWE,Zimbabwe
2021-05-01,124.849179,124.622976,12.555894,BWA,Botswana
2021-05-01,141.070385,161.941765,6.882847,KEN,Kenya
2021-05-01,129.401159,140.323243,6.554721,NAM,Namibia
2021-05-01,130.8181,141.252648,6.746464,ZAF,South Africa
2021-05-01,4671.461009,6879.219408,178.61568,ZWE,Zimbabwe
2021-06-01,123.184978,118.836858,6.822327,BWA,Botswana
2021-06-01,141.186086,161.903595,8.213707,KEN,Kenya
2021-06-01,130.021031,140.770973,7.2625,NAM,Namibia
2021-06-01,131.132567,141.396637,6.623236,ZAF,South Africa
2021-06-01,4852.807554,7099.700447,108.75769,ZWE,Zimbabwe
2021-07-01,124.166136,118.963051,6.532611,BWA,Botswana
2021-07-01,141.645838,160.96849,8.59304,KEN,Kenya
2021-07-01,130.232299,140.153126,6.092723,NAM,Namibia
2021-07-01,132.547666,141.684614,6.724512,ZAF,South Africa
2021-07-01,4977.117686,7277.984158,55.085984,ZWE,Zimbabwe
2021-08-01,124.280291,119.174283,6.320939,BWA,Botswana
2021-08-01,141.969246,162.365399,10.553744,KEN,Kenya
2021-08-01,130.034986,140.70929,5.240168,NAM,Namibia
2021-08-01,133.019366,141.972591,6.825569,ZAF,South Africa
2021-08-01,5185.601214,7506.377197,50.470518,ZWE,Zimbabwe
2021-09-01,124.844844,119.429826,6.349203,BWA,Botswana
2021-09-01,142.420085,162.48577,10.4581,KEN,Kenya
2021-09-01,130.4878,140.904982,4.965744,NAM,Namibia
2021-09-01,133.333833,141.972591,6.709957,ZAF,South Africa
2021-09-01,5430.646546,7868.395107,54.51438,ZWE,Zimbabwe
2021-10-01,125.963055,119.953119,6.815183,BWA,Botswana
2021-10-01,143.151621,164.363138,10.381123,KEN,Kenya
2021-10-01,130.729865,142.154271,5.180863,NAM,Namibia
2021-10-01,133.805533,143.268486,6.189968,ZAF,South Africa
2021-10-01,5778.227425,8463.201611,61.35358,ZWE,Zimbabwe
2021-11-01,125.937712,120.088047,6.735267,BWA,Botswana
2021-11-01,143.801164,165.936642,9.800728,KEN,Kenya
2021-11-01,131.472804,142.567972,5.184961,NAM,Namibia
2021-11-01,134.277233,143.412475,5.620361,ZAF,South Africa
2021-11-01,6111.346079,9014.404208,65.392432,ZWE,Zimbabwe
2021-12-01,126.130008,120.433366,7.24283,BWA,Botswana
2021-12-01,145.114778,168.780295,8.996831,KEN,Kenya
2021-12-01,131.990661,142.578512,5.117352,NAM,Namibia
2021-12-01,135.063399,143.988429,5.374078,ZAF,South Africa
2021-12-01,6463.314374,9575.452849,64.908403,ZWE,Zimbabwe
2022-01-01,128.923091,120.801945,7.06931,BWA,Botswana
2022-01-01,145.566211,169.804501,7.982029,KEN,Kenya
2022-01-01,133.381759,143.083631,5.61371,NAM,Namibia
2022-01-01,135.377866,145.284324,5.65445,ZAF,South Africa
2022-01-01,6808.620296,10225.994991,63.309373,ZWE,Zimbabwe
2022-02-01,129.319689,121.358602,6.765926,BWA,Botswana
2022-02-01,146.164188,171.219221,8.003138,KEN,Kenya
2022-02-01,133.675032,144.564788,5.441457,NAM,Namibia
2022-02-01,136.164032,146.724209,6.478579,ZAF,South Africa
2022-02-01,7018.768988,10763.53333,64.613955,ZWE,Zimbabwe
2022-03-01,129.6058,122.086813,3.527643,BWA,Botswana
2022-03-01,147.40323,173.85023,9.623377,KEN,Kenya
2022-03-01,134.391038,145.219116,4.642817,NAM,Namibia
2022-03-01,137.579132,147.588139,6.217617,ZAF,South Africa
2022-03-01,7205.238954,11218.42515,67.358715,ZWE,Zimbabwe
2022-04-01,133.496197,124.776322,1.280762,BWA,Botswana
2022-04-01,149.899274,178.9895,10.975515,KEN,Kenya
2022-04-01,136.294417,147.320254,5.74765,NAM,Namibia
2022-04-01,138.522532,148.596058,5.954825,ZAF,South Africa
2022-04-01,7899.321605,12530.018699,83.881933,ZWE,Zimbabwe
2022-05-01,136.934197,127.989125,2.701066,BWA,Botswana
2022-05-01,151.062034,181.235982,11.914293,KEN,Kenya
2022-05-01,136.41075,149.591575,6.604987,NAM,Namibia
2022-05-01,139.465931,151.907792,7.543323,ZAF,South Africa
2022-05-01,8585.018041,14659.342447,113.096015,ZWE,Zimbabwe
2022-06-01,138.773688,130.258694,9.611358,BWA,Botswana
2022-06-01,152.406064,183.70939,13.468382,KEN,Kenya
2022-06-01,137.804169,150.594144,6.978123,NAM,Namibia
2022-06-01,140.881031,153.92363,8.85947,ZAF,South Africa
2022-06-01,10132.02813,18260.177401,157.196448,ZWE,Zimbabwe
2022-07-01,141.968371,133.058714,11.848774,BWA,Botswana
2022-07-01,153.426163,185.86696,15.467915,KEN,Kenya
2022-07-01,139.149283,151.871314,8.360989,NAM,Namibia
2022-07-01,143.23953,155.651491,9.857724,ZAF,South Africa
2022-07-01,11761.913759,22166.737285,204.572486,ZWE,Zimbabwe
2022-08-01,142.423547,134.960231,13.246102,BWA,Botswana
2022-08-01,154.076841,186.883162,15.100362,KEN,Kenya
2022-08-01,139.553885,153.131305,8.828141,NAM,Namibia
2022-08-01,143.553997,158.387271,11.561866,ZAF,South Africa
2022-08-01,12540.351872,24488.902912,226.241305,ZWE,Zimbabwe
2022-09-01,142.058962,137.126341,14.817501,BWA,Botswana
2022-09-01,155.487696,187.372461,15.316228,KEN,Kenya
2022-09-01,139.753305,154.00849,9.299535,NAM,Namibia
2022-09-01,143.71123,158.963225,11.967546,ZAF,South Africa
2022-09-01,12857.05483,24454.634843,210.795715,ZWE,Zimbabwe
2022-10-01,142.406652,138.897351,15.79303,BWA,Botswana
2022-10-01,156.881414,189.91384,15.545275,KEN,Kenya
2022-10-01,139.976351,155.039796,9.064466,NAM,Namibia
2022-10-01,144.18293,160.403109,11.959799,ZAF,South Africa
2022-10-01,13268.965998,25116.478924,196.772783,ZWE,Zimbabwe
2022-11-01,142.406652,138.897351,15.662927,BWA,Botswana
2022-11-01,157.427858,191.161232,15.201338,KEN,Kenya
2022-11-01,140.73292,156.025119,9.43911,NAM,Namibia
2022-11-01,144.65463,161.26704,12.449799,ZAF,South Africa
2022-11-01,13450.502897,25285.131578,180.49698,ZWE,Zimbabwe
2022-12-01,141.829762,140.797604,16.909133,BWA,Botswana
2022-12-01,158.267465,191.545388,13.488004,KEN,Kenya
2022-12-01,141.103916,159.401352,11.799001,NAM,Namibia
2022-12-01,145.283563,161.986982,12.5,ZAF,South Africa
2022-12-01,13620.200432,25807.215691,169.51431,ZWE,Zimbabwe
2023-01-01,140.943307,141.583176,17.202729,BWA,Botswana
2023-01-01,158.635665,191.77327,12.937684,KEN,Kenya
2023-01-01,142.708955,163.182504,14.046941,NAM,Namibia
2023-01-01,145.12633,165.010739,13.5778,ZAF,South Africa
2023-01-01,13720.077371,25903.117296,153.306571,ZWE,Zimbabwe
2023-02-01,141.054683,142.354644,17.300828,BWA,Botswana
2023-02-01,159.656241,194.073421,13.347917,KEN,Kenya
2023-02-01,143.271622,164.870118,14.045834,NAM,Namibia
2023-02-01,146.226963,166.594612,13.542689,ZAF,South Africa
2023-02-01,13499.505005,25493.920671,136.854571,ZWE,Zimbabwe
2023-03-01,142.528477,143.768863,17.759534,BWA,Botswana
2023-03-01,160.949799,197.127717,13.389391,KEN,Kenya
2023-03-01,144.073282,166.36944,14.564421,NAM,Namibia
2023-03-01,147.642063,168.322473,14.04878,ZAF,South Africa
2023-03-01,13517.151089,25569.052729,127.920162,ZWE,Zimbabwe
2023-04-01,144.126319,145.495142,16.604768,BWA,Botswana
2023-04-01,161.748359,196.986267,10.05465,KEN,Kenya
2023-04-01,144.630914,167.138067,13.452199,NAM,Namibia
2023-04-01,148.270996,169.330392,13.953488,ZAF,South Africa
2023-04-01,13836.495247,25265.736733,101.641652,ZWE,Zimbabwe
2023-05-01,144.722772,146.269136,14.282472,BWA,Botswana
2023-05-01,163.193501,199.952729,10.32728,KEN,Kenya
2023-05-01,144.990051,168.305765,12.51019,NAM,Namibia
2023-05-01,148.585462,169.906346,11.848341,ZAF,South Africa
2023-05-01,16014.357247,31805.005523,116.960656,ZWE,Zimbabwe
2023-06-01,145.107921,147.015345,12.864132,BWA,Botswana
2023-06-01,164.422898,202.513061,10.235553,KEN,Kenya
2023-06-01,145.079171,168.255181,11.727572,NAM,Namibia
2023-06-01,148.899929,170.770276,10.944808,ZAF,South Africa
2023-06-01,27938.725123,64932.5433,255.596454,ZWE,Zimbabwe
2023-07-01,144.124429,147.287621,10.693706,BWA,Botswana
2023-07-01,164.598205,201.476285,8.398117,KEN,Kenya
2023-07-01,145.464908,167.84818,10.520003,NAM,Namibia
2023-07-01,150.000562,171.058253,9.898242,ZAF,South Africa
2023-07-01,23677.097901,45020.232069,103.098144,ZWE,Zimbabwe
2023-08-01,144.198902,147.116804,9.007522,BWA,Botswana
2023-08-01,164.438913,200.796363,7.444866,KEN,Kenya
2023-08-01,146.095046,168.41239,9.979073,NAM,Namibia
2023-08-01,150.472262,171.058253,8.0,ZAF,South Africa
2023-08-01,22219.944889,41816.916724,70.758637,ZWE,Zimbabwe
2023-09-01,146.6304,147.638939,7.666359,BWA,Botswana
2023-09-01,166.03292,202.192413,7.909355,KEN,Kenya
2023-09-01,147.252703,169.08294,9.788064,NAM,Namibia
2023-09-01,151.572895,172.066172,8.242754,ZAF,South Africa
2023-09-01,22432.12379,42257.494087,72.79953,ZWE,Zimbabwe
2023-10-01,146.756449,147.985627,6.54316,BWA,Botswana
2023-10-01,167.736606,204.719651,7.796067,KEN,Kenya
2023-10-01,148.415117,169.542433,9.354138,NAM,Namibia
2023-10-01,152.987995,174.801952,8.976661,ZAF,South Africa
2023-10-01,22983.378548,43278.885011,72.312708,ZWE,Zimbabwe
2023-11-01,146.714433,148.982852,7.261119,BWA,Botswana
2023-11-01,168.130429,205.605096,7.555854,KEN,Kenya
2023-11-01,148.801432,170.343964,9.177269,NAM,Namibia
2023-11-01,152.830761,176.097848,9.196429,ZAF,South Africa
2023-11-01,24027.198461,45393.080958,79.524796,ZWE,Zimbabwe
2023-12-01,146.861601,149.353957,6.077058,BWA,Botswana
2023-12-01,168.763278,206.304382,7.70522,KEN,Kenya
2023-12-01,148.593482,171.21539,7.411504,NAM,Namibia
2023-12-01,152.830761,175.95386,8.622222,ZAF,South Africa
2023-12-01,25157.023824,49313.12187,91.08269,ZWE,Zimbabwe
