Date,Sorghum_Thousand Hectares,Maize_Thousand Hectares,Millet_Thousand Hectares,Pulses_Thousand Hectares,Sunflower_Thousand Hectares,Groundnuts_Thousand Hectares,Sorghum_Thousand Hectares_2,Maize_Thousand Hectares_2,Millet_Thousand Hectares_2,Pulses_Thousand Hectares_2,Sunflower_Thousand Hectares_2,Groundnuts_metric tonnes,Sorghum_KG/HA,Maize_KG/HA,Millet_KG/HA,Pulses_KG/HA,Sunflower_KG/HA,Groundnuts_KG/HA,Sorghum_metric tonnes,Maize_metric tonnes,Millet_metric tonnes,Pulses_metric tonnes,Sunflower_metric tonnes,Groundnuts_metric tonnes_2
1979-01-01,67.0,50.0,13.0,26.0,5.0,4.0,41.0,19.0,8.0,14.0,4.0,2.0,74.0,58.0,77.0,37.0,150.0,50.0,5000.0,3000.0,1000.0,1000.0,900.0,200.0
1979-02-01,67.0,50.0,13.0,26.0,5.0,4.0,41.0,19.0,8.0,14.0,4.0,2.0,74.0,58.0,77.0,37.0,150.0,50.0,5000.0,3000.0,1000.0,1000.0,900.0,200.0
1979-03-01,67.0,50.0,13.0,26.0,5.0,4.0,41.0,19.0,8.0,14.0,4.0,2.0,74.0,58.0,77.0,37.0,150.0,50.0,5000.0,3000.0,1000.0,1000.0,900.0,200.0
1979-04-01,67.0,50.0,13.0,26.0,5.0,4.0,41.0,19.0,8.0,14.0,4.0,2.0,74.0,58.0,77.0,37.0,150.0,50.0,5000.0,3000.0,1000.0,1000.0,900.0,200.0
1979-05-01,67.0,50.0,13.0,26.0,5.0,4.0,41.0,19.0,8.0,14.0,4.0,2.0,74.0,58.0,77.0,37.0,150.0,50.0,5000.0,3000.0,1000.0,1000.0,900.0,200.0
1979-06-01,67.0,50.0,13.0,26.0,5.0,4.0,41.0,19.0,8.0,14.0,4.0,2.0,74.0,58.0,77.0,37.0,150.0,50.0,5000.0,3000.0,1000.0,1000.0,900.0,200.0
1979-07-01,67.0,50.0,13.0,26.0,5.0,4.0,41.0,19.0,8.0,14.0,4.0,2.0,74.0,58.0,77.0,37.0,150.0,50.0,5000.0,3000.0,1000.0,1000.0,900.0,200.0
1979-08-01,67.0,50.0,13.0,26.0,5.0,4.0,41.0,19.0,8.0,14.0,4.0,2.0,74.0,58.0,77.0,37.0,150.0,50.0,5000.0,3000.0,1000.0,1000.0,900.0,200.0
1979-09-01,67.0,50.0,13.0,26.0,5.0,4.0,41.0,19.0,8.0,14.0,4.0,2.0,74.0,58.0,77.0,37.0,150.0,50.0,5000.0,3000.0,1000.0,1000.0,900.0,200.0
1979-10-01,67.0,50.0,13.0,26.0,5.0,4.0,41.0,19.0,8.0,14.0,4.0,2.0,74.0,58.0,77.0,37.0,150.0,50.0,5000.0,3000.0,1000.0,1000.0,900.0,200.0
1979-11-01,67.0,50.0,13.0,26.0,5.0,4.0,41.0,19.0,8.0,14.0,4.0,2.0,74.0,58.0,77.0,37.0,150.0,50.0,5000.0,3000.0,1000.0,1000.0,900.0,200.0
1979-12-01,67.0,50.0,13.0,26.0,5.0,4.0,41.0,19.0,8.0,14.0,4.0,2.0,74.0,58.0,77.0,37.0,150.0,50.0,5000.0,3000.0,1000.0,1000.0,900.0,200.0
1980-01-01,143.0,75.0,17.0,23.0,5.0,2.0,126.0,41.0,14.0,12.0,5.0,1.0,197.0,150.0,176.0,83.0,200.0,280.0,29000.0,12000.0,3000.0,2000.0,1400.0,1400.0
1980-02-01,143.0,75.0,17.0,23.0,5.0,2.0,126.0,41.0,14.0,12.0,5.0,1.0,197.0,150.0,176.0,83.0,200.0,280.0,29000.0,12000.0,3000.0,2000.0,1400.0,1400.0
1980-03-01,143.0,75.0,17.0,23.0,5.0,2.0,126.0,41.0,14.0,12.0,5.0,1.0,197.0,150.0,176.0,83.0,200.0,280.0,29000.0,12000.0,3000.0,2000.0,1400.0,1400.0
1980-04-01,143.0,75.0,17.0,23.0,5.0,2.0,126.0,41.0,14.0,12.0,5.0,1.0,197.0,150.0,176.0,83.0,200.0,280.0,29000.0,12000.0,3000.0,2000.0,1400.0,1400.0
1980-05-01,143.0,75.0,17.0,23.0,5.0,2.0,126.0,41.0,14.0,12.0,5.0,1.0,197.0,150.0,176.0,83.0,200.0,280.0,29000.0,12000.0,3000.0,2000.0,1400.0,1400.0
1980-06-01,143.0,75.0,17.0,23.0,5.0,2.0,126.0,41.0,14.0,12.0,5.0,1.0,197.0,150.0,176.0,83.0,200.0,280.0,29000.0,12000.0,3000.0,2000.0,1400.0,1400.0
1980-07-01,143.0,75.0,17.0,23.0,5.0,2.0,126.0,41.0,14.0,12.0,5.0,1.0,197.0,150.0,176.0,83.0,200.0,280.0,29000.0,12000.0,3000.0,2000.0,1400.0,1400.0
1980-08-01,143.0,75.0,17.0,23.0,5.0,2.0,126.0,41.0,14.0,12.0,5.0,1.0,197.0,150.0,176.0,83.0,200.0,280.0,29000.0,12000.0,3000.0,2000.0,1400.0,1400.0
1980-09-01,143.0,75.0,17.0,23.0,5.0,2.0,126.0,41.0,14.0,12.0,5.0,1.0,197.0,150.0,176.0,83.0,200.0,280.0,29000.0,12000.0,3000.0,2000.0,1400.0,1400.0
1980-10-01,143.0,75.0,17.0,23.0,5.0,2.0,126.0,41.0,14.0,12.0,5.0,1.0,197.0,150.0,176.0,83.0,200.0,280.0,29000.0,12000.0,3000.0,2000.0,1400.0,1400.0
1980-11-01,143.0,75.0,17.0,23.0,5.0,2.0,126.0,41.0,14.0,12.0,5.0,1.0,197.0,150.0,176.0,83.0,200.0,280.0,29000.0,12000.0,3000.0,2000.0,1400.0,1400.0
1980-12-01,143.0,75.0,17.0,23.0,5.0,2.0,126.0,41.0,14.0,12.0,5.0,1.0,197.0,150.0,176.0,83.0,200.0,280.0,29000.0,12000.0,3000.0,2000.0,1400.0,1400.0
1981-01-01,136.0,81.0,20.0,26.0,1.0,3.0,118.0,54.0,13.0,15.0,1.0,2.0,199.0,253.0,100.0,115.0,400.0,400.0,28000.0,22000.0,2000.0,3000.0,1200.0,2000.0
1981-02-01,136.0,81.0,20.0,26.0,1.0,3.0,118.0,54.0,13.0,15.0,1.0,2.0,199.0,253.0,100.0,115.0,400.0,400.0,28000.0,22000.0,2000.0,3000.0,1200.0,2000.0
1981-03-01,136.0,81.0,20.0,26.0,1.0,3.0,118.0,54.0,13.0,15.0,1.0,2.0,199.0,253.0,100.0,115.0,400.0,400.0,28000.0,22000.0,2000.0,3000.0,1200.0,2000.0
1981-04-01,136.0,81.0,20.0,26.0,1.0,3.0,118.0,54.0,13.0,15.0,1.0,2.0,199.0,253.0,100.0,115.0,400.0,400.0,28000.0,22000.0,2000.0,3000.0,1200.0,2000.0
1981-05-01,136.0,81.0,20.0,26.0,1.0,3.0,118.0,54.0,13.0,15.0,1.0,2.0,199.0,253.0,100.0,115.0,400.0,400.0,28000.0,22000.0,2000.0,3000.0,1200.0,2000.0
1981-06-01,136.0,81.0,20.0,26.0,1.0,3.0,118.0,54.0,13.0,15.0,1.0,2.0,199.0,253.0,100.0,115.0,400.0,400.0,28000.0,22000.0,2000.0,3000.0,1200.0,2000.0
1981-07-01,136.0,81.0,20.0,26.0,1.0,3.0,118.0,54.0,13.0,15.0,1.0,2.0,199.0,253.0,100.0,115.0,400.0,400.0,28000.0,22000.0,2000.0,3000.0,1200.0,2000.0
1981-08-01,136.0,81.0,20.0,26.0,1.0,3.0,118.0,54.0,13.0,15.0,1.0,2.0,199.0,253.0,100.0,115.0,400.0,400.0,28000.0,22000.0,2000.0,3000.0,1200.0,2000.0
1981-09-01,136.0,81.0,20.0,26.0,1.0,3.0,118.0,54.0,13.0,15.0,1.0,2.0,199.0,253.0,100.0,115.0,400.0,400.0,28000.0,22000.0,2000.0,3000.0,1200.0,2000.0
1981-10-01,136.0,81.0,20.0,26.0,1.0,3.0,118.0,54.0,13.0,15.0,1.0,2.0,199.0,253.0,100.0,115.0,400.0,400.0,28000.0,22000.0,2000.0,3000.0,1200.0,2000.0
1981-11-01,136.0,81.0,20.0,26.0,1.0,3.0,118.0,54.0,13.0,15.0,1.0,2.0,199.0,253.0,100.0,115.0,400.0,400.0,28000.0,22000.0,2000.0,3000.0,1200.0,2000.0
1981-12-01,136.0,81.0,20.0,26.0,1.0,3.0,118.0,54.0,13.0,15.0,1.0,2.0,199.0,253.0,100.0,115.0,400.0,400.0,28000.0,22000.0,2000.0,3000.0,1200.0,2000.0
1982-01-01,91.0,52.0,16.0,20.0,1.0,2.0,36.0,12.0,3.0,3.0,1.0,1.0,43.0,203.0,31.0,25.0,350.0,150.0,4000.0,13000.0,500.0,500.0,7000.0,300.0
1982-02-01,91.0,52.0,16.0,20.0,1.0,2.0,36.0,12.0,3.0,3.0,1.0,1.0,43.0,203.0,31.0,25.0,350.0,150.0,4000.0,13000.0,500.0,500.0,7000.0,300.0
1982-03-01,91.0,52.0,16.0,20.0,1.0,2.0,36.0,12.0,3.0,3.0,1.0,1.0,43.0,203.0,31.0,25.0,350.0,150.0,4000.0,13000.0,500.0,500.0,7000.0,300.0
1982-04-01,91.0,52.0,16.0,20.0,1.0,2.0,36.0,12.0,3.0,3.0,1.0,1.0,43.0,203.0,31.0,25.0,350.0,150.0,4000.0,13000.0,500.0,500.0,7000.0,300.0
1982-05-01,91.0,52.0,16.0,20.0,1.0,2.0,36.0,12.0,3.0,3.0,1.0,1.0,43.0,203.0,31.0,25.0,350.0,150.0,4000.0,13000.0,500.0,500.0,7000.0,300.0
1982-06-01,91.0,52.0,16.0,20.0,1.0,2.0,36.0,12.0,3.0,3.0,1.0,1.0,43.0,203.0,31.0,25.0,350.0,150.0,4000.0,13000.0,500.0,500.0,7000.0,300.0
1982-07-01,91.0,52.0,16.0,20.0,1.0,2.0,36.0,12.0,3.0,3.0,1.0,1.0,43.0,203.0,31.0,25.0,350.0,150.0,4000.0,13000.0,500.0,500.0,7000.0,300.0
1982-08-01,91.0,52.0,16.0,20.0,1.0,2.0,36.0,12.0,3.0,3.0,1.0,1.0,43.0,203.0,31.0,25.0,350.0,150.0,4000.0,13000.0,500.0,500.0,7000.0,300.0
1982-09-01,91.0,52.0,16.0,20.0,1.0,2.0,36.0,12.0,3.0,3.0,1.0,1.0,43.0,203.0,31.0,25.0,350.0,150.0,4000.0,13000.0,500.0,500.0,7000.0,300.0
1982-10-01,91.0,52.0,16.0,20.0,1.0,2.0,36.0,12.0,3.0,3.0,1.0,1.0,43.0,203.0,31.0,25.0,350.0,150.0,4000.0,13000.0,500.0,500.0,7000.0,300.0
1982-11-01,91.0,52.0,16.0,20.0,1.0,2.0,36.0,12.0,3.0,3.0,1.0,1.0,43.0,203.0,31.0,25.0,350.0,150.0,4000.0,13000.0,500.0,500.0,7000.0,300.0
1982-12-01,91.0,52.0,16.0,20.0,1.0,2.0,36.0,12.0,3.0,3.0,1.0,1.0,43.0,203.0,31.0,25.0,350.0,150.0,4000.0,13000.0,500.0,500.0,7000.0,300.0
1983-01-01,125.0,57.0,16.0,21.0,,1.0,34.0,16.0,6.0,3.0,,800.0,40.0,148.0,29.0,14.0,200.0,800.0,5000.0,9000.0,500.0,300.0,200.0,
1983-02-01,125.0,57.0,16.0,21.0,,1.0,34.0,16.0,6.0,3.0,,800.0,40.0,148.0,29.0,14.0,200.0,800.0,5000.0,9000.0,500.0,300.0,200.0,
1983-03-01,125.0,57.0,16.0,21.0,,1.0,34.0,16.0,6.0,3.0,,800.0,40.0,148.0,29.0,14.0,200.0,800.0,5000.0,9000.0,500.0,300.0,200.0,
1983-04-01,125.0,57.0,16.0,21.0,,1.0,34.0,16.0,6.0,3.0,,800.0,40.0,148.0,29.0,14.0,200.0,800.0,5000.0,9000.0,500.0,300.0,200.0,
1983-05-01,125.0,57.0,16.0,21.0,,1.0,34.0,16.0,6.0,3.0,,800.0,40.0,148.0,29.0,14.0,200.0,800.0,5000.0,9000.0,500.0,300.0,200.0,
1983-06-01,125.0,57.0,16.0,21.0,,1.0,34.0,16.0,6.0,3.0,,800.0,40.0,148.0,29.0,14.0,200.0,800.0,5000.0,9000.0,500.0,300.0,200.0,
1983-07-01,125.0,57.0,16.0,21.0,,1.0,34.0,16.0,6.0,3.0,,800.0,40.0,148.0,29.0,14.0,200.0,800.0,5000.0,9000.0,500.0,300.0,200.0,
1983-08-01,125.0,57.0,16.0,21.0,,1.0,34.0,16.0,6.0,3.0,,800.0,40.0,148.0,29.0,14.0,200.0,800.0,5000.0,9000.0,500.0,300.0,200.0,
1983-09-01,125.0,57.0,16.0,21.0,,1.0,34.0,16.0,6.0,3.0,,800.0,40.0,148.0,29.0,14.0,200.0,800.0,5000.0,9000.0,500.0,300.0,200.0,
1983-10-01,125.0,57.0,16.0,21.0,,1.0,34.0,16.0,6.0,3.0,,800.0,40.0,148.0,29.0,14.0,200.0,800.0,5000.0,9000.0,500.0,300.0,200.0,
1983-11-01,125.0,57.0,16.0,21.0,,1.0,34.0,16.0,6.0,3.0,,800.0,40.0,148.0,29.0,14.0,200.0,800.0,5000.0,9000.0,500.0,300.0,200.0,
1983-12-01,125.0,57.0,16.0,21.0,,1.0,34.0,16.0,6.0,3.0,,800.0,40.0,148.0,29.0,14.0,200.0,800.0,5000.0,9000.0,500.0,300.0,200.0,
1984-01-01,108.0,44.0,17.0,16.0,,2.0,46.0,1.0,8.0,3.0,,600.0,53.0,10.0,41.0,24.0,200.0,150.0,6000.0,500.0,700.0,400.0,400.0,
1984-02-01,108.0,44.0,17.0,16.0,,2.0,46.0,1.0,8.0,3.0,,600.0,53.0,10.0,41.0,24.0,200.0,150.0,6000.0,500.0,700.0,400.0,400.0,
1984-03-01,108.0,44.0,17.0,16.0,,2.0,46.0,1.0,8.0,3.0,,600.0,53.0,10.0,41.0,24.0,200.0,150.0,6000.0,500.0,700.0,400.0,400.0,
1984-04-01,108.0,44.0,17.0,16.0,,2.0,46.0,1.0,8.0,3.0,,600.0,53.0,10.0,41.0,24.0,200.0,150.0,6000.0,500.0,700.0,400.0,400.0,
1984-05-01,108.0,44.0,17.0,16.0,,2.0,46.0,1.0,8.0,3.0,,600.0,53.0,10.0,41.0,24.0,200.0,150.0,6000.0,500.0,700.0,400.0,400.0,
1984-06-01,108.0,44.0,17.0,16.0,,2.0,46.0,1.0,8.0,3.0,,600.0,53.0,10.0,41.0,24.0,200.0,150.0,6000.0,500.0,700.0,400.0,400.0,
1984-07-01,108.0,44.0,17.0,16.0,,2.0,46.0,1.0,8.0,3.0,,600.0,53.0,10.0,41.0,24.0,200.0,150.0,6000.0,500.0,700.0,400.0,400.0,
1984-08-01,108.0,44.0,17.0,16.0,,2.0,46.0,1.0,8.0,3.0,,600.0,53.0,10.0,41.0,24.0,200.0,150.0,6000.0,500.0,700.0,400.0,400.0,
1984-09-01,108.0,44.0,17.0,16.0,,2.0,46.0,1.0,8.0,3.0,,600.0,53.0,10.0,41.0,24.0,200.0,150.0,6000.0,500.0,700.0,400.0,400.0,
1984-10-01,108.0,44.0,17.0,16.0,,2.0,46.0,1.0,8.0,3.0,,600.0,53.0,10.0,41.0,24.0,200.0,150.0,6000.0,500.0,700.0,400.0,400.0,
1984-11-01,108.0,44.0,17.0,16.0,,2.0,46.0,1.0,8.0,3.0,,600.0,53.0,10.0,41.0,24.0,200.0,150.0,6000.0,500.0,700.0,400.0,400.0,
1984-12-01,108.0,44.0,17.0,16.0,,2.0,46.0,1.0,8.0,3.0,,600.0,53.0,10.0,41.0,24.0,200.0,150.0,6000.0,500.0,700.0,400.0,400.0,
1985-01-01,119.0,48.0,15.0,16.0,3.0,1.0,78.0,7.0,10.0,3.0,,1.0,120.0,31.0,113.0,27.0,167.0,400.0,15000.0,1500.0,1800.0,400.0,500.0,800.0
1985-02-01,119.0,48.0,15.0,16.0,3.0,1.0,78.0,7.0,10.0,3.0,,1.0,120.0,31.0,113.0,27.0,167.0,400.0,15000.0,1500.0,1800.0,400.0,500.0,800.0
1985-03-01,119.0,48.0,15.0,16.0,3.0,1.0,78.0,7.0,10.0,3.0,,1.0,120.0,31.0,113.0,27.0,167.0,400.0,15000.0,1500.0,1800.0,400.0,500.0,800.0
1985-04-01,119.0,48.0,15.0,16.0,3.0,1.0,78.0,7.0,10.0,3.0,,1.0,120.0,31.0,113.0,27.0,167.0,400.0,15000.0,1500.0,1800.0,400.0,500.0,800.0
1985-05-01,119.0,48.0,15.0,16.0,3.0,1.0,78.0,7.0,10.0,3.0,,1.0,120.0,31.0,113.0,27.0,167.0,400.0,15000.0,1500.0,1800.0,400.0,500.0,800.0
1985-06-01,119.0,48.0,15.0,16.0,3.0,1.0,78.0,7.0,10.0,3.0,,1.0,120.0,31.0,113.0,27.0,167.0,400.0,15000.0,1500.0,1800.0,400.0,500.0,800.0
1985-07-01,119.0,48.0,15.0,16.0,3.0,1.0,78.0,7.0,10.0,3.0,,1.0,120.0,31.0,113.0,27.0,167.0,400.0,15000.0,1500.0,1800.0,400.0,500.0,800.0
1985-08-01,119.0,48.0,15.0,16.0,3.0,1.0,78.0,7.0,10.0,3.0,,1.0,120.0,31.0,113.0,27.0,167.0,400.0,15000.0,1500.0,1800.0,400.0,500.0,800.0
1985-09-01,119.0,48.0,15.0,16.0,3.0,1.0,78.0,7.0,10.0,3.0,,1.0,120.0,31.0,113.0,27.0,167.0,400.0,15000.0,1500.0,1800.0,400.0,500.0,800.0
1985-10-01,119.0,48.0,15.0,16.0,3.0,1.0,78.0,7.0,10.0,3.0,,1.0,120.0,31.0,113.0,27.0,167.0,400.0,15000.0,1500.0,1800.0,400.0,500.0,800.0
1985-11-01,119.0,48.0,15.0,16.0,3.0,1.0,78.0,7.0,10.0,3.0,,1.0,120.0,31.0,113.0,27.0,167.0,400.0,15000.0,1500.0,1800.0,400.0,500.0,800.0
1985-12-01,119.0,48.0,15.0,16.0,3.0,1.0,78.0,7.0,10.0,3.0,,1.0,120.0,31.0,113.0,27.0,167.0,400.0,15000.0,1500.0,1800.0,400.0,500.0,800.0
1986-01-01,153.0,42.0,17.0,16.0,1.0,1.0,90.0,8.0,10.0,5.0,,200.0,99.0,82.0,74.0,33.0,211.0,129.0,16000.0,3600.0,1300.0,600.0,200.0,
1986-02-01,153.0,42.0,17.0,16.0,1.0,1.0,90.0,8.0,10.0,5.0,,200.0,99.0,82.0,74.0,33.0,211.0,129.0,16000.0,3600.0,1300.0,600.0,200.0,
1986-03-01,153.0,42.0,17.0,16.0,1.0,1.0,90.0,8.0,10.0,5.0,,200.0,99.0,82.0,74.0,33.0,211.0,129.0,16000.0,3600.0,1300.0,600.0,200.0,
1986-04-01,153.0,42.0,17.0,16.0,1.0,1.0,90.0,8.0,10.0,5.0,,200.0,99.0,82.0,74.0,33.0,211.0,129.0,16000.0,3600.0,1300.0,600.0,200.0,
1986-05-01,153.0,42.0,17.0,16.0,1.0,1.0,90.0,8.0,10.0,5.0,,200.0,99.0,82.0,74.0,33.0,211.0,129.0,16000.0,3600.0,1300.0,600.0,200.0,
1986-06-01,153.0,42.0,17.0,16.0,1.0,1.0,90.0,8.0,10.0,5.0,,200.0,99.0,82.0,74.0,33.0,211.0,129.0,16000.0,3600.0,1300.0,600.0,200.0,
1986-07-01,153.0,42.0,17.0,16.0,1.0,1.0,90.0,8.0,10.0,5.0,,200.0,99.0,82.0,74.0,33.0,211.0,129.0,16000.0,3600.0,1300.0,600.0,200.0,
1986-08-01,153.0,42.0,17.0,16.0,1.0,1.0,90.0,8.0,10.0,5.0,,200.0,99.0,82.0,74.0,33.0,211.0,129.0,16000.0,3600.0,1300.0,600.0,200.0,
1986-09-01,153.0,42.0,17.0,16.0,1.0,1.0,90.0,8.0,10.0,5.0,,200.0,99.0,82.0,74.0,33.0,211.0,129.0,16000.0,3600.0,1300.0,600.0,200.0,
1986-10-01,153.0,42.0,17.0,16.0,1.0,1.0,90.0,8.0,10.0,5.0,,200.0,99.0,82.0,74.0,33.0,211.0,129.0,16000.0,3600.0,1300.0,600.0,200.0,
1986-11-01,153.0,42.0,17.0,16.0,1.0,1.0,90.0,8.0,10.0,5.0,,200.0,99.0,82.0,74.0,33.0,211.0,129.0,16000.0,3600.0,1300.0,600.0,200.0,
1986-12-01,153.0,42.0,17.0,16.0,1.0,1.0,90.0,8.0,10.0,5.0,,200.0,99.0,82.0,74.0,33.0,211.0,129.0,16000.0,3600.0,1300.0,600.0,200.0,
1987-01-01,195.0,43.0,14.0,15.0,1.0,2.0,103.0,3.0,5.0,2.0,,100.0,86.0,70.0,26.0,20.0,175.0,33.0,18000.0,3300.0,400.0,100.0,100.0,
1987-02-01,195.0,43.0,14.0,15.0,1.0,2.0,103.0,3.0,5.0,2.0,,100.0,86.0,70.0,26.0,20.0,175.0,33.0,18000.0,3300.0,400.0,100.0,100.0,
1987-03-01,195.0,43.0,14.0,15.0,1.0,2.0,103.0,3.0,5.0,2.0,,100.0,86.0,70.0,26.0,20.0,175.0,33.0,18000.0,3300.0,400.0,100.0,100.0,
1987-04-01,195.0,43.0,14.0,15.0,1.0,2.0,103.0,3.0,5.0,2.0,,100.0,86.0,70.0,26.0,20.0,175.0,33.0,18000.0,3300.0,400.0,100.0,100.0,
1987-05-01,195.0,43.0,14.0,15.0,1.0,2.0,103.0,3.0,5.0,2.0,,100.0,86.0,70.0,26.0,20.0,175.0,33.0,18000.0,3300.0,400.0,100.0,100.0,
1987-06-01,195.0,43.0,14.0,15.0,1.0,2.0,103.0,3.0,5.0,2.0,,100.0,86.0,70.0,26.0,20.0,175.0,33.0,18000.0,3300.0,400.0,100.0,100.0,
1987-07-01,195.0,43.0,14.0,15.0,1.0,2.0,103.0,3.0,5.0,2.0,,100.0,86.0,70.0,26.0,20.0,175.0,33.0,18000.0,3300.0,400.0,100.0,100.0,
1987-08-01,195.0,43.0,14.0,15.0,1.0,2.0,103.0,3.0,5.0,2.0,,100.0,86.0,70.0,26.0,20.0,175.0,33.0,18000.0,3300.0,400.0,100.0,100.0,
1987-09-01,195.0,43.0,14.0,15.0,1.0,2.0,103.0,3.0,5.0,2.0,,100.0,86.0,70.0,26.0,20.0,175.0,33.0,18000.0,3300.0,400.0,100.0,100.0,
1987-10-01,195.0,43.0,14.0,15.0,1.0,2.0,103.0,3.0,5.0,2.0,,100.0,86.0,70.0,26.0,20.0,175.0,33.0,18000.0,3300.0,400.0,100.0,100.0,
1987-11-01,195.0,43.0,14.0,15.0,1.0,2.0,103.0,3.0,5.0,2.0,,100.0,86.0,70.0,26.0,20.0,175.0,33.0,18000.0,3300.0,400.0,100.0,100.0,
1987-12-01,195.0,43.0,14.0,15.0,1.0,2.0,103.0,3.0,5.0,2.0,,100.0,86.0,70.0,26.0,20.0,175.0,33.0,18000.0,3300.0,400.0,100.0,100.0,
1988-01-01,246.0,51.0,13.0,17.0,1.0,1.0,219.0,30.0,9.0,10.0,,200.0,338.0,141.0,225.0,128.0,200.0,282.0,94000.0,7300.0,3700.0,2300.0,200.0,
1988-02-01,246.0,51.0,13.0,17.0,1.0,1.0,219.0,30.0,9.0,10.0,,200.0,338.0,141.0,225.0,128.0,200.0,282.0,94000.0,7300.0,3700.0,2300.0,200.0,
1988-03-01,246.0,51.0,13.0,17.0,1.0,1.0,219.0,30.0,9.0,10.0,,200.0,338.0,141.0,225.0,128.0,200.0,282.0,94000.0,7300.0,3700.0,2300.0,200.0,
1988-04-01,246.0,51.0,13.0,17.0,1.0,1.0,219.0,30.0,9.0,10.0,,200.0,338.0,141.0,225.0,128.0,200.0,282.0,94000.0,7300.0,3700.0,2300.0,200.0,
1988-05-01,246.0,51.0,13.0,17.0,1.0,1.0,219.0,30.0,9.0,10.0,,200.0,338.0,141.0,225.0,128.0,200.0,282.0,94000.0,7300.0,3700.0,2300.0,200.0,
1988-06-01,246.0,51.0,13.0,17.0,1.0,1.0,219.0,30.0,9.0,10.0,,200.0,338.0,141.0,225.0,128.0,200.0,282.0,94000.0,7300.0,3700.0,2300.0,200.0,
1988-07-01,246.0,51.0,13.0,17.0,1.0,1.0,219.0,30.0,9.0,10.0,,200.0,338.0,141.0,225.0,128.0,200.0,282.0,94000.0,7300.0,3700.0,2300.0,200.0,
1988-08-01,246.0,51.0,13.0,17.0,1.0,1.0,219.0,30.0,9.0,10.0,,200.0,338.0,141.0,225.0,128.0,200.0,282.0,94000.0,7300.0,3700.0,2300.0,200.0,
1988-09-01,246.0,51.0,13.0,17.0,1.0,1.0,219.0,30.0,9.0,10.0,,200.0,338.0,141.0,225.0,128.0,200.0,282.0,94000.0,7300.0,3700.0,2300.0,200.0,
1988-10-01,246.0,51.0,13.0,17.0,1.0,1.0,219.0,30.0,9.0,10.0,,200.0,338.0,141.0,225.0,128.0,200.0,282.0,94000.0,7300.0,3700.0,2300.0,200.0,
1988-11-01,246.0,51.0,13.0,17.0,1.0,1.0,219.0,30.0,9.0,10.0,,200.0,338.0,141.0,225.0,128.0,200.0,282.0,94000.0,7300.0,3700.0,2300.0,200.0,
1988-12-01,246.0,51.0,13.0,17.0,1.0,1.0,219.0,30.0,9.0,10.0,,200.0,338.0,141.0,225.0,128.0,200.0,282.0,94000.0,7300.0,3700.0,2300.0,200.0,
1989-01-01,237.0,76.0,20.0,28.0,1.0,1.0,184.0,45.0,11.0,16.0,,1.0,199.0,224.0,97.0,83.0,200.0,232.0,53000.0,20000.0,2000.0,2500.0,200.0,500.0
1989-02-01,237.0,76.0,20.0,28.0,1.0,1.0,184.0,45.0,11.0,16.0,,1.0,199.0,224.0,97.0,83.0,200.0,232.0,53000.0,20000.0,2000.0,2500.0,200.0,500.0
1989-03-01,237.0,76.0,20.0,28.0,1.0,1.0,184.0,45.0,11.0,16.0,,1.0,199.0,224.0,97.0,83.0,200.0,232.0,53000.0,20000.0,2000.0,2500.0,200.0,500.0
1989-04-01,237.0,76.0,20.0,28.0,1.0,1.0,184.0,45.0,11.0,16.0,,1.0,199.0,224.0,97.0,83.0,200.0,232.0,53000.0,20000.0,2000.0,2500.0,200.0,500.0
1989-05-01,237.0,76.0,20.0,28.0,1.0,1.0,184.0,45.0,11.0,16.0,,1.0,199.0,224.0,97.0,83.0,200.0,232.0,53000.0,20000.0,2000.0,2500.0,200.0,500.0
1989-06-01,237.0,76.0,20.0,28.0,1.0,1.0,184.0,45.0,11.0,16.0,,1.0,199.0,224.0,97.0,83.0,200.0,232.0,53000.0,20000.0,2000.0,2500.0,200.0,500.0
1989-07-01,237.0,76.0,20.0,28.0,1.0,1.0,184.0,45.0,11.0,16.0,,1.0,199.0,224.0,97.0,83.0,200.0,232.0,53000.0,20000.0,2000.0,2500.0,200.0,500.0
1989-08-01,237.0,76.0,20.0,28.0,1.0,1.0,184.0,45.0,11.0,16.0,,1.0,199.0,224.0,97.0,83.0,200.0,232.0,53000.0,20000.0,2000.0,2500.0,200.0,500.0
1989-09-01,237.0,76.0,20.0,28.0,1.0,1.0,184.0,45.0,11.0,16.0,,1.0,199.0,224.0,97.0,83.0,200.0,232.0,53000.0,20000.0,2000.0,2500.0,200.0,500.0
1989-10-01,237.0,76.0,20.0,28.0,1.0,1.0,184.0,45.0,11.0,16.0,,1.0,199.0,224.0,97.0,83.0,200.0,232.0,53000.0,20000.0,2000.0,2500.0,200.0,500.0
1989-11-01,237.0,76.0,20.0,28.0,1.0,1.0,184.0,45.0,11.0,16.0,,1.0,199.0,224.0,97.0,83.0,200.0,232.0,53000.0,20000.0,2000.0,2500.0,200.0,500.0
1989-12-01,237.0,76.0,20.0,28.0,1.0,1.0,184.0,45.0,11.0,16.0,,1.0,199.0,224.0,97.0,83.0,200.0,232.0,53000.0,20000.0,2000.0,2500.0,200.0,500.0
1990-01-01,181.0,69.0,12.0,19.0,1.0,1.0,132.0,34.0,9.0,12.0,,1.0,185.0,147.0,135.0,98.0,300.0,257.0,38200.0,12000.0,1700.0,2000.0,240.0,540.0
1990-02-01,181.0,69.0,12.0,19.0,1.0,1.0,132.0,34.0,9.0,12.0,,1.0,185.0,147.0,135.0,98.0,300.0,257.0,38200.0,12000.0,1700.0,2000.0,240.0,540.0
1990-03-01,181.0,69.0,12.0,19.0,1.0,1.0,132.0,34.0,9.0,12.0,,1.0,185.0,147.0,135.0,98.0,300.0,257.0,38200.0,12000.0,1700.0,2000.0,240.0,540.0
1990-04-01,181.0,69.0,12.0,19.0,1.0,1.0,132.0,34.0,9.0,12.0,,1.0,185.0,147.0,135.0,98.0,300.0,257.0,38200.0,12000.0,1700.0,2000.0,240.0,540.0
1990-05-01,181.0,69.0,12.0,19.0,1.0,1.0,132.0,34.0,9.0,12.0,,1.0,185.0,147.0,135.0,98.0,300.0,257.0,38200.0,12000.0,1700.0,2000.0,240.0,540.0
1990-06-01,181.0,69.0,12.0,19.0,1.0,1.0,132.0,34.0,9.0,12.0,,1.0,185.0,147.0,135.0,98.0,300.0,257.0,38200.0,12000.0,1700.0,2000.0,240.0,540.0
1990-07-01,181.0,69.0,12.0,19.0,1.0,1.0,132.0,34.0,9.0,12.0,,1.0,185.0,147.0,135.0,98.0,300.0,257.0,38200.0,12000.0,1700.0,2000.0,240.0,540.0
1990-08-01,181.0,69.0,12.0,19.0,1.0,1.0,132.0,34.0,9.0,12.0,,1.0,185.0,147.0,135.0,98.0,300.0,257.0,38200.0,12000.0,1700.0,2000.0,240.0,540.0
1990-09-01,181.0,69.0,12.0,19.0,1.0,1.0,132.0,34.0,9.0,12.0,,1.0,185.0,147.0,135.0,98.0,300.0,257.0,38200.0,12000.0,1700.0,2000.0,240.0,540.0
1990-10-01,181.0,69.0,12.0,19.0,1.0,1.0,132.0,34.0,9.0,12.0,,1.0,185.0,147.0,135.0,98.0,300.0,257.0,38200.0,12000.0,1700.0,2000.0,240.0,540.0
1990-11-01,181.0,69.0,12.0,19.0,1.0,1.0,132.0,34.0,9.0,12.0,,1.0,185.0,147.0,135.0,98.0,300.0,257.0,38200.0,12000.0,1700.0,2000.0,240.0,540.0
1990-12-01,181.0,69.0,12.0,19.0,1.0,1.0,132.0,34.0,9.0,12.0,,1.0,185.0,147.0,135.0,98.0,300.0,257.0,38200.0,12000.0,1700.0,2000.0,240.0,540.0
1993-01-01,138.0,84.0,15.0,27.0,2.0,1.0,67.0,22.0,11.0,9.0,1.0,1.0,78.0,36.0,108.0,20.0,51.0,90.0,10797.0,2976.0,1624.0,530.0,113.0,126.0
1993-02-01,138.0,84.0,15.0,27.0,2.0,1.0,67.0,22.0,11.0,9.0,1.0,1.0,78.0,36.0,108.0,20.0,51.0,90.0,10797.0,2976.0,1624.0,530.0,113.0,126.0
1993-03-01,138.0,84.0,15.0,27.0,2.0,1.0,67.0,22.0,11.0,9.0,1.0,1.0,78.0,36.0,108.0,20.0,51.0,90.0,10797.0,2976.0,1624.0,530.0,113.0,126.0
1993-04-01,138.0,84.0,15.0,27.0,2.0,1.0,67.0,22.0,11.0,9.0,1.0,1.0,78.0,36.0,108.0,20.0,51.0,90.0,10797.0,2976.0,1624.0,530.0,113.0,126.0
1993-05-01,138.0,84.0,15.0,27.0,2.0,1.0,67.0,22.0,11.0,9.0,1.0,1.0,78.0,36.0,108.0,20.0,51.0,90.0,10797.0,2976.0,1624.0,530.0,113.0,126.0
1993-06-01,138.0,84.0,15.0,27.0,2.0,1.0,67.0,22.0,11.0,9.0,1.0,1.0,78.0,36.0,108.0,20.0,51.0,90.0,10797.0,2976.0,1624.0,530.0,113.0,126.0
1993-07-01,138.0,84.0,15.0,27.0,2.0,1.0,67.0,22.0,11.0,9.0,1.0,1.0,78.0,36.0,108.0,20.0,51.0,90.0,10797.0,2976.0,1624.0,530.0,113.0,126.0
1993-08-01,138.0,84.0,15.0,27.0,2.0,1.0,67.0,22.0,11.0,9.0,1.0,1.0,78.0,36.0,108.0,20.0,51.0,90.0,10797.0,2976.0,1624.0,530.0,113.0,126.0
1993-09-01,138.0,84.0,15.0,27.0,2.0,1.0,67.0,22.0,11.0,9.0,1.0,1.0,78.0,36.0,108.0,20.0,51.0,90.0,10797.0,2976.0,1624.0,530.0,113.0,126.0
1993-10-01,138.0,84.0,15.0,27.0,2.0,1.0,67.0,22.0,11.0,9.0,1.0,1.0,78.0,36.0,108.0,20.0,51.0,90.0,10797.0,2976.0,1624.0,530.0,113.0,126.0
1993-11-01,138.0,84.0,15.0,27.0,2.0,1.0,67.0,22.0,11.0,9.0,1.0,1.0,78.0,36.0,108.0,20.0,51.0,90.0,10797.0,2976.0,1624.0,530.0,113.0,126.0
1993-12-01,138.0,84.0,15.0,27.0,2.0,1.0,67.0,22.0,11.0,9.0,1.0,1.0,78.0,36.0,108.0,20.0,51.0,90.0,10797.0,2976.0,1624.0,530.0,113.0,126.0
1995-01-01,164.0,85.0,11.0,26.0,4.0,1.0,104.0,18.0,7.0,10.0,3.0,951.0,685.0,220.0,1708.0,394.0,197.0,856.0,113547.0,18953.0,19390.0,10181.0,962.0,
1995-02-01,164.0,85.0,11.0,26.0,4.0,1.0,104.0,18.0,7.0,10.0,3.0,951.0,685.0,220.0,1708.0,394.0,197.0,856.0,113547.0,18953.0,19390.0,10181.0,962.0,
1995-03-01,164.0,85.0,11.0,26.0,4.0,1.0,104.0,18.0,7.0,10.0,3.0,951.0,685.0,220.0,1708.0,394.0,197.0,856.0,113547.0,18953.0,19390.0,10181.0,962.0,
1995-04-01,164.0,85.0,11.0,26.0,4.0,1.0,104.0,18.0,7.0,10.0,3.0,951.0,685.0,220.0,1708.0,394.0,197.0,856.0,113547.0,18953.0,19390.0,10181.0,962.0,
1995-05-01,164.0,85.0,11.0,26.0,4.0,1.0,104.0,18.0,7.0,10.0,3.0,951.0,685.0,220.0,1708.0,394.0,197.0,856.0,113547.0,18953.0,19390.0,10181.0,962.0,
1995-06-01,164.0,85.0,11.0,26.0,4.0,1.0,104.0,18.0,7.0,10.0,3.0,951.0,685.0,220.0,1708.0,394.0,197.0,856.0,113547.0,18953.0,19390.0,10181.0,962.0,
1995-07-01,164.0,85.0,11.0,26.0,4.0,1.0,104.0,18.0,7.0,10.0,3.0,951.0,685.0,220.0,1708.0,394.0,197.0,856.0,113547.0,18953.0,19390.0,10181.0,962.0,
1995-08-01,164.0,85.0,11.0,26.0,4.0,1.0,104.0,18.0,7.0,10.0,3.0,951.0,685.0,220.0,1708.0,394.0,197.0,856.0,113547.0,18953.0,19390.0,10181.0,962.0,
1995-09-01,164.0,85.0,11.0,26.0,4.0,1.0,104.0,18.0,7.0,10.0,3.0,951.0,685.0,220.0,1708.0,394.0,197.0,856.0,113547.0,18953.0,19390.0,10181.0,962.0,
1995-10-01,164.0,85.0,11.0,26.0,4.0,1.0,104.0,18.0,7.0,10.0,3.0,951.0,685.0,220.0,1708.0,394.0,197.0,856.0,113547.0,18953.0,19390.0,10181.0,962.0,
1995-11-01,164.0,85.0,11.0,26.0,4.0,1.0,104.0,18.0,7.0,10.0,3.0,951.0,685.0,220.0,1708.0,394.0,197.0,856.0,113547.0,18953.0,19390.0,10181.0,962.0,
1995-12-01,164.0,85.0,11.0,26.0,4.0,1.0,104.0,18.0,7.0,10.0,3.0,951.0,685.0,220.0,1708.0,394.0,197.0,856.0,113547.0,18953.0,19390.0,10181.0,962.0,
1996-01-01,191.0,134.0,11.0,35.0,,2.0,164.0,100.0,9.0,25.0,,1.0,310.0,180.0,227.0,109.0,65.0,240.0,59200.0,24629.0,2508.0,3914.0,39.0,551.0
1996-02-01,191.0,134.0,11.0,35.0,,2.0,164.0,100.0,9.0,25.0,,1.0,310.0,180.0,227.0,109.0,65.0,240.0,59200.0,24629.0,2508.0,3914.0,39.0,551.0
1996-03-01,191.0,134.0,11.0,35.0,,2.0,164.0,100.0,9.0,25.0,,1.0,310.0,180.0,227.0,109.0,65.0,240.0,59200.0,24629.0,2508.0,3914.0,39.0,551.0
1996-04-01,191.0,134.0,11.0,35.0,,2.0,164.0,100.0,9.0,25.0,,1.0,310.0,180.0,227.0,109.0,65.0,240.0,59200.0,24629.0,2508.0,3914.0,39.0,551.0
1996-05-01,191.0,134.0,11.0,35.0,,2.0,164.0,100.0,9.0,25.0,,1.0,310.0,180.0,227.0,109.0,65.0,240.0,59200.0,24629.0,2508.0,3914.0,39.0,551.0
1996-06-01,191.0,134.0,11.0,35.0,,2.0,164.0,100.0,9.0,25.0,,1.0,310.0,180.0,227.0,109.0,65.0,240.0,59200.0,24629.0,2508.0,3914.0,39.0,551.0
1996-07-01,191.0,134.0,11.0,35.0,,2.0,164.0,100.0,9.0,25.0,,1.0,310.0,180.0,227.0,109.0,65.0,240.0,59200.0,24629.0,2508.0,3914.0,39.0,551.0
1996-08-01,191.0,134.0,11.0,35.0,,2.0,164.0,100.0,9.0,25.0,,1.0,310.0,180.0,227.0,109.0,65.0,240.0,59200.0,24629.0,2508.0,3914.0,39.0,551.0
1996-09-01,191.0,134.0,11.0,35.0,,2.0,164.0,100.0,9.0,25.0,,1.0,310.0,180.0,227.0,109.0,65.0,240.0,59200.0,24629.0,2508.0,3914.0,39.0,551.0
1996-10-01,191.0,134.0,11.0,35.0,,2.0,164.0,100.0,9.0,25.0,,1.0,310.0,180.0,227.0,109.0,65.0,240.0,59200.0,24629.0,2508.0,3914.0,39.0,551.0
1996-11-01,191.0,134.0,11.0,35.0,,2.0,164.0,100.0,9.0,25.0,,1.0,310.0,180.0,227.0,109.0,65.0,240.0,59200.0,24629.0,2508.0,3914.0,39.0,551.0
1996-12-01,191.0,134.0,11.0,35.0,,2.0,164.0,100.0,9.0,25.0,,1.0,310.0,180.0,227.0,109.0,65.0,240.0,59200.0,24629.0,2508.0,3914.0,39.0,551.0
1997-01-01,154.0,117.0,11.0,77.0,1.0,5.0,65.0,78.0,8.0,34.0,1.0,4.0,67.0,189.0,129.0,58.0,147.0,193.0,13450.0,22647.0,1357.0,4467.0,444.0,1040.0
1997-02-01,154.0,117.0,11.0,77.0,1.0,5.0,65.0,78.0,8.0,34.0,1.0,4.0,67.0,189.0,129.0,58.0,147.0,193.0,13450.0,22647.0,1357.0,4467.0,444.0,1040.0
1997-03-01,154.0,117.0,11.0,77.0,1.0,5.0,65.0,78.0,8.0,34.0,1.0,4.0,67.0,189.0,129.0,58.0,147.0,193.0,13450.0,22647.0,1357.0,4467.0,444.0,1040.0
1997-04-01,154.0,117.0,11.0,77.0,1.0,5.0,65.0,78.0,8.0,34.0,1.0,4.0,67.0,189.0,129.0,58.0,147.0,193.0,13450.0,22647.0,1357.0,4467.0,444.0,1040.0
1997-05-01,154.0,117.0,11.0,77.0,1.0,5.0,65.0,78.0,8.0,34.0,1.0,4.0,67.0,189.0,129.0,58.0,147.0,193.0,13450.0,22647.0,1357.0,4467.0,444.0,1040.0
1997-06-01,154.0,117.0,11.0,77.0,1.0,5.0,65.0,78.0,8.0,34.0,1.0,4.0,67.0,189.0,129.0,58.0,147.0,193.0,13450.0,22647.0,1357.0,4467.0,444.0,1040.0
1997-07-01,154.0,117.0,11.0,77.0,1.0,5.0,65.0,78.0,8.0,34.0,1.0,4.0,67.0,189.0,129.0,58.0,147.0,193.0,13450.0,22647.0,1357.0,4467.0,444.0,1040.0
1997-08-01,154.0,117.0,11.0,77.0,1.0,5.0,65.0,78.0,8.0,34.0,1.0,4.0,67.0,189.0,129.0,58.0,147.0,193.0,13450.0,22647.0,1357.0,4467.0,444.0,1040.0
1997-09-01,154.0,117.0,11.0,77.0,1.0,5.0,65.0,78.0,8.0,34.0,1.0,4.0,67.0,189.0,129.0,58.0,147.0,193.0,13450.0,22647.0,1357.0,4467.0,444.0,1040.0
1997-10-01,154.0,117.0,11.0,77.0,1.0,5.0,65.0,78.0,8.0,34.0,1.0,4.0,67.0,189.0,129.0,58.0,147.0,193.0,13450.0,22647.0,1357.0,4467.0,444.0,1040.0
1997-11-01,154.0,117.0,11.0,77.0,1.0,5.0,65.0,78.0,8.0,34.0,1.0,4.0,67.0,189.0,129.0,58.0,147.0,193.0,13450.0,22647.0,1357.0,4467.0,444.0,1040.0
1997-12-01,154.0,117.0,11.0,77.0,1.0,5.0,65.0,78.0,8.0,34.0,1.0,4.0,67.0,189.0,129.0,58.0,147.0,193.0,13450.0,22647.0,1357.0,4467.0,444.0,1040.0
1998-01-01,65.0,88.0,9.0,32.0,,11.0,26.0,24.0,5.0,13.0,,9.0,55.0,25.0,55.0,38.0,32.0,10.0,3743.0,2344.0,507.0,1198.0,1267.0,121.0
1998-02-01,65.0,88.0,9.0,32.0,,11.0,26.0,24.0,5.0,13.0,,9.0,55.0,25.0,55.0,38.0,32.0,10.0,3743.0,2344.0,507.0,1198.0,1267.0,121.0
1998-03-01,65.0,88.0,9.0,32.0,,11.0,26.0,24.0,5.0,13.0,,9.0,55.0,25.0,55.0,38.0,32.0,10.0,3743.0,2344.0,507.0,1198.0,1267.0,121.0
1998-04-01,65.0,88.0,9.0,32.0,,11.0,26.0,24.0,5.0,13.0,,9.0,55.0,25.0,55.0,38.0,32.0,10.0,3743.0,2344.0,507.0,1198.0,1267.0,121.0
1998-05-01,65.0,88.0,9.0,32.0,,11.0,26.0,24.0,5.0,13.0,,9.0,55.0,25.0,55.0,38.0,32.0,10.0,3743.0,2344.0,507.0,1198.0,1267.0,121.0
1998-06-01,65.0,88.0,9.0,32.0,,11.0,26.0,24.0,5.0,13.0,,9.0,55.0,25.0,55.0,38.0,32.0,10.0,3743.0,2344.0,507.0,1198.0,1267.0,121.0
1998-07-01,65.0,88.0,9.0,32.0,,11.0,26.0,24.0,5.0,13.0,,9.0,55.0,25.0,55.0,38.0,32.0,10.0,3743.0,2344.0,507.0,1198.0,1267.0,121.0
1998-08-01,65.0,88.0,9.0,32.0,,11.0,26.0,24.0,5.0,13.0,,9.0,55.0,25.0,55.0,38.0,32.0,10.0,3743.0,2344.0,507.0,1198.0,1267.0,121.0
1998-09-01,65.0,88.0,9.0,32.0,,11.0,26.0,24.0,5.0,13.0,,9.0,55.0,25.0,55.0,38.0,32.0,10.0,3743.0,2344.0,507.0,1198.0,1267.0,121.0
1998-10-01,65.0,88.0,9.0,32.0,,11.0,26.0,24.0,5.0,13.0,,9.0,55.0,25.0,55.0,38.0,32.0,10.0,3743.0,2344.0,507.0,1198.0,1267.0,121.0
1998-11-01,65.0,88.0,9.0,32.0,,11.0,26.0,24.0,5.0,13.0,,9.0,55.0,25.0,55.0,38.0,32.0,10.0,3743.0,2344.0,507.0,1198.0,1267.0,121.0
1998-12-01,65.0,88.0,9.0,32.0,,11.0,26.0,24.0,5.0,13.0,,9.0,55.0,25.0,55.0,38.0,32.0,10.0,3743.0,2344.0,507.0,1198.0,1267.0,121.0
1999-01-01,114.0,123.0,8.0,38.0,,3.0,45.0,34.0,5.0,11.0,,1.0,47.0,30.0,109.0,36.0,69.0,73.0,6658.0,3796.0,860.0,1348.0,2829.0,217.0
1999-02-01,114.0,123.0,8.0,38.0,,3.0,45.0,34.0,5.0,11.0,,1.0,47.0,30.0,109.0,36.0,69.0,73.0,6658.0,3796.0,860.0,1348.0,2829.0,217.0
1999-03-01,114.0,123.0,8.0,38.0,,3.0,45.0,34.0,5.0,11.0,,1.0,47.0,30.0,109.0,36.0,69.0,73.0,6658.0,3796.0,860.0,1348.0,2829.0,217.0
1999-04-01,114.0,123.0,8.0,38.0,,3.0,45.0,34.0,5.0,11.0,,1.0,47.0,30.0,109.0,36.0,69.0,73.0,6658.0,3796.0,860.0,1348.0,2829.0,217.0
1999-05-01,114.0,123.0,8.0,38.0,,3.0,45.0,34.0,5.0,11.0,,1.0,47.0,30.0,109.0,36.0,69.0,73.0,6658.0,3796.0,860.0,1348.0,2829.0,217.0
1999-06-01,114.0,123.0,8.0,38.0,,3.0,45.0,34.0,5.0,11.0,,1.0,47.0,30.0,109.0,36.0,69.0,73.0,6658.0,3796.0,860.0,1348.0,2829.0,217.0
1999-07-01,114.0,123.0,8.0,38.0,,3.0,45.0,34.0,5.0,11.0,,1.0,47.0,30.0,109.0,36.0,69.0,73.0,6658.0,3796.0,860.0,1348.0,2829.0,217.0
1999-08-01,114.0,123.0,8.0,38.0,,3.0,45.0,34.0,5.0,11.0,,1.0,47.0,30.0,109.0,36.0,69.0,73.0,6658.0,3796.0,860.0,1348.0,2829.0,217.0
1999-09-01,114.0,123.0,8.0,38.0,,3.0,45.0,34.0,5.0,11.0,,1.0,47.0,30.0,109.0,36.0,69.0,73.0,6658.0,3796.0,860.0,1348.0,2829.0,217.0
1999-10-01,114.0,123.0,8.0,38.0,,3.0,45.0,34.0,5.0,11.0,,1.0,47.0,30.0,109.0,36.0,69.0,73.0,6658.0,3796.0,860.0,1348.0,2829.0,217.0
1999-11-01,114.0,123.0,8.0,38.0,,3.0,45.0,34.0,5.0,11.0,,1.0,47.0,30.0,109.0,36.0,69.0,73.0,6658.0,3796.0,860.0,1348.0,2829.0,217.0
1999-12-01,114.0,123.0,8.0,38.0,,3.0,45.0,34.0,5.0,11.0,,1.0,47.0,30.0,109.0,36.0,69.0,73.0,6658.0,3796.0,860.0,1348.0,2829.0,217.0
2000-01-01,106.0,123.0,5.0,35.0,1.0,4.0,53.0,78.0,3.0,22.0,1.0,2.0,119.0,162.0,82.0,116.0,178.0,146.0,12671.0,19962.0,439.0,4102.0,163.0,545.0
2000-02-01,106.0,123.0,5.0,35.0,1.0,4.0,53.0,78.0,3.0,22.0,1.0,2.0,119.0,162.0,82.0,116.0,178.0,146.0,12671.0,19962.0,439.0,4102.0,163.0,545.0
2000-03-01,106.0,123.0,5.0,35.0,1.0,4.0,53.0,78.0,3.0,22.0,1.0,2.0,119.0,162.0,82.0,116.0,178.0,146.0,12671.0,19962.0,439.0,4102.0,163.0,545.0
2000-04-01,106.0,123.0,5.0,35.0,1.0,4.0,53.0,78.0,3.0,22.0,1.0,2.0,119.0,162.0,82.0,116.0,178.0,146.0,12671.0,19962.0,439.0,4102.0,163.0,545.0
2000-05-01,106.0,123.0,5.0,35.0,1.0,4.0,53.0,78.0,3.0,22.0,1.0,2.0,119.0,162.0,82.0,116.0,178.0,146.0,12671.0,19962.0,439.0,4102.0,163.0,545.0
2000-06-01,106.0,123.0,5.0,35.0,1.0,4.0,53.0,78.0,3.0,22.0,1.0,2.0,119.0,162.0,82.0,116.0,178.0,146.0,12671.0,19962.0,439.0,4102.0,163.0,545.0
2000-07-01,106.0,123.0,5.0,35.0,1.0,4.0,53.0,78.0,3.0,22.0,1.0,2.0,119.0,162.0,82.0,116.0,178.0,146.0,12671.0,19962.0,439.0,4102.0,163.0,545.0
2000-08-01,106.0,123.0,5.0,35.0,1.0,4.0,53.0,78.0,3.0,22.0,1.0,2.0,119.0,162.0,82.0,116.0,178.0,146.0,12671.0,19962.0,439.0,4102.0,163.0,545.0
2000-09-01,106.0,123.0,5.0,35.0,1.0,4.0,53.0,78.0,3.0,22.0,1.0,2.0,119.0,162.0,82.0,116.0,178.0,146.0,12671.0,19962.0,439.0,4102.0,163.0,545.0
2000-10-01,106.0,123.0,5.0,35.0,1.0,4.0,53.0,78.0,3.0,22.0,1.0,2.0,119.0,162.0,82.0,116.0,178.0,146.0,12671.0,19962.0,439.0,4102.0,163.0,545.0
2000-11-01,106.0,123.0,5.0,35.0,1.0,4.0,53.0,78.0,3.0,22.0,1.0,2.0,119.0,162.0,82.0,116.0,178.0,146.0,12671.0,19962.0,439.0,4102.0,163.0,545.0
2000-12-01,106.0,123.0,5.0,35.0,1.0,4.0,53.0,78.0,3.0,22.0,1.0,2.0,119.0,162.0,82.0,116.0,178.0,146.0,12671.0,19962.0,439.0,4102.0,163.0,545.0
2001-01-01,23.0,48.0,3.0,15.0,1.0,1.0,13.0,25.0,2.0,8.0,1.0,1.0,68.0,104.0,141.0,87.0,156.0,100.0,1583.0,4976.0,472.0,1280.0,150.0,147.0
2001-02-01,23.0,48.0,3.0,15.0,1.0,1.0,13.0,25.0,2.0,8.0,1.0,1.0,68.0,104.0,141.0,87.0,156.0,100.0,1583.0,4976.0,472.0,1280.0,150.0,147.0
2001-03-01,23.0,48.0,3.0,15.0,1.0,1.0,13.0,25.0,2.0,8.0,1.0,1.0,68.0,104.0,141.0,87.0,156.0,100.0,1583.0,4976.0,472.0,1280.0,150.0,147.0
2001-04-01,23.0,48.0,3.0,15.0,1.0,1.0,13.0,25.0,2.0,8.0,1.0,1.0,68.0,104.0,141.0,87.0,156.0,100.0,1583.0,4976.0,472.0,1280.0,150.0,147.0
2001-05-01,23.0,48.0,3.0,15.0,1.0,1.0,13.0,25.0,2.0,8.0,1.0,1.0,68.0,104.0,141.0,87.0,156.0,100.0,1583.0,4976.0,472.0,1280.0,150.0,147.0
2001-06-01,23.0,48.0,3.0,15.0,1.0,1.0,13.0,25.0,2.0,8.0,1.0,1.0,68.0,104.0,141.0,87.0,156.0,100.0,1583.0,4976.0,472.0,1280.0,150.0,147.0
2001-07-01,23.0,48.0,3.0,15.0,1.0,1.0,13.0,25.0,2.0,8.0,1.0,1.0,68.0,104.0,141.0,87.0,156.0,100.0,1583.0,4976.0,472.0,1280.0,150.0,147.0
2001-08-01,23.0,48.0,3.0,15.0,1.0,1.0,13.0,25.0,2.0,8.0,1.0,1.0,68.0,104.0,141.0,87.0,156.0,100.0,1583.0,4976.0,472.0,1280.0,150.0,147.0
2001-09-01,23.0,48.0,3.0,15.0,1.0,1.0,13.0,25.0,2.0,8.0,1.0,1.0,68.0,104.0,141.0,87.0,156.0,100.0,1583.0,4976.0,472.0,1280.0,150.0,147.0
2001-10-01,23.0,48.0,3.0,15.0,1.0,1.0,13.0,25.0,2.0,8.0,1.0,1.0,68.0,104.0,141.0,87.0,156.0,100.0,1583.0,4976.0,472.0,1280.0,150.0,147.0
2001-11-01,23.0,48.0,3.0,15.0,1.0,1.0,13.0,25.0,2.0,8.0,1.0,1.0,68.0,104.0,141.0,87.0,156.0,100.0,1583.0,4976.0,472.0,1280.0,150.0,147.0
2001-12-01,23.0,48.0,3.0,15.0,1.0,1.0,13.0,25.0,2.0,8.0,1.0,1.0,68.0,104.0,141.0,87.0,156.0,100.0,1583.0,4976.0,472.0,1280.0,150.0,147.0
2002-01-01,66.0,95.0,3.0,30.0,,2.0,31.0,35.0,,11.0,,137.0,89.0,75.0,15.0,63.0,86.0,64.0,15805.0,16447.0,54.0,1907.0,2250.0,
2002-02-01,66.0,95.0,3.0,30.0,,2.0,31.0,35.0,,11.0,,137.0,89.0,75.0,15.0,63.0,86.0,64.0,15805.0,16447.0,54.0,1907.0,2250.0,
2002-03-01,66.0,95.0,3.0,30.0,,2.0,31.0,35.0,,11.0,,137.0,89.0,75.0,15.0,63.0,86.0,64.0,15805.0,16447.0,54.0,1907.0,2250.0,
2002-04-01,66.0,95.0,3.0,30.0,,2.0,31.0,35.0,,11.0,,137.0,89.0,75.0,15.0,63.0,86.0,64.0,15805.0,16447.0,54.0,1907.0,2250.0,
2002-05-01,66.0,95.0,3.0,30.0,,2.0,31.0,35.0,,11.0,,137.0,89.0,75.0,15.0,63.0,86.0,64.0,15805.0,16447.0,54.0,1907.0,2250.0,
2002-06-01,66.0,95.0,3.0,30.0,,2.0,31.0,35.0,,11.0,,137.0,89.0,75.0,15.0,63.0,86.0,64.0,15805.0,16447.0,54.0,1907.0,2250.0,
2002-07-01,66.0,95.0,3.0,30.0,,2.0,31.0,35.0,,11.0,,137.0,89.0,75.0,15.0,63.0,86.0,64.0,15805.0,16447.0,54.0,1907.0,2250.0,
2002-08-01,66.0,95.0,3.0,30.0,,2.0,31.0,35.0,,11.0,,137.0,89.0,75.0,15.0,63.0,86.0,64.0,15805.0,16447.0,54.0,1907.0,2250.0,
2002-09-01,66.0,95.0,3.0,30.0,,2.0,31.0,35.0,,11.0,,137.0,89.0,75.0,15.0,63.0,86.0,64.0,15805.0,16447.0,54.0,1907.0,2250.0,
2002-10-01,66.0,95.0,3.0,30.0,,2.0,31.0,35.0,,11.0,,137.0,89.0,75.0,15.0,63.0,86.0,64.0,15805.0,16447.0,54.0,1907.0,2250.0,
2002-11-01,66.0,95.0,3.0,30.0,,2.0,31.0,35.0,,11.0,,137.0,89.0,75.0,15.0,63.0,86.0,64.0,15805.0,16447.0,54.0,1907.0,2250.0,
2002-12-01,66.0,95.0,3.0,30.0,,2.0,31.0,35.0,,11.0,,137.0,89.0,75.0,15.0,63.0,86.0,64.0,15805.0,16447.0,54.0,1907.0,2250.0,
2003-01-01,25.0,38.0,3.0,11.0,,,5.0,8.0,1.0,3.0,,15.0,37.0,42.0,36.0,41.0,24.0,23.0,23501.0,1633.0,91.0,460.0,960.0,
2003-02-01,25.0,38.0,3.0,11.0,,,5.0,8.0,1.0,3.0,,15.0,37.0,42.0,36.0,41.0,24.0,23.0,23501.0,1633.0,91.0,460.0,960.0,
2003-03-01,25.0,38.0,3.0,11.0,,,5.0,8.0,1.0,3.0,,15.0,37.0,42.0,36.0,41.0,24.0,23.0,23501.0,1633.0,91.0,460.0,960.0,
2003-04-01,25.0,38.0,3.0,11.0,,,5.0,8.0,1.0,3.0,,15.0,37.0,42.0,36.0,41.0,24.0,23.0,23501.0,1633.0,91.0,460.0,960.0,
2003-05-01,25.0,38.0,3.0,11.0,,,5.0,8.0,1.0,3.0,,15.0,37.0,42.0,36.0,41.0,24.0,23.0,23501.0,1633.0,91.0,460.0,960.0,
2003-06-01,25.0,38.0,3.0,11.0,,,5.0,8.0,1.0,3.0,,15.0,37.0,42.0,36.0,41.0,24.0,23.0,23501.0,1633.0,91.0,460.0,960.0,
2003-07-01,25.0,38.0,3.0,11.0,,,5.0,8.0,1.0,3.0,,15.0,37.0,42.0,36.0,41.0,24.0,23.0,23501.0,1633.0,91.0,460.0,960.0,
2003-08-01,25.0,38.0,3.0,11.0,,,5.0,8.0,1.0,3.0,,15.0,37.0,42.0,36.0,41.0,24.0,23.0,23501.0,1633.0,91.0,460.0,960.0,
2003-09-01,25.0,38.0,3.0,11.0,,,5.0,8.0,1.0,3.0,,15.0,37.0,42.0,36.0,41.0,24.0,23.0,23501.0,1633.0,91.0,460.0,960.0,
2003-10-01,25.0,38.0,3.0,11.0,,,5.0,8.0,1.0,3.0,,15.0,37.0,42.0,36.0,41.0,24.0,23.0,23501.0,1633.0,91.0,460.0,960.0,
2003-11-01,25.0,38.0,3.0,11.0,,,5.0,8.0,1.0,3.0,,15.0,37.0,42.0,36.0,41.0,24.0,23.0,23501.0,1633.0,91.0,460.0,960.0,
2003-12-01,25.0,38.0,3.0,11.0,,,5.0,8.0,1.0,3.0,,15.0,37.0,42.0,36.0,41.0,24.0,23.0,23501.0,1633.0,91.0,460.0,960.0,
2004-01-01,48.0,63.0,7.0,15.0,,,39.0,43.0,6.0,8.0,,119.0,213.0,134.0,329.0,134.0,97.0,250.0,6095.0,4291.0,958.0,1093.0,479.0,
2004-02-01,48.0,63.0,7.0,15.0,,,39.0,43.0,6.0,8.0,,119.0,213.0,134.0,329.0,134.0,97.0,250.0,6095.0,4291.0,958.0,1093.0,479.0,
2004-03-01,48.0,63.0,7.0,15.0,,,39.0,43.0,6.0,8.0,,119.0,213.0,134.0,329.0,134.0,97.0,250.0,6095.0,4291.0,958.0,1093.0,479.0,
2004-04-01,48.0,63.0,7.0,15.0,,,39.0,43.0,6.0,8.0,,119.0,213.0,134.0,329.0,134.0,97.0,250.0,6095.0,4291.0,958.0,1093.0,479.0,
2004-05-01,48.0,63.0,7.0,15.0,,,39.0,43.0,6.0,8.0,,119.0,213.0,134.0,329.0,134.0,97.0,250.0,6095.0,4291.0,958.0,1093.0,479.0,
2004-06-01,48.0,63.0,7.0,15.0,,,39.0,43.0,6.0,8.0,,119.0,213.0,134.0,329.0,134.0,97.0,250.0,6095.0,4291.0,958.0,1093.0,479.0,
2004-07-01,48.0,63.0,7.0,15.0,,,39.0,43.0,6.0,8.0,,119.0,213.0,134.0,329.0,134.0,97.0,250.0,6095.0,4291.0,958.0,1093.0,479.0,
2004-08-01,48.0,63.0,7.0,15.0,,,39.0,43.0,6.0,8.0,,119.0,213.0,134.0,329.0,134.0,97.0,250.0,6095.0,4291.0,958.0,1093.0,479.0,
2004-09-01,48.0,63.0,7.0,15.0,,,39.0,43.0,6.0,8.0,,119.0,213.0,134.0,329.0,134.0,97.0,250.0,6095.0,4291.0,958.0,1093.0,479.0,
2004-10-01,48.0,63.0,7.0,15.0,,,39.0,43.0,6.0,8.0,,119.0,213.0,134.0,329.0,134.0,97.0,250.0,6095.0,4291.0,958.0,1093.0,479.0,
2004-11-01,48.0,63.0,7.0,15.0,,,39.0,43.0,6.0,8.0,,119.0,213.0,134.0,329.0,134.0,97.0,250.0,6095.0,4291.0,958.0,1093.0,479.0,
2004-12-01,48.0,63.0,7.0,15.0,,,39.0,43.0,6.0,8.0,,119.0,213.0,134.0,329.0,134.0,97.0,250.0,6095.0,4291.0,958.0,1093.0,479.0,
2006-01-01,58.0,78.0,7.0,23.0,0.0,1.0,46.0,60.0,6.0,16.0,,1.0,211.0,191.0,444.0,218.0,313.0,442.0,12369.0,14896.0,3201.0,4918.0,133.0,558.0
2006-02-01,58.0,78.0,7.0,23.0,0.0,1.0,46.0,60.0,6.0,16.0,,1.0,211.0,191.0,444.0,218.0,313.0,442.0,12369.0,14896.0,3201.0,4918.0,133.0,558.0
2006-03-01,58.0,78.0,7.0,23.0,0.0,1.0,46.0,60.0,6.0,16.0,,1.0,211.0,191.0,444.0,218.0,313.0,442.0,12369.0,14896.0,3201.0,4918.0,133.0,558.0
2006-04-01,58.0,78.0,7.0,23.0,0.0,1.0,46.0,60.0,6.0,16.0,,1.0,211.0,191.0,444.0,218.0,313.0,442.0,12369.0,14896.0,3201.0,4918.0,133.0,558.0
2006-05-01,58.0,78.0,7.0,23.0,0.0,1.0,46.0,60.0,6.0,16.0,,1.0,211.0,191.0,444.0,218.0,313.0,442.0,12369.0,14896.0,3201.0,4918.0,133.0,558.0
2006-06-01,58.0,78.0,7.0,23.0,0.0,1.0,46.0,60.0,6.0,16.0,,1.0,211.0,191.0,444.0,218.0,313.0,442.0,12369.0,14896.0,3201.0,4918.0,133.0,558.0
2006-07-01,58.0,78.0,7.0,23.0,0.0,1.0,46.0,60.0,6.0,16.0,,1.0,211.0,191.0,444.0,218.0,313.0,442.0,12369.0,14896.0,3201.0,4918.0,133.0,558.0
2006-08-01,58.0,78.0,7.0,23.0,0.0,1.0,46.0,60.0,6.0,16.0,,1.0,211.0,191.0,444.0,218.0,313.0,442.0,12369.0,14896.0,3201.0,4918.0,133.0,558.0
2006-09-01,58.0,78.0,7.0,23.0,0.0,1.0,46.0,60.0,6.0,16.0,,1.0,211.0,191.0,444.0,218.0,313.0,442.0,12369.0,14896.0,3201.0,4918.0,133.0,558.0
2006-10-01,58.0,78.0,7.0,23.0,0.0,1.0,46.0,60.0,6.0,16.0,,1.0,211.0,191.0,444.0,218.0,313.0,442.0,12369.0,14896.0,3201.0,4918.0,133.0,558.0
2006-11-01,58.0,78.0,7.0,23.0,0.0,1.0,46.0,60.0,6.0,16.0,,1.0,211.0,191.0,444.0,218.0,313.0,442.0,12369.0,14896.0,3201.0,4918.0,133.0,558.0
2006-12-01,58.0,78.0,7.0,23.0,0.0,1.0,46.0,60.0,6.0,16.0,,1.0,211.0,191.0,444.0,218.0,313.0,442.0,12369.0,14896.0,3201.0,4918.0,133.0,558.0
2007-01-01,30.0,40.0,6.0,18.0,1.0,3.0,7.0,8.0,2.0,3.0,0.0,0.0,42.0,45.0,61.0,34.0,7.0,25.0,11774.0,2158.0,532.0,805.0,2558.0,76.0
2007-02-01,30.0,40.0,6.0,18.0,1.0,3.0,7.0,8.0,2.0,3.0,0.0,0.0,42.0,45.0,61.0,34.0,7.0,25.0,11774.0,2158.0,532.0,805.0,2558.0,76.0
2007-03-01,30.0,40.0,6.0,18.0,1.0,3.0,7.0,8.0,2.0,3.0,0.0,0.0,42.0,45.0,61.0,34.0,7.0,25.0,11774.0,2158.0,532.0,805.0,2558.0,76.0
2007-04-01,30.0,40.0,6.0,18.0,1.0,3.0,7.0,8.0,2.0,3.0,0.0,0.0,42.0,45.0,61.0,34.0,7.0,25.0,11774.0,2158.0,532.0,805.0,2558.0,76.0
2007-05-01,30.0,40.0,6.0,18.0,1.0,3.0,7.0,8.0,2.0,3.0,0.0,0.0,42.0,45.0,61.0,34.0,7.0,25.0,11774.0,2158.0,532.0,805.0,2558.0,76.0
2007-06-01,30.0,40.0,6.0,18.0,1.0,3.0,7.0,8.0,2.0,3.0,0.0,0.0,42.0,45.0,61.0,34.0,7.0,25.0,11774.0,2158.0,532.0,805.0,2558.0,76.0
2007-07-01,30.0,40.0,6.0,18.0,1.0,3.0,7.0,8.0,2.0,3.0,0.0,0.0,42.0,45.0,61.0,34.0,7.0,25.0,11774.0,2158.0,532.0,805.0,2558.0,76.0
2007-08-01,30.0,40.0,6.0,18.0,1.0,3.0,7.0,8.0,2.0,3.0,0.0,0.0,42.0,45.0,61.0,34.0,7.0,25.0,11774.0,2158.0,532.0,805.0,2558.0,76.0
2007-09-01,30.0,40.0,6.0,18.0,1.0,3.0,7.0,8.0,2.0,3.0,0.0,0.0,42.0,45.0,61.0,34.0,7.0,25.0,11774.0,2158.0,532.0,805.0,2558.0,76.0
2007-10-01,30.0,40.0,6.0,18.0,1.0,3.0,7.0,8.0,2.0,3.0,0.0,0.0,42.0,45.0,61.0,34.0,7.0,25.0,11774.0,2158.0,532.0,805.0,2558.0,76.0
2007-11-01,30.0,40.0,6.0,18.0,1.0,3.0,7.0,8.0,2.0,3.0,0.0,0.0,42.0,45.0,61.0,34.0,7.0,25.0,11774.0,2158.0,532.0,805.0,2558.0,76.0
2007-12-01,30.0,40.0,6.0,18.0,1.0,3.0,7.0,8.0,2.0,3.0,0.0,0.0,42.0,45.0,61.0,34.0,7.0,25.0,11774.0,2158.0,532.0,805.0,2558.0,76.0
2008-01-01,63.0,88.0,11.0,29.0,1.0,3.0,35.0,49.0,7.0,13.0,0.0,1.0,82.0,95.0,132.0,69.0,158.0,49.0,23632.0,8969.0,1636.0,2305.0,8140.0,161.0
2008-02-01,63.0,88.0,11.0,29.0,1.0,3.0,35.0,49.0,7.0,13.0,0.0,1.0,82.0,95.0,132.0,69.0,158.0,49.0,23632.0,8969.0,1636.0,2305.0,8140.0,161.0
2008-03-01,63.0,88.0,11.0,29.0,1.0,3.0,35.0,49.0,7.0,13.0,0.0,1.0,82.0,95.0,132.0,69.0,158.0,49.0,23632.0,8969.0,1636.0,2305.0,8140.0,161.0
2008-04-01,63.0,88.0,11.0,29.0,1.0,3.0,35.0,49.0,7.0,13.0,0.0,1.0,82.0,95.0,132.0,69.0,158.0,49.0,23632.0,8969.0,1636.0,2305.0,8140.0,161.0
2008-05-01,63.0,88.0,11.0,29.0,1.0,3.0,35.0,49.0,7.0,13.0,0.0,1.0,82.0,95.0,132.0,69.0,158.0,49.0,23632.0,8969.0,1636.0,2305.0,8140.0,161.0
2008-06-01,63.0,88.0,11.0,29.0,1.0,3.0,35.0,49.0,7.0,13.0,0.0,1.0,82.0,95.0,132.0,69.0,158.0,49.0,23632.0,8969.0,1636.0,2305.0,8140.0,161.0
2008-07-01,63.0,88.0,11.0,29.0,1.0,3.0,35.0,49.0,7.0,13.0,0.0,1.0,82.0,95.0,132.0,69.0,158.0,49.0,23632.0,8969.0,1636.0,2305.0,8140.0,161.0
2008-08-01,63.0,88.0,11.0,29.0,1.0,3.0,35.0,49.0,7.0,13.0,0.0,1.0,82.0,95.0,132.0,69.0,158.0,49.0,23632.0,8969.0,1636.0,2305.0,8140.0,161.0
2008-09-01,63.0,88.0,11.0,29.0,1.0,3.0,35.0,49.0,7.0,13.0,0.0,1.0,82.0,95.0,132.0,69.0,158.0,49.0,23632.0,8969.0,1636.0,2305.0,8140.0,161.0
2008-10-01,63.0,88.0,11.0,29.0,1.0,3.0,35.0,49.0,7.0,13.0,0.0,1.0,82.0,95.0,132.0,69.0,158.0,49.0,23632.0,8969.0,1636.0,2305.0,8140.0,161.0
2008-11-01,63.0,88.0,11.0,29.0,1.0,3.0,35.0,49.0,7.0,13.0,0.0,1.0,82.0,95.0,132.0,69.0,158.0,49.0,23632.0,8969.0,1636.0,2305.0,8140.0,161.0
2008-12-01,63.0,88.0,11.0,29.0,1.0,3.0,35.0,49.0,7.0,13.0,0.0,1.0,82.0,95.0,132.0,69.0,158.0,49.0,23632.0,8969.0,1636.0,2305.0,8140.0,161.0
2009-01-01,67.0,121.0,9.0,31.0,1.0,3.0,47.0,82.0,8.0,18.0,1.0,2.0,118.0,108.0,267.0,99.0,191.0,447.0,29379.0,19247.0,2757.0,4317.0,1765.0,1538.0
2009-02-01,67.0,121.0,9.0,31.0,1.0,3.0,47.0,82.0,8.0,18.0,1.0,2.0,118.0,108.0,267.0,99.0,191.0,447.0,29379.0,19247.0,2757.0,4317.0,1765.0,1538.0
2009-03-01,67.0,121.0,9.0,31.0,1.0,3.0,47.0,82.0,8.0,18.0,1.0,2.0,118.0,108.0,267.0,99.0,191.0,447.0,29379.0,19247.0,2757.0,4317.0,1765.0,1538.0
2009-04-01,67.0,121.0,9.0,31.0,1.0,3.0,47.0,82.0,8.0,18.0,1.0,2.0,118.0,108.0,267.0,99.0,191.0,447.0,29379.0,19247.0,2757.0,4317.0,1765.0,1538.0
2009-05-01,67.0,121.0,9.0,31.0,1.0,3.0,47.0,82.0,8.0,18.0,1.0,2.0,118.0,108.0,267.0,99.0,191.0,447.0,29379.0,19247.0,2757.0,4317.0,1765.0,1538.0
2009-06-01,67.0,121.0,9.0,31.0,1.0,3.0,47.0,82.0,8.0,18.0,1.0,2.0,118.0,108.0,267.0,99.0,191.0,447.0,29379.0,19247.0,2757.0,4317.0,1765.0,1538.0
2009-07-01,67.0,121.0,9.0,31.0,1.0,3.0,47.0,82.0,8.0,18.0,1.0,2.0,118.0,108.0,267.0,99.0,191.0,447.0,29379.0,19247.0,2757.0,4317.0,1765.0,1538.0
2009-08-01,67.0,121.0,9.0,31.0,1.0,3.0,47.0,82.0,8.0,18.0,1.0,2.0,118.0,108.0,267.0,99.0,191.0,447.0,29379.0,19247.0,2757.0,4317.0,1765.0,1538.0
2009-09-01,67.0,121.0,9.0,31.0,1.0,3.0,47.0,82.0,8.0,18.0,1.0,2.0,118.0,108.0,267.0,99.0,191.0,447.0,29379.0,19247.0,2757.0,4317.0,1765.0,1538.0
2009-10-01,67.0,121.0,9.0,31.0,1.0,3.0,47.0,82.0,8.0,18.0,1.0,2.0,118.0,108.0,267.0,99.0,191.0,447.0,29379.0,19247.0,2757.0,4317.0,1765.0,1538.0
2009-11-01,67.0,121.0,9.0,31.0,1.0,3.0,47.0,82.0,8.0,18.0,1.0,2.0,118.0,108.0,267.0,99.0,191.0,447.0,29379.0,19247.0,2757.0,4317.0,1765.0,1538.0
2009-12-01,67.0,121.0,9.0,31.0,1.0,3.0,47.0,82.0,8.0,18.0,1.0,2.0,118.0,108.0,267.0,99.0,191.0,447.0,29379.0,19247.0,2757.0,4317.0,1765.0,1538.0
2010-01-01,61.0,110.0,10.0,26.0,1.0,4.0,44.0,65.0,9.0,15.0,0.0,3.0,101.0,96.0,301.0,111.0,180.0,429.0,31326.0,16575.0,3368.0,3617.0,3843.0,1828.0
2010-02-01,61.0,110.0,10.0,26.0,1.0,4.0,44.0,65.0,9.0,15.0,0.0,3.0,101.0,96.0,301.0,111.0,180.0,429.0,31326.0,16575.0,3368.0,3617.0,3843.0,1828.0
2010-03-01,61.0,110.0,10.0,26.0,1.0,4.0,44.0,65.0,9.0,15.0,0.0,3.0,101.0,96.0,301.0,111.0,180.0,429.0,31326.0,16575.0,3368.0,3617.0,3843.0,1828.0
2010-04-01,61.0,110.0,10.0,26.0,1.0,4.0,44.0,65.0,9.0,15.0,0.0,3.0,101.0,96.0,301.0,111.0,180.0,429.0,31326.0,16575.0,3368.0,3617.0,3843.0,1828.0
2010-05-01,61.0,110.0,10.0,26.0,1.0,4.0,44.0,65.0,9.0,15.0,0.0,3.0,101.0,96.0,301.0,111.0,180.0,429.0,31326.0,16575.0,3368.0,3617.0,3843.0,1828.0
2010-06-01,61.0,110.0,10.0,26.0,1.0,4.0,44.0,65.0,9.0,15.0,0.0,3.0,101.0,96.0,301.0,111.0,180.0,429.0,31326.0,16575.0,3368.0,3617.0,3843.0,1828.0
2010-07-01,61.0,110.0,10.0,26.0,1.0,4.0,44.0,65.0,9.0,15.0,0.0,3.0,101.0,96.0,301.0,111.0,180.0,429.0,31326.0,16575.0,3368.0,3617.0,3843.0,1828.0
2010-08-01,61.0,110.0,10.0,26.0,1.0,4.0,44.0,65.0,9.0,15.0,0.0,3.0,101.0,96.0,301.0,111.0,180.0,429.0,31326.0,16575.0,3368.0,3617.0,3843.0,1828.0
2010-09-01,61.0,110.0,10.0,26.0,1.0,4.0,44.0,65.0,9.0,15.0,0.0,3.0,101.0,96.0,301.0,111.0,180.0,429.0,31326.0,16575.0,3368.0,3617.0,3843.0,1828.0
2010-10-01,61.0,110.0,10.0,26.0,1.0,4.0,44.0,65.0,9.0,15.0,0.0,3.0,101.0,96.0,301.0,111.0,180.0,429.0,31326.0,16575.0,3368.0,3617.0,3843.0,1828.0
2010-11-01,61.0,110.0,10.0,26.0,1.0,4.0,44.0,65.0,9.0,15.0,0.0,3.0,101.0,96.0,301.0,111.0,180.0,429.0,31326.0,16575.0,3368.0,3617.0,3843.0,1828.0
2010-12-01,61.0,110.0,10.0,26.0,1.0,4.0,44.0,65.0,9.0,15.0,0.0,3.0,101.0,96.0,301.0,111.0,180.0,429.0,31326.0,16575.0,3368.0,3617.0,3843.0,1828.0
2011-01-01,70.0,151.0,13.0,29.0,14.0,2.0,49.0,101.0,11.0,20.0,14.0,1.0,93.0,193.0,195.0,133.0,437.0,334.0,32591.0,29235.0,2511.0,4700.0,15837.0,833.0
2011-02-01,70.0,151.0,13.0,29.0,14.0,2.0,49.0,101.0,11.0,20.0,14.0,1.0,93.0,193.0,195.0,133.0,437.0,334.0,32591.0,29235.0,2511.0,4700.0,15837.0,833.0
2011-03-01,70.0,151.0,13.0,29.0,14.0,2.0,49.0,101.0,11.0,20.0,14.0,1.0,93.0,193.0,195.0,133.0,437.0,334.0,32591.0,29235.0,2511.0,4700.0,15837.0,833.0
2011-04-01,70.0,151.0,13.0,29.0,14.0,2.0,49.0,101.0,11.0,20.0,14.0,1.0,93.0,193.0,195.0,133.0,437.0,334.0,32591.0,29235.0,2511.0,4700.0,15837.0,833.0
2011-05-01,70.0,151.0,13.0,29.0,14.0,2.0,49.0,101.0,11.0,20.0,14.0,1.0,93.0,193.0,195.0,133.0,437.0,334.0,32591.0,29235.0,2511.0,4700.0,15837.0,833.0
2011-06-01,70.0,151.0,13.0,29.0,14.0,2.0,49.0,101.0,11.0,20.0,14.0,1.0,93.0,193.0,195.0,133.0,437.0,334.0,32591.0,29235.0,2511.0,4700.0,15837.0,833.0
2011-07-01,70.0,151.0,13.0,29.0,14.0,2.0,49.0,101.0,11.0,20.0,14.0,1.0,93.0,193.0,195.0,133.0,437.0,334.0,32591.0,29235.0,2511.0,4700.0,15837.0,833.0
2011-08-01,70.0,151.0,13.0,29.0,14.0,2.0,49.0,101.0,11.0,20.0,14.0,1.0,93.0,193.0,195.0,133.0,437.0,334.0,32591.0,29235.0,2511.0,4700.0,15837.0,833.0
2011-09-01,70.0,151.0,13.0,29.0,14.0,2.0,49.0,101.0,11.0,20.0,14.0,1.0,93.0,193.0,195.0,133.0,437.0,334.0,32591.0,29235.0,2511.0,4700.0,15837.0,833.0
2011-10-01,70.0,151.0,13.0,29.0,14.0,2.0,49.0,101.0,11.0,20.0,14.0,1.0,93.0,193.0,195.0,133.0,437.0,334.0,32591.0,29235.0,2511.0,4700.0,15837.0,833.0
2011-11-01,70.0,151.0,13.0,29.0,14.0,2.0,49.0,101.0,11.0,20.0,14.0,1.0,93.0,193.0,195.0,133.0,437.0,334.0,32591.0,29235.0,2511.0,4700.0,15837.0,833.0
2011-12-01,70.0,151.0,13.0,29.0,14.0,2.0,49.0,101.0,11.0,20.0,14.0,1.0,93.0,193.0,195.0,133.0,437.0,334.0,32591.0,29235.0,2511.0,4700.0,15837.0,833.0
2012-01-01,52.0,141.0,10.0,31.0,1.0,2.0,24.0,56.0,7.0,12.0,0.0,1.0,144.0,53.0,153.0,63.0,165.0,91.0,24021.0,7677.0,1959.0,2285.0,6000.0,200.0
2012-02-01,52.0,141.0,10.0,31.0,1.0,2.0,24.0,56.0,7.0,12.0,0.0,1.0,144.0,53.0,153.0,63.0,165.0,91.0,24021.0,7677.0,1959.0,2285.0,6000.0,200.0
2012-03-01,52.0,141.0,10.0,31.0,1.0,2.0,24.0,56.0,7.0,12.0,0.0,1.0,144.0,53.0,153.0,63.0,165.0,91.0,24021.0,7677.0,1959.0,2285.0,6000.0,200.0
2012-04-01,52.0,141.0,10.0,31.0,1.0,2.0,24.0,56.0,7.0,12.0,0.0,1.0,144.0,53.0,153.0,63.0,165.0,91.0,24021.0,7677.0,1959.0,2285.0,6000.0,200.0
2012-05-01,52.0,141.0,10.0,31.0,1.0,2.0,24.0,56.0,7.0,12.0,0.0,1.0,144.0,53.0,153.0,63.0,165.0,91.0,24021.0,7677.0,1959.0,2285.0,6000.0,200.0
2012-06-01,52.0,141.0,10.0,31.0,1.0,2.0,24.0,56.0,7.0,12.0,0.0,1.0,144.0,53.0,153.0,63.0,165.0,91.0,24021.0,7677.0,1959.0,2285.0,6000.0,200.0
2012-07-01,52.0,141.0,10.0,31.0,1.0,2.0,24.0,56.0,7.0,12.0,0.0,1.0,144.0,53.0,153.0,63.0,165.0,91.0,24021.0,7677.0,1959.0,2285.0,6000.0,200.0
2012-08-01,52.0,141.0,10.0,31.0,1.0,2.0,24.0,56.0,7.0,12.0,0.0,1.0,144.0,53.0,153.0,63.0,165.0,91.0,24021.0,7677.0,1959.0,2285.0,6000.0,200.0
2012-09-01,52.0,141.0,10.0,31.0,1.0,2.0,24.0,56.0,7.0,12.0,0.0,1.0,144.0,53.0,153.0,63.0,165.0,91.0,24021.0,7677.0,1959.0,2285.0,6000.0,200.0
2012-10-01,52.0,141.0,10.0,31.0,1.0,2.0,24.0,56.0,7.0,12.0,0.0,1.0,144.0,53.0,153.0,63.0,165.0,91.0,24021.0,7677.0,1959.0,2285.0,6000.0,200.0
2012-11-01,52.0,141.0,10.0,31.0,1.0,2.0,24.0,56.0,7.0,12.0,0.0,1.0,144.0,53.0,153.0,63.0,165.0,91.0,24021.0,7677.0,1959.0,2285.0,6000.0,200.0
2012-12-01,52.0,141.0,10.0,31.0,1.0,2.0,24.0,56.0,7.0,12.0,0.0,1.0,144.0,53.0,153.0,63.0,165.0,91.0,24021.0,7677.0,1959.0,2285.0,6000.0,200.0
2013-01-01,62.0,124.0,12.0,36.0,1.0,2.0,34.0,44.0,8.0,16.0,,1.0,71.0,22.0,109.0,7.0,169.0,71.0,10231.0,3844.0,1391.0,3655.0,2021.0,112.0
2013-02-01,62.0,124.0,12.0,36.0,1.0,2.0,34.0,44.0,8.0,16.0,,1.0,71.0,22.0,109.0,7.0,169.0,71.0,10231.0,3844.0,1391.0,3655.0,2021.0,112.0
2013-03-01,62.0,124.0,12.0,36.0,1.0,2.0,34.0,44.0,8.0,16.0,,1.0,71.0,22.0,109.0,7.0,169.0,71.0,10231.0,3844.0,1391.0,3655.0,2021.0,112.0
2013-04-01,62.0,124.0,12.0,36.0,1.0,2.0,34.0,44.0,8.0,16.0,,1.0,71.0,22.0,109.0,7.0,169.0,71.0,10231.0,3844.0,1391.0,3655.0,2021.0,112.0
2013-05-01,62.0,124.0,12.0,36.0,1.0,2.0,34.0,44.0,8.0,16.0,,1.0,71.0,22.0,109.0,7.0,169.0,71.0,10231.0,3844.0,1391.0,3655.0,2021.0,112.0
2013-06-01,62.0,124.0,12.0,36.0,1.0,2.0,34.0,44.0,8.0,16.0,,1.0,71.0,22.0,109.0,7.0,169.0,71.0,10231.0,3844.0,1391.0,3655.0,2021.0,112.0
2013-07-01,62.0,124.0,12.0,36.0,1.0,2.0,34.0,44.0,8.0,16.0,,1.0,71.0,22.0,109.0,7.0,169.0,71.0,10231.0,3844.0,1391.0,3655.0,2021.0,112.0
2013-08-01,62.0,124.0,12.0,36.0,1.0,2.0,34.0,44.0,8.0,16.0,,1.0,71.0,22.0,109.0,7.0,169.0,71.0,10231.0,3844.0,1391.0,3655.0,2021.0,112.0
2013-09-01,62.0,124.0,12.0,36.0,1.0,2.0,34.0,44.0,8.0,16.0,,1.0,71.0,22.0,109.0,7.0,169.0,71.0,10231.0,3844.0,1391.0,3655.0,2021.0,112.0
2013-10-01,62.0,124.0,12.0,36.0,1.0,2.0,34.0,44.0,8.0,16.0,,1.0,71.0,22.0,109.0,7.0,169.0,71.0,10231.0,3844.0,1391.0,3655.0,2021.0,112.0
2013-11-01,62.0,124.0,12.0,36.0,1.0,2.0,34.0,44.0,8.0,16.0,,1.0,71.0,22.0,109.0,7.0,169.0,71.0,10231.0,3844.0,1391.0,3655.0,2021.0,112.0
2013-12-01,62.0,124.0,12.0,36.0,1.0,2.0,34.0,44.0,8.0,16.0,,1.0,71.0,22.0,109.0,7.0,169.0,71.0,10231.0,3844.0,1391.0,3655.0,2021.0,112.0
2014-01-01,65.0,130.0,8.0,37.0,1.0,2.0,50.0,104.0,7.0,25.0,1.0,1.0,220.0,220.0,400.0,182.0,263.0,337.0,14310.0,28550.0,3398.0,6826.0,361.0,553.0
2014-02-01,65.0,130.0,8.0,37.0,1.0,2.0,50.0,104.0,7.0,25.0,1.0,1.0,220.0,220.0,400.0,182.0,263.0,337.0,14310.0,28550.0,3398.0,6826.0,361.0,553.0
2014-03-01,65.0,130.0,8.0,37.0,1.0,2.0,50.0,104.0,7.0,25.0,1.0,1.0,220.0,220.0,400.0,182.0,263.0,337.0,14310.0,28550.0,3398.0,6826.0,361.0,553.0
2014-04-01,65.0,130.0,8.0,37.0,1.0,2.0,50.0,104.0,7.0,25.0,1.0,1.0,220.0,220.0,400.0,182.0,263.0,337.0,14310.0,28550.0,3398.0,6826.0,361.0,553.0
2014-05-01,65.0,130.0,8.0,37.0,1.0,2.0,50.0,104.0,7.0,25.0,1.0,1.0,220.0,220.0,400.0,182.0,263.0,337.0,14310.0,28550.0,3398.0,6826.0,361.0,553.0
2014-06-01,65.0,130.0,8.0,37.0,1.0,2.0,50.0,104.0,7.0,25.0,1.0,1.0,220.0,220.0,400.0,182.0,263.0,337.0,14310.0,28550.0,3398.0,6826.0,361.0,553.0
2014-07-01,65.0,130.0,8.0,37.0,1.0,2.0,50.0,104.0,7.0,25.0,1.0,1.0,220.0,220.0,400.0,182.0,263.0,337.0,14310.0,28550.0,3398.0,6826.0,361.0,553.0
2014-08-01,65.0,130.0,8.0,37.0,1.0,2.0,50.0,104.0,7.0,25.0,1.0,1.0,220.0,220.0,400.0,182.0,263.0,337.0,14310.0,28550.0,3398.0,6826.0,361.0,553.0
2014-09-01,65.0,130.0,8.0,37.0,1.0,2.0,50.0,104.0,7.0,25.0,1.0,1.0,220.0,220.0,400.0,182.0,263.0,337.0,14310.0,28550.0,3398.0,6826.0,361.0,553.0
2014-10-01,65.0,130.0,8.0,37.0,1.0,2.0,50.0,104.0,7.0,25.0,1.0,1.0,220.0,220.0,400.0,182.0,263.0,337.0,14310.0,28550.0,3398.0,6826.0,361.0,553.0
2014-11-01,65.0,130.0,8.0,37.0,1.0,2.0,50.0,104.0,7.0,25.0,1.0,1.0,220.0,220.0,400.0,182.0,263.0,337.0,14310.0,28550.0,3398.0,6826.0,361.0,553.0
2014-12-01,65.0,130.0,8.0,37.0,1.0,2.0,50.0,104.0,7.0,25.0,1.0,1.0,220.0,220.0,400.0,182.0,263.0,337.0,14310.0,28550.0,3398.0,6826.0,361.0,553.0
2015-01-01,23.0,62.0,5.0,23.0,,2.0,8.0,13.0,3.0,6.0,,1.0,83.0,23.0,103.0,35.0,209.0,71.0,35508.0,3792.0,555.0,7187.0,1388.0,151.0
2015-02-01,23.0,62.0,5.0,23.0,,2.0,8.0,13.0,3.0,6.0,,1.0,83.0,23.0,103.0,35.0,209.0,71.0,35508.0,3792.0,555.0,7187.0,1388.0,151.0
2015-03-01,23.0,62.0,5.0,23.0,,2.0,8.0,13.0,3.0,6.0,,1.0,83.0,23.0,103.0,35.0,209.0,71.0,35508.0,3792.0,555.0,7187.0,1388.0,151.0
2015-04-01,23.0,62.0,5.0,23.0,,2.0,8.0,13.0,3.0,6.0,,1.0,83.0,23.0,103.0,35.0,209.0,71.0,35508.0,3792.0,555.0,7187.0,1388.0,151.0
2015-05-01,23.0,62.0,5.0,23.0,,2.0,8.0,13.0,3.0,6.0,,1.0,83.0,23.0,103.0,35.0,209.0,71.0,35508.0,3792.0,555.0,7187.0,1388.0,151.0
2015-06-01,23.0,62.0,5.0,23.0,,2.0,8.0,13.0,3.0,6.0,,1.0,83.0,23.0,103.0,35.0,209.0,71.0,35508.0,3792.0,555.0,7187.0,1388.0,151.0
2015-07-01,23.0,62.0,5.0,23.0,,2.0,8.0,13.0,3.0,6.0,,1.0,83.0,23.0,103.0,35.0,209.0,71.0,35508.0,3792.0,555.0,7187.0,1388.0,151.0
2015-08-01,23.0,62.0,5.0,23.0,,2.0,8.0,13.0,3.0,6.0,,1.0,83.0,23.0,103.0,35.0,209.0,71.0,35508.0,3792.0,555.0,7187.0,1388.0,151.0
2015-09-01,23.0,62.0,5.0,23.0,,2.0,8.0,13.0,3.0,6.0,,1.0,83.0,23.0,103.0,35.0,209.0,71.0,35508.0,3792.0,555.0,7187.0,1388.0,151.0
2015-10-01,23.0,62.0,5.0,23.0,,2.0,8.0,13.0,3.0,6.0,,1.0,83.0,23.0,103.0,35.0,209.0,71.0,35508.0,3792.0,555.0,7187.0,1388.0,151.0
2015-11-01,23.0,62.0,5.0,23.0,,2.0,8.0,13.0,3.0,6.0,,1.0,83.0,23.0,103.0,35.0,209.0,71.0,35508.0,3792.0,555.0,7187.0,1388.0,151.0
2015-12-01,23.0,62.0,5.0,23.0,,2.0,8.0,13.0,3.0,6.0,,1.0,83.0,23.0,103.0,35.0,209.0,71.0,35508.0,3792.0,555.0,7187.0,1388.0,151.0
