Date,PI101001,PI101002,PI101003,PI101004,PI101005,PI101101,PI101102,PI101103,PI101104,PI101105,PI101111,PI101112,PI101113,PI101115,PI101121,PI101122,PI101123,PI101124,PI101125,PI101131,PI101132,PI101133,PI101134,PI101135,PI101141,PI101142,PI101143,PI101144,PI101145,PI101151,PI101152,PI101153,PI101154,PI101155,PI101161,PI101162,PI101163,PI101164,PI101165,PI101171,PI101172,PI101173,PI101174,PI101175,PI101181,PI101182,PI101183,PI101184,PI101185,PI101201,PI101202,PI101203,PI101204,PI101205,PI201001,PI201002,PI201003,PI201004,PI201005,PI201011,PI201013,PI201031,PI201032,PI201033,PI201034,PI201035,PI201051,PI201052,PI201053,PI201054,PI201055,PI201061,PI201062,PI201063,PI201064,PI201065,PI201071,PI201073,PI201081,PI201083,PI201091,PI201092,PI201093,PI201094,PI201095,PI201101,PI201103,PI201111,PI201113,PI201121,PI201122,PI201123,PI201124,PI201125,PI201131,PI201132,PI201133,PI201134,PI201135,PI919001,PI953221,PI101402,PI101404,PI101405,PI101422,PI101432,PI101442,PI101444,PI101445,PI211442,PI211444,PI211445,SEI00003
2000-01-01,99.4,101.1,99.8,93.1,112.8,100.1,101.6,100.2,96.5,114.7,99.5,99.5,99.5,100.0,109.1,113.9,112.8,94.5,117.8,100.0,99.7,100.1,90.8,71.3,84.5,85.9,84.5,0.0,100.0,100.7,105.6,100.7,95.1,121.1,95.5,95.5,95.5,0.0,0.0,101.3,101.3,101.3,0.0,0.0,104.4,103.0,103.1,109.6,0.0,90.1,92.7,92.3,84.2,94.6,98.4,98.3,98.6,96.2,96.4,95.1,95.2,97.3,96.2,97.1,99.4,95.1,96.6,97.6,96.7,93.2,99.2,101.5,103.3,103.6,97.2,101.2,94.2,99.1,100.5,100.8,98.9,99.3,99.3,95.9,99.7,101.0,101.3,97.9,97.8,98.9,98.9,98.9,96.7,100.0,98.1,98.0,98.1,99.7,97.6,86.2,100.0,,,,,,,,,,,,
2000-02-01,101.0,102.2,101.4,95.6,111.0,101.6,102.8,101.7,97.6,112.7,98.7,98.7,98.7,100.0,108.5,113.2,111.7,96.0,118.3,99.2,99.0,99.3,92.3,71.9,93.5,94.0,93.4,0.0,100.0,110.1,111.2,110.4,92.3,114.0,97.5,97.5,97.5,0.0,0.0,101.3,101.3,101.3,0.0,0.0,101.8,99.7,99.7,109.6,0.0,92.8,94.1,93.9,90.1,95.0,98.0,98.1,98.2,95.9,97.5,95.9,96.0,98.1,96.9,97.9,99.4,95.7,99.3,99.4,99.3,98.0,99.5,100.7,101.8,102.0,98.1,101.2,94.2,99.1,97.1,97.3,98.7,99.4,99.4,94.0,99.7,96.8,96.8,98.7,99.3,99.1,99.1,99.1,96.5,100.0,98.3,98.3,98.3,99.4,97.6,82.5,100.0,,,,,,,,,,,,
2000-03-01,100.3,101.4,100.6,96.4,108.9,100.7,101.8,100.8,97.2,110.3,99.7,99.7,99.7,100.0,105.4,108.9,107.6,96.6,113.1,99.5,99.6,99.6,94.2,95.3,96.7,96.9,96.6,0.0,100.0,102.4,104.6,102.5,91.8,111.6,100.2,100.2,100.2,0.0,0.0,93.8,93.8,93.8,0.0,0.0,100.4,99.7,99.7,103.0,0.0,94.9,95.4,95.3,94.1,96.1,98.6,98.6,98.8,96.4,97.8,97.4,97.4,98.5,97.5,98.5,98.3,96.2,99.3,99.1,99.3,97.5,99.1,99.7,101.2,101.3,96.2,100.3,95.7,98.6,96.6,96.7,99.0,99.4,99.4,96.6,99.8,96.4,96.2,98.6,99.1,99.8,99.9,99.9,96.3,100.0,99.5,99.5,99.5,99.2,99.5,94.5,100.0,,,,,,,,,,,,
2000-04-01,102.4,102.9,102.7,98.8,105.0,103.0,103.5,103.2,99.3,105.7,100.9,100.9,100.9,100.0,104.3,105.8,105.6,99.1,106.4,101.0,101.0,101.0,97.5,97.4,117.6,116.0,117.5,0.0,100.0,97.4,99.9,97.5,93.4,107.7,100.2,100.2,100.2,0.0,0.0,93.8,93.8,93.8,0.0,0.0,100.4,99.7,99.7,103.0,0.0,93.9,93.7,92.8,97.0,98.2,100.0,100.0,100.1,99.0,99.0,99.2,99.2,99.8,98.9,99.6,102.5,98.1,99.3,99.0,99.3,98.0,98.6,99.5,99.7,99.8,99.1,99.5,98.9,98.2,100.0,100.2,99.7,99.9,99.9,98.4,99.8,100.3,100.4,98.8,99.5,99.9,99.9,99.9,97.3,100.0,100.7,100.7,100.8,100.0,99.8,97.5,100.0,,,,,,,,,,,,
2000-05-01,101.3,101.3,101.2,101.5,102.2,101.7,101.8,101.7,101.5,102.5,100.4,100.4,100.4,100.0,103.5,103.9,104.0,101.6,103.7,96.8,96.8,96.8,97.5,97.4,125.8,123.5,125.7,0.0,100.0,91.7,94.1,91.5,97.7,102.0,100.2,100.2,100.2,0.0,0.0,94.1,94.1,94.1,0.0,0.0,100.4,99.7,99.7,103.0,0.0,94.5,93.0,91.9,101.6,99.3,99.8,99.9,99.9,99.0,100.0,99.5,99.5,99.9,100.1,99.7,102.5,100.7,99.4,99.1,99.4,98.0,98.6,99.4,99.3,99.4,99.3,99.5,98.5,98.5,100.2,100.3,99.6,99.9,99.9,97.7,99.8,100.3,100.5,99.8,99.5,100.0,99.9,99.9,102.9,100.0,100.1,100.1,100.1,99.5,100.0,100.8,100.0,,,,,,,,,,,,
2000-06-01,100.2,99.8,99.9,103.2,98.7,100.0,99.7,99.8,103.7,98.4,100.5,100.5,100.5,100.0,100.0,98.2,98.8,105.0,96.8,97.5,97.4,97.4,102.6,100.2,112.0,111.0,112.0,0.0,100.0,95.3,96.3,95.2,101.0,99.9,98.9,98.9,98.9,0.0,0.0,97.7,97.7,97.7,0.0,0.0,99.1,99.7,99.7,97.4,0.0,101.4,101.3,101.2,102.0,101.8,100.1,100.1,100.1,99.7,100.5,100.0,100.0,100.7,100.6,100.6,102.5,100.8,100.9,100.0,100.9,98.0,98.6,98.7,98.1,98.1,100.1,99.5,99.1,99.1,101.1,101.2,99.8,99.9,99.9,98.8,99.8,101.4,101.5,99.9,99.5,99.6,99.6,99.6,102.5,100.0,100.1,100.1,100.1,99.3,100.5,99.9,100.0,,,,,,,,,,,,
2000-07-01,98.1,97.8,98.1,99.7,95.0,98.0,97.7,97.9,99.6,94.6,99.5,99.5,99.5,100.0,93.5,91.5,91.9,99.7,90.1,98.5,98.6,98.5,104.2,110.2,110.1,109.2,110.0,0.0,100.0,88.7,90.5,88.5,102.8,97.1,99.4,99.4,99.4,0.0,0.0,97.7,97.7,97.7,0.0,0.0,99.1,99.7,99.7,97.4,0.0,99.9,100.0,99.9,99.6,100.2,100.1,100.1,100.1,100.1,100.3,100.1,100.1,100.6,100.7,100.6,99.0,100.9,100.9,100.0,100.9,103.8,98.6,99.7,99.2,99.2,100.5,99.5,100.3,99.6,100.2,100.2,99.8,99.9,99.9,98.8,99.8,100.2,100.3,100.1,99.8,99.6,99.6,99.6,100.8,100.0,100.1,100.1,100.1,100.2,100.5,101.9,100.0,,,,,,,,,,,,
2000-08-01,97.9,97.1,97.8,99.1,90.7,97.8,97.0,97.7,98.1,89.4,99.2,99.2,99.2,100.0,88.9,86.3,86.8,97.8,84.8,99.1,99.2,99.1,104.2,111.8,109.7,108.8,109.6,0.0,100.0,94.5,93.1,94.2,104.9,89.4,99.4,99.4,99.4,0.0,0.0,97.5,97.5,97.5,0.0,0.0,99.0,99.7,99.7,96.5,0.0,99.9,99.7,99.1,102.1,102.8,100.1,100.3,100.2,99.9,100.8,101.1,101.1,100.6,101.0,100.6,99.0,101.5,100.9,99.9,100.9,103.8,98.5,99.8,99.4,99.4,100.3,99.5,99.9,99.8,99.8,99.8,99.8,100.0,100.0,98.3,99.8,99.8,99.7,100.5,99.9,100.3,100.2,100.2,100.8,100.0,100.2,100.3,100.3,100.6,100.6,105.6,100.0,,,,,,,,,,,,
2000-09-01,98.5,97.7,98.4,100.5,91.2,98.0,97.3,97.9,99.0,90.1,97.6,97.6,97.6,100.0,91.7,88.7,89.9,99.0,85.2,98.9,99.1,98.8,104.2,111.3,107.1,106.4,107.0,0.0,100.0,96.1,94.7,95.9,104.9,91.0,99.4,99.4,99.4,0.0,0.0,101.2,101.2,101.2,0.0,0.0,99.0,99.7,99.7,96.6,0.0,106.0,106.1,106.8,104.2,102.5,100.4,100.4,100.4,101.0,101.1,101.5,101.4,100.8,101.6,101.0,99.0,102.5,100.9,99.9,100.9,103.8,98.5,98.6,98.3,98.2,99.5,99.4,101.1,100.8,99.8,99.8,100.4,100.0,100.0,103.5,99.8,99.7,99.6,100.9,100.9,100.3,100.2,100.3,101.6,100.0,100.5,100.6,100.6,99.9,100.6,108.2,100.0,,,,,,,,,,,,
2000-10-01,97.9,96.9,97.5,103.2,92.2,97.3,96.4,96.9,102.4,91.1,98.0,98.0,98.0,100.0,96.1,92.8,94.2,103.4,88.4,98.2,98.4,98.1,104.2,111.6,87.3,88.4,87.3,0.0,100.0,103.3,99.8,103.2,104.9,88.9,101.8,101.8,101.8,0.0,0.0,101.2,101.2,101.2,0.0,0.0,98.8,99.7,99.7,95.8,0.0,106.5,106.6,107.2,104.9,103.3,100.8,100.7,100.6,102.4,101.4,102.7,102.7,101.3,102.0,101.4,100.1,102.8,100.9,99.9,100.9,98.5,98.5,100.0,99.6,99.7,100.8,99.4,104.1,101.8,99.5,99.3,100.8,100.5,100.4,103.7,100.8,99.3,99.0,100.9,101.1,100.3,100.2,100.3,101.6,100.0,100.6,100.7,100.7,100.8,100.8,107.0,100.0,,,,,,,,,,,,
2000-11-01,99.7,99.1,99.4,103.9,96.3,99.0,98.6,98.8,102.3,95.7,101.6,101.6,101.6,100.0,98.4,97.3,97.1,103.4,98.0,104.1,104.2,104.1,104.2,110.6,73.0,75.4,73.0,0.0,100.0,106.2,101.7,106.1,105.6,88.0,103.5,103.5,103.5,0.0,0.0,104.3,104.3,104.3,0.0,0.0,98.4,99.7,99.7,94.3,0.0,108.7,108.0,108.9,108.4,103.3,101.5,101.4,101.3,103.9,102.1,103.7,103.7,101.3,102.2,101.5,99.3,103.2,100.9,102.2,100.9,103.9,104.4,100.2,99.8,99.9,100.9,99.4,106.8,102.5,101.5,101.3,101.6,101.0,101.0,106.1,100.8,101.5,101.3,101.6,101.6,100.3,100.2,100.3,101.6,100.0,100.7,100.7,100.7,101.3,100.9,107.4,100.0,,,,,,,,,,,,
2000-12-01,103.6,102.7,103.5,105.3,95.9,103.1,102.4,103.1,103.0,95.3,104.8,104.8,104.8,100.0,100.7,99.1,99.8,104.3,97.1,107.1,107.2,107.1,104.2,110.8,83.0,84.6,83.0,0.0,100.0,113.9,107.8,114.0,105.6,88.3,103.5,103.5,103.5,0.0,0.0,116.0,116.0,116.0,0.0,0.0,98.7,100.0,100.0,94.2,0.0,111.0,109.6,110.9,111.5,102.5,102.1,101.8,101.7,106.3,102.4,103.8,103.7,101.3,102.0,101.4,99.2,102.7,100.9,103.4,100.9,103.2,107.5,102.3,99.9,99.8,107.5,101.2,107.4,103.3,103.4,103.3,101.8,101.0,101.0,108.3,100.8,103.6,103.4,102.6,102.3,102.1,102.1,102.2,101.6,100.5,100.8,100.9,100.8,100.4,101.3,108.1,100.0,,,,,,,,,,,,
2001-01-01,104.9,104.0,104.4,111.0,99.9,103.4,102.8,103.2,107.9,99.4,104.4,104.4,104.4,100.0,109.0,107.6,108.6,110.5,104.6,105.6,105.7,105.6,104.2,111.2,78.4,80.3,78.4,0.0,100.0,108.1,103.5,108.0,105.5,89.1,106.0,106.0,106.0,0.0,0.0,127.2,127.2,127.2,0.0,0.0,98.7,100.0,100.0,94.2,0.0,124.4,123.0,126.4,119.2,105.0,102.4,102.0,101.8,108.9,103.5,105.4,105.4,101.4,102.8,101.5,99.4,104.6,100.9,103.2,100.9,104.7,106.9,102.3,99.8,99.7,107.7,101.2,111.4,105.1,101.3,100.9,102.5,101.1,101.1,113.6,100.7,101.0,100.5,103.5,102.5,102.3,102.3,102.3,102.4,100.5,101.5,101.5,101.5,102.0,101.5,111.3,100.0,,,,,,,,,,,,
2001-02-01,105.9,104.9,105.7,109.1,98.6,102.9,102.2,102.7,106.2,97.8,103.9,103.9,103.9,100.0,110.4,110.0,111.2,108.0,106.9,104.0,104.1,104.0,104.2,111.6,77.2,79.3,77.2,0.0,100.0,107.8,100.8,107.7,104.3,83.3,105.8,105.8,105.8,0.0,0.0,132.9,132.9,132.9,0.0,0.0,95.6,95.5,95.5,96.4,0.0,144.8,148.7,156.3,117.2,108.8,102.3,102.0,101.8,108.7,103.7,105.7,105.6,103.4,103.7,102.7,108.8,105.3,100.9,102.6,100.9,104.7,105.4,100.3,98.6,98.3,104.7,101.2,111.2,106.7,100.3,99.7,102.5,101.1,101.1,113.5,100.8,99.6,99.1,103.8,102.4,102.6,102.7,102.6,102.4,100.5,102.1,102.1,102.1,103.8,102.0,111.5,100.0,,,,,,,,,,,,
2001-03-01,105.3,104.3,105.2,107.4,97.5,102.5,101.6,102.3,106.1,96.3,105.0,105.1,105.0,100.0,110.3,109.7,111.1,107.8,106.1,102.3,102.4,102.3,104.2,112.6,75.3,77.6,75.3,0.0,100.0,107.4,99.4,107.2,106.0,80.8,109.8,109.8,109.8,0.0,0.0,133.4,133.4,133.4,0.0,0.0,95.5,95.5,95.5,96.1,0.0,142.5,148.6,155.6,111.1,112.2,103.0,102.6,102.6,108.3,103.3,105.9,105.9,104.0,103.4,103.2,109.2,103.7,104.9,105.1,104.9,104.7,105.5,101.3,100.2,100.1,104.1,101.2,113.2,108.3,101.5,101.1,102.4,101.2,101.2,111.5,100.8,101.1,100.7,103.7,102.7,103.0,103.1,103.1,101.1,100.5,102.9,102.8,102.8,104.4,102.0,111.8,100.0,,,,,,,,,,,,
2001-04-01,108.5,107.2,108.8,106.2,96.5,105.1,104.0,105.1,105.6,95.7,109.3,109.3,109.3,100.0,110.1,109.0,111.0,107.3,103.6,103.9,103.9,103.9,104.2,102.2,88.2,88.8,88.2,0.0,100.0,110.3,101.9,110.2,103.2,82.3,109.8,109.8,109.8,0.0,0.0,133.0,133.0,133.0,0.0,0.0,95.7,95.7,95.7,96.2,0.0,152.6,160.8,171.3,108.0,105.9,104.9,104.3,104.4,110.7,103.6,108.1,108.1,106.5,104.3,105.0,118.0,103.5,106.8,106.2,106.8,104.7,105.5,103.6,101.7,101.8,107.7,101.2,115.7,111.1,101.7,101.0,104.4,103.3,103.4,111.6,100.7,100.6,100.0,107.4,106.0,103.8,103.9,103.9,100.3,99.9,105.5,105.5,105.5,104.6,104.0,120.0,100.0,,,,,,,,,,,,
2001-05-01,109.6,107.9,110.0,105.4,93.3,104.7,103.2,104.8,105.0,92.0,113.3,113.4,113.3,100.0,109.1,108.3,109.8,107.1,104.2,105.7,105.7,105.7,104.2,104.7,82.3,83.7,82.3,0.0,100.0,94.7,88.5,94.2,103.8,73.6,124.2,124.2,124.2,0.0,0.0,134.7,134.7,134.7,0.0,0.0,95.1,95.7,95.7,93.5,0.0,172.3,185.4,199.9,106.6,110.2,106.0,105.7,105.6,110.6,106.0,108.5,108.5,106.5,103.7,105.0,118.2,102.3,106.8,116.7,106.8,104.7,132.2,104.4,102.9,102.9,107.9,102.6,118.2,119.0,105.1,104.9,104.5,103.4,103.5,111.9,100.8,104.4,104.0,109.0,108.9,104.4,104.5,104.5,100.3,101.5,106.2,106.2,106.3,104.0,104.0,119.8,100.0,,,,,,,,,,,,
2001-06-01,108.2,106.6,108.7,103.9,92.6,103.4,101.9,103.4,103.7,91.4,113.2,113.2,113.2,100.0,109.5,108.4,110.8,105.5,102.1,102.9,102.8,102.9,104.2,94.9,85.2,86.2,85.2,0.0,100.0,86.4,84.0,85.8,103.2,74.8,124.2,124.2,124.2,0.0,0.0,133.9,133.9,133.9,0.0,0.0,95.0,95.7,95.7,92.9,0.0,170.8,184.0,198.6,104.5,108.2,106.8,106.5,106.4,111.6,106.9,109.4,109.3,108.8,105.1,107.7,116.9,102.1,107.1,119.3,107.1,104.7,138.4,106.0,105.4,105.4,107.9,105.8,121.8,124.0,105.6,105.2,104.6,103.4,103.5,112.8,101.5,104.8,104.3,109.7,109.3,104.3,104.5,104.5,99.0,101.6,107.2,107.1,107.3,105.5,103.7,123.9,100.0,,,,,,,,,,,,
2001-07-01,108.9,107.4,109.3,104.8,94.7,105.5,104.1,105.6,105.5,93.7,113.6,113.7,113.6,100.0,114.3,113.9,116.4,107.8,107.7,102.7,102.5,102.7,104.2,83.6,90.2,90.5,90.2,0.0,100.0,90.4,86.6,89.9,102.9,75.0,129.6,129.6,129.6,0.0,0.0,135.0,135.0,135.0,0.0,0.0,95.0,95.7,95.7,92.9,0.0,151.8,161.7,172.2,103.0,107.3,107.6,107.3,107.3,111.8,107.4,109.8,109.7,109.6,105.4,108.3,120.0,102.0,107.1,119.3,107.1,103.1,138.4,107.8,108.1,108.2,108.1,107.1,122.8,124.0,107.9,107.9,104.6,103.5,103.5,112.8,102.5,106.9,106.7,113.2,113.7,105.2,105.5,105.5,98.5,101.6,107.5,107.6,107.7,104.6,104.0,123.6,100.0,,,,,,,,,,,,
2001-08-01,113.4,112.0,114.2,105.7,97.3,110.5,108.9,110.8,107.4,96.0,112.9,113.0,112.9,103.6,118.7,119.5,121.2,110.2,114.9,106.4,106.2,106.4,104.2,83.6,88.7,89.2,88.7,0.0,100.0,114.5,100.3,114.5,104.0,73.0,129.4,129.4,129.4,0.0,0.0,168.8,168.8,168.8,0.0,0.0,95.0,95.7,95.7,92.8,0.0,151.3,162.8,172.2,101.6,114.1,108.3,107.9,108.0,112.5,107.3,110.2,110.1,109.9,105.7,108.7,119.4,102.0,107.1,118.7,107.1,103.1,136.8,109.3,109.3,109.4,110.2,108.4,120.4,125.8,110.2,110.3,104.8,103.5,103.5,115.1,102.5,109.8,109.7,112.8,112.7,105.2,105.5,105.5,98.5,101.6,107.8,107.8,108.0,105.0,104.1,124.8,100.0,,,,,,,,,,,,
2001-09-01,115.7,114.2,116.5,108.1,99.0,112.8,111.2,113.1,110.7,97.9,113.2,113.3,113.2,103.6,121.1,121.9,123.3,113.9,118.1,106.7,106.5,106.7,104.2,82.2,102.0,100.7,102.0,0.0,100.0,115.2,101.3,115.2,103.7,74.3,134.7,134.7,134.7,0.0,0.0,168.8,168.8,168.8,0.0,0.0,95.5,95.7,95.7,95.1,0.0,153.1,164.4,174.5,101.7,111.6,109.5,108.9,109.1,114.2,107.7,111.9,111.9,111.3,106.9,110.5,117.4,102.5,107.1,119.5,107.1,103.1,138.9,111.6,111.0,111.3,113.2,108.4,123.7,127.8,111.0,111.0,104.8,103.5,103.5,115.3,102.6,110.7,110.6,112.8,112.6,106.5,106.7,106.8,97.5,101.6,109.1,109.1,109.3,106.2,104.1,122.8,100.0,,,,,,,,,,,,
2001-10-01,120.4,118.7,121.4,110.0,100.5,119.4,117.3,119.8,113.6,99.6,113.3,113.4,113.3,103.6,126.6,127.3,129.4,117.5,121.8,115.7,115.4,115.7,104.2,82.2,106.6,104.7,106.6,0.0,100.0,137.2,114.6,137.6,109.1,74.4,132.0,132.0,132.0,0.0,0.0,170.1,170.1,170.1,0.0,0.0,95.5,95.7,95.7,95.1,0.0,134.2,142.3,148.2,100.5,110.8,112.1,111.5,111.7,117.1,110.5,113.0,113.0,111.7,107.7,110.8,118.5,104.1,107.1,124.2,107.1,104.7,150.9,115.4,115.6,115.6,116.3,116.1,124.9,128.2,115.6,115.9,105.4,103.6,103.6,120.5,102.7,116.8,117.0,110.8,109.4,108.9,109.2,109.3,99.3,104.2,112.7,112.7,113.0,108.3,104.2,124.9,100.0,,,,,,,,,,,,
2001-11-01,125.9,124.8,127.1,112.5,108.8,125.2,123.6,125.9,116.9,108.1,114.7,114.8,114.7,103.6,139.0,143.7,144.4,121.1,141.6,121.2,120.8,121.3,104.2,72.5,113.8,110.9,113.8,0.0,100.0,141.6,117.2,141.9,110.9,74.3,132.0,132.0,132.0,0.0,0.0,174.1,174.1,174.1,0.0,0.0,95.8,95.7,95.7,97.2,0.0,134.5,143.4,148.5,101.0,116.2,115.5,114.9,115.4,118.2,111.5,113.3,113.3,111.6,108.5,110.5,120.2,106.2,107.1,125.4,107.1,134.1,153.9,116.2,117.1,117.2,115.6,116.1,126.6,129.6,130.1,131.8,107.5,105.7,105.7,121.7,103.7,134.2,135.7,111.5,110.4,109.2,109.4,109.4,101.9,104.5,113.6,113.5,113.9,109.6,104.7,133.7,100.0,,,,,,,,,,,,
2001-12-01,127.5,127.1,128.4,118.0,117.5,126.3,125.7,126.9,119.6,116.6,116.6,116.6,116.6,103.6,154.3,162.0,163.5,124.0,157.8,120.8,120.4,120.9,104.2,72.9,103.8,102.3,103.8,0.0,100.0,122.9,107.0,122.5,125.4,77.3,132.0,132.0,132.0,0.0,0.0,193.8,193.8,193.8,0.0,0.0,95.8,95.7,95.7,97.2,0.0,142.3,149.8,154.1,113.9,126.7,116.4,115.1,115.5,125.7,112.3,113.6,113.6,111.4,108.4,110.2,120.5,106.3,107.1,126.3,107.1,132.8,156.2,124.7,120.3,120.6,132.8,117.6,128.5,130.9,127.0,127.9,108.3,105.7,105.7,130.6,103.7,129.5,130.4,115.7,114.3,109.3,109.4,109.5,103.5,104.5,115.3,115.2,115.6,110.6,105.2,133.2,100.0,,,,,,,,,,,,
2002-01-01,132.3,131.8,132.8,127.6,123.8,130.5,129.7,130.6,129.6,122.7,116.3,116.3,116.3,103.6,169.7,178.0,179.7,136.4,173.3,121.8,121.4,121.9,104.2,72.9,107.0,105.0,107.0,0.0,100.0,129.5,110.2,129.3,124.6,75.5,129.3,129.3,129.3,0.0,0.0,185.4,185.4,185.4,0.0,0.0,96.1,95.7,95.7,98.7,0.0,156.7,165.4,170.8,122.8,136.7,119.7,118.3,118.5,132.0,117.1,114.4,114.4,112.2,109.7,110.4,127.1,109.0,106.6,126.1,106.5,132.8,156.5,132.9,131.1,131.4,136.6,128.3,135.4,134.7,126.9,127.5,114.1,110.4,110.3,148.0,113.7,129.3,129.8,116.4,114.6,109.3,109.4,109.5,105.3,104.5,119.3,119.2,119.6,113.5,107.2,142.1,100.0,,,,,,,,,,,,
2002-02-01,133.1,133.2,133.7,127.0,128.3,131.1,130.8,131.4,128.5,125.5,118.2,118.3,118.2,103.6,174.8,185.8,186.9,134.7,182.4,120.8,120.4,120.9,104.2,72.9,109.3,107.0,109.3,0.0,100.0,126.9,107.4,126.5,129.1,73.0,131.1,131.1,131.1,0.0,0.0,171.4,171.4,171.4,0.0,0.0,94.1,93.0,93.0,99.4,0.0,158.7,172.2,173.4,123.1,164.5,124.2,122.9,123.3,133.4,119.7,117.5,117.6,113.5,111.6,111.5,128.7,111.9,112.3,131.0,112.2,132.8,160.1,135.3,136.3,137.1,133.6,128.8,140.0,144.1,127.4,128.0,126.5,123.1,123.0,156.8,126.4,129.4,129.9,118.7,117.0,110.9,111.0,110.9,111.9,111.1,123.3,123.2,123.8,115.7,107.8,152.1,100.0,,,,,,,,,,,,
2002-03-01,135.5,135.3,136.4,125.7,126.9,132.2,131.6,132.5,127.7,124.2,119.4,119.5,119.4,103.6,179.0,187.6,192.8,133.3,174.1,122.6,122.4,122.7,104.2,88.6,104.0,102.4,104.0,0.0,100.0,123.0,107.0,122.5,132.2,77.3,131.1,131.1,131.1,0.0,0.0,180.9,180.9,180.9,0.0,0.0,94.4,93.0,93.0,100.7,0.0,178.5,196.1,202.6,120.8,161.4,128.2,127.3,128.1,131.5,121.7,122.2,122.3,114.5,113.3,112.5,130.4,114.6,113.5,132.6,113.5,132.8,162.4,134.9,139.5,140.3,126.8,131.6,144.1,154.8,131.7,132.7,134.1,131.4,131.5,154.9,126.8,134.5,135.4,119.5,118.0,115.6,115.8,115.7,113.4,117.0,126.6,126.7,127.2,116.2,112.8,159.2,100.0,,,,,,,,,,,,
2002-04-01,133.3,133.2,134.1,124.8,125.6,131.8,131.1,132.2,127.0,122.6,119.0,119.1,119.0,103.6,175.0,184.1,188.0,132.1,174.1,123.6,123.4,123.7,104.2,90.9,103.7,102.2,103.7,0.0,100.0,125.8,107.0,125.2,135.8,73.7,129.9,129.9,129.9,0.0,0.0,181.2,181.2,181.2,0.0,0.0,94.5,93.0,93.0,101.6,0.0,153.2,167.0,167.4,119.0,164.0,132.0,131.1,132.3,131.4,122.2,123.1,123.4,115.4,114.9,114.1,125.3,116.0,113.9,132.9,113.9,132.8,162.5,135.7,139.8,140.7,128.3,131.7,146.8,162.2,131.8,132.9,147.6,146.0,146.6,153.8,127.0,134.5,135.4,119.9,119.0,116.8,117.0,116.8,116.8,120.4,129.8,129.9,130.5,116.6,113.2,161.6,100.0,,,,,,,,,,,,
2002-05-01,129.3,129.6,130.2,119.6,124.5,127.3,127.1,127.7,122.8,121.6,119.0,119.1,119.0,110.7,171.6,182.1,185.0,126.7,174.1,118.2,118.0,118.3,104.2,91.1,104.0,102.4,104.0,0.0,100.0,104.9,93.3,103.9,135.8,71.5,129.9,129.9,129.9,0.0,0.0,181.2,181.2,181.2,0.0,0.0,94.6,93.0,93.0,101.8,0.0,154.7,171.2,172.9,111.2,161.7,132.7,132.0,133.3,129.6,123.3,125.4,125.8,118.9,117.2,118.3,122.5,115.9,114.0,136.5,114.0,134.1,171.5,135.8,141.1,142.0,126.4,131.9,146.5,163.9,129.2,130.1,148.4,147.3,147.9,149.9,129.1,131.4,132.0,119.7,119.3,121.1,121.4,121.3,116.8,120.4,130.9,131.1,131.8,116.5,113.1,162.0,100.0,,,,,,,,,,,,
2002-06-01,131.7,131.3,132.5,123.4,122.0,128.2,127.5,128.6,124.9,119.2,119.3,119.4,119.3,110.7,171.4,180.0,184.0,129.6,169.4,116.6,116.4,116.7,104.2,89.4,117.0,113.7,117.0,0.0,100.0,104.2,92.6,103.3,135.8,70.8,131.4,131.4,131.4,0.0,0.0,187.9,187.9,187.9,0.0,0.0,94.2,93.0,93.0,100.1,0.0,176.5,193.6,200.2,119.7,158.4,134.1,133.7,135.0,128.2,124.7,128.5,129.0,119.9,117.4,119.5,122.0,114.9,115.0,144.6,115.0,134.1,190.5,133.2,139.4,140.6,122.0,128.1,147.2,165.7,132.4,133.7,150.7,150.0,150.7,147.2,129.1,134.9,135.9,121.3,121.2,124.2,124.4,124.4,119.1,120.4,131.2,131.4,131.9,119.4,116.9,155.9,100.0,,,,,,,,,,,,
2002-07-01,137.6,136.5,138.6,126.0,121.6,133.1,131.7,133.6,127.3,118.5,120.0,120.1,120.0,110.7,170.8,178.8,182.3,132.7,169.4,124.0,123.8,124.1,104.2,93.0,127.8,123.0,127.8,0.0,100.0,116.3,99.2,115.6,134.5,69.1,136.5,136.5,136.5,0.0,0.0,187.9,187.9,187.9,0.0,0.0,94.2,93.0,93.0,100.1,0.0,195.3,215.4,225.5,123.2,162.1,135.3,134.7,136.3,128.9,123.7,129.3,129.9,120.5,117.5,120.2,122.0,114.2,120.5,143.8,120.4,134.1,180.1,133.6,138.3,139.4,125.0,128.0,146.4,168.1,132.2,133.5,153.4,153.1,153.9,145.7,129.1,134.6,135.7,121.5,121.5,124.5,124.7,124.7,117.0,120.4,132.7,132.8,133.4,121.8,117.9,154.0,100.0,,,,,,,,,,,,
2002-08-01,143.1,141.2,144.1,132.1,121.2,139.7,137.3,140.1,134.5,118.0,120.8,120.9,120.8,110.7,178.3,183.7,189.3,141.8,169.4,131.6,131.3,131.8,104.2,91.5,150.3,142.4,150.3,0.0,100.0,117.6,99.6,116.9,134.6,68.1,138.2,138.2,138.2,0.0,0.0,187.9,187.9,187.9,0.0,0.0,94.6,93.3,93.3,100.6,0.0,187.0,204.5,212.4,126.2,162.7,138.8,138.2,140.1,129.6,124.5,131.6,132.2,121.0,118.6,120.7,122.9,116.3,121.8,144.4,121.7,148.5,179.6,133.7,138.6,139.6,125.0,129.9,145.8,169.8,146.0,148.9,153.8,153.1,153.9,150.1,129.6,151.1,153.6,122.6,123.1,127.0,127.2,127.3,116.4,120.4,134.4,134.5,135.1,122.4,118.0,166.0,100.0,,,,,,,,,,,,
2002-09-01,151.0,148.1,152.2,138.1,121.3,147.5,143.9,147.9,143.2,117.5,122.0,122.0,122.0,110.7,182.8,185.7,192.0,152.2,169.4,140.3,140.0,140.5,104.2,86.5,181.6,169.4,181.6,0.0,100.0,125.2,103.8,124.6,137.1,67.3,138.1,138.1,138.1,0.0,0.0,189.1,189.1,189.1,0.0,0.0,95.2,93.3,93.3,103.9,0.0,195.9,217.0,225.7,124.8,170.8,140.5,139.8,141.9,130.8,124.6,133.7,134.4,121.7,120.3,121.4,122.6,119.0,122.9,140.3,122.8,148.5,167.4,134.5,139.4,140.4,125.8,130.2,147.2,176.4,149.8,152.9,153.5,153.1,153.9,147.3,130.5,155.6,158.2,123.5,124.2,126.2,126.6,126.6,115.8,123.9,136.6,136.3,137.0,130.2,117.9,164.3,100.0,,,,,,,,,,,,
2002-10-01,152.0,149.4,153.3,137.2,123.2,148.4,145.1,148.9,141.8,118.9,123.3,123.3,123.3,110.7,184.0,188.0,194.1,150.5,172.1,146.9,146.6,147.2,104.2,87.3,158.4,149.4,158.4,0.0,100.0,130.8,107.4,130.4,137.1,67.7,138.0,138.0,138.0,0.0,0.0,189.1,189.1,189.1,0.0,0.0,95.1,93.3,93.3,103.6,0.0,198.0,220.9,228.5,125.3,180.5,142.1,141.1,143.3,133.3,125.2,134.8,135.5,122.3,120.6,121.9,124.0,119.2,122.9,141.0,122.8,148.5,169.4,137.0,142.0,142.8,128.4,134.9,146.7,176.4,154.5,157.3,154.0,153.5,154.3,148.3,130.5,160.9,163.4,125.1,124.4,126.5,126.8,126.8,116.6,123.9,137.4,137.0,137.7,132.2,118.8,166.3,100.0,,,,,,,,,,,,
2002-11-01,149.3,147.3,150.6,134.9,124.8,145.8,142.9,146.3,138.8,119.6,125.5,125.6,125.5,117.9,179.1,185.5,189.0,146.3,176.4,147.5,147.2,147.8,104.2,88.4,134.9,129.1,134.9,0.0,100.0,133.5,107.8,133.1,138.3,65.0,137.1,137.1,137.1,0.0,0.0,189.1,189.1,189.1,0.0,0.0,95.4,93.3,93.3,105.0,0.0,194.9,219.6,224.3,124.9,194.2,142.6,141.8,144.0,132.9,126.1,136.7,137.4,122.3,120.7,121.9,124.4,119.3,122.9,143.4,122.8,148.5,175.2,137.7,143.6,144.4,127.7,135.8,147.1,177.5,151.6,153.9,156.6,156.3,157.2,148.3,131.7,156.9,158.8,127.6,127.6,126.2,126.6,126.6,116.5,123.9,138.3,138.1,138.8,129.2,120.8,160.6,100.0,,,,,,,,,,,,
2002-12-01,149.6,148.1,151.7,126.4,124.1,147.8,145.3,149.1,129.0,119.8,128.6,128.6,128.6,117.9,171.3,180.7,182.5,133.8,175.6,144.5,144.2,144.8,104.2,88.4,148.2,140.6,148.2,0.0,100.0,163.2,126.4,163.4,139.0,66.2,137.1,137.1,137.1,0.0,0.0,195.3,195.3,195.3,0.0,0.0,95.4,93.3,93.3,105.0,0.0,173.5,193.7,196.0,119.9,180.9,142.8,141.9,144.3,132.0,124.5,137.7,138.5,122.1,119.7,121.9,122.7,117.0,122.9,142.9,122.8,148.5,174.2,137.1,144.2,145.0,124.9,136.8,147.0,177.3,152.6,155.0,155.6,155.4,156.2,147.0,131.7,158.0,159.9,127.8,128.1,126.5,126.9,126.9,117.2,123.9,138.5,138.4,139.0,130.0,120.9,164.5,100.0,,,,,,,,,,,,
2003-01-01,139.4,138.5,140.9,123.4,122.1,136.8,135.2,137.7,125.1,117.7,128.5,128.6,128.5,117.9,159.6,170.2,168.6,129.7,173.6,142.6,142.3,142.9,104.2,88.0,115.1,112.0,115.1,0.0,100.0,113.3,94.9,112.5,136.0,63.5,138.5,138.5,138.5,0.0,0.0,195.0,195.0,195.0,0.0,0.0,94.7,93.3,93.3,101.5,0.0,173.1,193.3,195.7,119.2,180.1,141.2,140.5,142.7,130.5,124.0,137.2,137.9,122.5,119.8,122.4,121.4,116.6,122.9,142.9,122.8,148.5,174.1,134.8,142.6,143.4,121.5,135.5,148.3,179.5,144.7,146.4,154.7,154.4,155.2,146.9,131.7,148.5,149.9,127.2,127.4,126.7,127.1,127.1,117.1,123.8,139.5,139.4,140.1,129.4,122.7,172.8,94.7,,,,,,,,,,,,
2003-02-01,132.5,132.1,133.6,120.8,121.5,129.7,128.6,130.2,123.0,116.9,126.4,126.6,126.4,128.6,138.1,150.8,141.4,127.2,173.6,132.5,132.2,132.7,104.2,85.2,115.3,112.2,115.3,0.0,100.0,124.5,101.0,124.0,133.5,61.8,139.3,139.3,139.3,0.0,0.0,179.5,179.5,179.5,0.0,0.0,101.2,101.3,101.3,101.3,0.0,168.8,190.0,191.3,115.3,182.2,141.7,141.1,143.6,128.2,123.0,139.2,140.1,124.8,119.9,124.8,124.3,113.9,122.7,142.8,122.7,148.5,174.0,134.9,143.7,144.6,119.8,134.7,147.7,179.2,142.1,144.4,157.3,157.5,158.4,144.0,131.6,145.6,147.4,126.5,127.7,128.4,128.7,128.7,117.9,123.8,139.7,139.7,140.3,128.4,122.7,174.6,94.7,,,,,,,,,,,,
2003-03-01,132.0,131.6,133.4,116.6,118.6,128.0,127.0,128.8,117.6,114.4,126.6,126.7,126.6,128.6,127.5,142.4,129.6,120.7,173.6,127.2,126.9,127.4,104.2,78.3,147.4,139.9,147.4,0.0,100.0,118.3,95.0,117.7,132.4,56.8,140.6,140.6,140.6,0.0,0.0,168.8,168.8,168.8,0.0,0.0,100.7,101.3,101.3,98.9,0.0,183.4,206.3,212.3,114.4,174.0,141.5,141.1,143.6,125.2,123.2,141.7,142.7,127.1,121.3,127.1,126.5,114.1,126.3,144.9,126.2,148.5,174.0,133.2,141.8,142.6,118.4,134.4,148.5,181.2,139.4,141.6,154.1,155.0,155.8,135.0,128.9,142.5,144.2,125.6,127.2,131.5,131.9,131.9,117.6,127.1,140.8,141.1,141.8,123.8,122.7,179.2,94.7,,,,,,,,,,,,
2003-04-01,127.3,127.6,128.9,110.2,118.1,125.0,124.6,126.0,110.8,113.9,127.1,127.2,127.1,128.6,117.2,134.7,118.9,111.8,173.6,126.0,125.6,126.2,104.2,71.3,157.3,148.4,157.3,0.0,100.0,104.8,86.5,103.9,131.1,56.0,140.6,140.6,140.6,0.0,0.0,159.5,159.5,159.5,0.0,0.0,101.1,101.3,101.3,101.1,0.0,157.2,177.2,177.4,108.7,174.3,141.1,141.0,143.5,122.5,122.5,144.0,145.1,128.4,121.7,128.5,126.3,113.3,128.9,146.5,128.8,148.5,173.9,130.9,138.5,139.1,118.1,132.4,147.8,179.5,140.3,142.8,150.0,152.0,152.8,120.9,127.6,143.5,145.4,126.1,127.9,131.6,132.0,132.1,118.0,127.1,140.9,141.3,141.9,123.3,123.0,176.6,94.7,,,,,,,,,,,,
2003-05-01,130.0,129.5,131.4,114.5,116.2,123.1,122.5,123.7,115.5,113.3,126.7,126.8,126.7,128.6,126.0,141.5,128.4,118.2,173.6,120.7,120.3,120.8,104.2,72.0,149.4,141.6,149.4,0.0,100.0,93.5,79.0,92.4,131.3,54.6,139.4,139.4,139.4,0.0,0.0,159.5,159.5,159.5,0.0,0.0,100.7,101.3,101.3,98.8,0.0,218.6,245.8,263.4,112.0,153.8,137.1,136.9,139.4,119.8,118.6,145.2,146.4,129.4,121.6,129.8,124.4,111.5,129.3,134.1,129.2,148.5,141.9,130.3,137.0,137.6,119.0,131.2,142.9,179.3,125.1,126.2,144.5,146.5,147.3,115.4,122.8,124.8,125.3,127.2,130.2,131.6,132.1,132.1,118.0,127.1,139.9,140.4,141.0,120.5,123.6,177.9,94.7,,,,,,,,,,,,
2003-06-01,127.8,126.7,129.3,111.5,108.8,121.4,119.9,122.1,112.5,104.8,126.5,126.6,126.5,128.6,123.0,134.5,125.7,114.2,155.8,118.1,117.7,118.2,104.2,69.4,154.5,146.0,154.5,0.0,100.0,83.8,72.6,82.6,129.8,53.3,141.5,141.5,141.5,0.0,0.0,162.2,162.2,162.2,0.0,0.0,100.9,101.3,101.3,100.1,0.0,210.1,238.0,252.6,109.0,161.7,137.0,136.8,139.3,119.7,118.6,145.0,146.3,131.1,122.9,131.7,125.1,111.9,129.0,134.1,128.9,148.5,142.3,130.5,137.1,137.9,119.3,130.4,138.1,179.3,125.8,126.5,144.0,146.1,146.9,115.0,122.8,125.4,125.6,128.5,130.8,131.2,131.6,131.6,117.3,127.1,139.6,140.1,140.7,121.3,124.6,181.2,94.7,,,,,,,,,,,,
2003-07-01,134.0,131.3,136.2,109.8,98.7,122.9,119.9,123.8,110.6,93.5,126.8,127.0,126.8,139.3,121.2,125.6,123.9,112.3,129.5,119.6,119.2,119.7,104.2,69.2,145.8,138.5,145.8,0.0,100.0,107.0,87.2,106.5,117.5,54.1,141.1,141.1,141.1,0.0,0.0,163.7,163.7,163.7,0.0,0.0,100.9,101.3,101.3,100.1,0.0,277.2,319.4,348.5,107.9,168.9,137.5,137.5,140.1,116.8,118.2,145.0,146.2,131.3,123.1,131.8,125.4,112.3,129.0,133.8,128.9,148.5,141.7,129.5,137.2,138.0,116.4,130.0,133.3,180.0,129.6,131.2,145.2,147.4,148.2,114.4,122.8,130.4,131.2,126.2,130.5,130.5,131.1,131.0,115.2,129.1,138.8,139.3,139.9,119.8,124.6,179.6,87.1,,,,,,,,,,,,
2003-08-01,129.2,126.1,130.7,113.3,96.1,123.4,119.7,124.1,115.3,90.7,127.6,127.8,127.6,139.3,126.5,127.9,129.0,118.0,124.7,119.9,119.4,120.0,104.2,66.1,129.8,124.7,129.8,0.0,100.0,114.4,91.1,114.1,117.6,52.7,141.8,141.8,141.8,0.0,0.0,164.4,164.4,164.4,0.0,0.0,101.2,101.3,101.3,101.3,0.0,203.8,231.9,244.0,108.3,169.0,136.5,136.9,139.4,114.4,119.0,144.9,146.1,132.2,124.6,133.0,123.6,114.2,129.0,134.6,128.9,148.5,143.5,126.6,136.5,137.2,109.9,130.1,131.5,175.2,129.6,131.4,141.2,143.3,144.0,112.5,122.8,130.9,131.9,124.1,127.9,131.9,132.5,132.5,114.0,129.1,138.8,139.3,139.9,120.5,125.3,170.4,87.1,,,,,,,,,,,,
2003-09-01,131.9,128.5,133.7,111.2,94.7,126.3,122.5,127.3,112.2,90.7,126.9,127.1,126.9,139.3,125.6,128.3,129.2,113.8,125.8,121.0,120.6,121.1,104.2,66.6,157.9,149.0,157.9,0.0,100.0,114.2,90.5,113.9,116.9,51.7,142.0,142.0,142.0,0.0,0.0,164.4,164.4,164.4,0.0,0.0,101.5,101.3,101.3,103.0,0.0,204.0,228.4,243.9,109.0,147.2,136.5,136.6,139.1,116.4,118.6,144.9,146.2,132.4,124.2,133.3,123.6,113.0,129.0,134.6,129.0,148.5,143.5,126.7,135.2,136.1,111.8,126.5,132.3,174.8,131.3,133.0,139.5,141.0,141.6,116.9,122.8,132.2,133.8,127.4,128.0,132.1,132.9,132.7,114.2,134.7,138.5,138.9,139.5,121.2,124.1,171.5,87.1,,,,,,,,,,,,
2003-10-01,136.8,133.6,139.1,111.8,97.7,129.2,125.7,130.4,111.0,94.0,126.4,126.6,126.4,139.3,125.3,130.7,129.1,112.7,134.4,127.9,127.4,128.0,104.2,64.3,153.9,145.5,153.9,0.0,100.0,125.9,97.1,125.8,117.6,50.7,140.1,140.1,140.1,0.0,0.0,172.0,172.0,172.0,0.0,0.0,100.9,101.3,101.3,100.2,0.0,235.7,264.1,286.9,114.1,146.2,137.0,137.0,139.8,115.7,117.4,144.5,145.8,131.8,124.1,133.2,118.1,112.6,127.1,129.5,127.1,148.5,133.5,130.2,138.5,139.7,115.1,126.5,129.0,177.4,134.8,137.0,138.0,139.7,140.3,113.8,122.8,137.0,138.6,124.8,127.6,131.0,131.7,131.5,114.6,134.7,138.9,139.3,139.8,122.0,124.1,171.8,87.1,,,,,,,,,,,,
2003-11-01,131.3,128.3,132.9,113.5,98.2,129.3,125.8,130.4,113.6,95.3,128.0,128.1,128.0,139.3,127.3,132.6,130.7,116.2,136.7,128.2,127.6,128.3,104.2,63.2,134.4,128.7,134.4,0.0,100.0,139.6,105.7,139.8,117.5,51.2,135.9,135.9,135.9,0.0,0.0,181.1,181.1,181.1,0.0,0.0,101.0,101.6,101.6,99.1,0.0,157.2,169.4,175.3,113.6,137.6,137.1,136.9,139.8,116.1,115.8,144.5,145.8,132.0,122.6,133.5,118.1,109.1,123.0,125.5,122.9,148.5,129.8,131.8,139.7,141.0,117.3,127.5,129.2,177.7,135.9,137.9,137.1,139.0,139.6,111.8,122.8,138.2,139.7,125.5,127.5,131.9,132.8,132.5,114.2,140.1,138.6,139.1,139.7,119.4,124.1,170.5,87.1,,,,,,,,,,,,
2003-12-01,135.6,132.9,137.4,115.7,103.5,134.0,130.7,135.2,116.9,100.9,130.6,130.8,130.6,139.3,136.6,143.8,141.5,120.5,149.1,134.5,133.9,134.6,104.2,63.5,130.7,125.4,130.7,0.0,100.0,145.0,109.1,145.3,118.1,51.5,138.6,138.6,138.6,0.0,0.0,181.1,181.1,181.1,0.0,0.0,100.9,101.6,101.6,98.6,0.0,156.5,168.9,174.8,112.8,137.6,138.1,137.8,141.0,115.7,114.8,144.5,145.9,131.8,121.7,133.3,117.7,107.2,121.6,123.4,121.6,148.5,126.4,133.8,141.2,142.6,120.1,127.5,127.7,174.8,142.0,144.7,136.7,139.2,139.7,106.1,122.8,145.9,148.1,124.2,126.0,131.8,132.8,132.5,112.2,140.1,138.2,138.6,139.2,119.0,122.7,179.5,87.1,,,,,,,,,,,,
2004-01-01,138.1,136.0,139.9,118.9,110.2,136.4,133.8,137.6,119.2,108.1,129.4,129.6,129.4,150.0,154.1,164.6,163.5,123.2,166.9,131.1,130.6,131.3,104.2,60.1,129.4,124.3,129.4,0.0,100.0,147.5,110.1,147.9,115.6,50.2,136.0,136.0,136.0,0.0,0.0,181.1,181.1,181.1,0.0,0.0,101.3,101.6,101.6,100.9,0.0,160.5,171.6,178.2,118.3,136.9,137.4,137.1,140.2,115.3,114.9,144.5,145.9,131.7,121.3,133.0,119.4,106.7,121.6,123.4,121.6,148.5,126.4,135.1,142.4,143.8,121.6,129.9,128.3,176.4,137.3,139.8,135.8,138.4,138.9,104.1,122.8,140.0,142.3,125.1,125.8,131.8,132.6,132.4,112.2,136.6,138.7,139.2,139.8,118.7,122.7,177.0,75.0,,,,,,,,,,,,
2004-02-01,139.6,138.1,141.9,114.7,112.6,138.1,135.9,139.7,115.6,110.1,129.8,130.0,129.8,150.0,153.0,164.6,163.4,118.6,166.9,128.8,128.2,128.9,104.2,60.1,135.8,129.9,135.8,0.0,100.0,150.2,113.6,150.7,115.6,54.4,136.1,136.1,136.1,0.0,0.0,195.0,195.0,195.0,0.0,0.0,130.9,138.2,138.2,100.9,0.0,159.4,173.8,179.0,112.6,145.8,135.1,134.8,137.4,117.5,115.8,145.0,146.4,132.0,122.6,133.3,120.3,109.4,121.5,123.7,121.5,148.5,127.2,137.1,142.5,143.8,127.0,130.1,129.0,179.1,137.2,139.5,121.8,123.3,123.3,105.8,122.9,139.6,141.5,126.7,128.3,131.8,132.6,132.4,112.2,136.6,138.9,139.5,140.1,118.6,122.9,175.7,75.0,,,,,,,,,,,,
2004-03-01,137.9,135.9,140.2,112.2,107.3,135.2,132.5,136.7,113.4,104.7,128.0,128.2,128.0,150.0,143.7,153.2,152.1,115.9,155.7,130.0,129.4,130.1,104.2,63.1,139.5,133.1,139.5,0.0,100.0,136.0,104.6,136.1,116.7,53.5,136.7,136.7,136.7,0.0,0.0,187.6,187.6,187.6,0.0,0.0,130.7,138.2,138.2,100.0,0.0,173.0,190.2,199.6,109.4,140.8,136.6,136.3,139.0,118.4,116.9,145.0,146.5,133.2,123.8,134.2,122.9,110.9,121.4,123.6,121.3,148.5,127.2,137.9,142.1,143.3,129.8,130.1,128.4,177.6,142.2,144.9,124.2,125.7,125.8,106.8,122.9,145.5,147.8,127.6,128.4,133.0,133.9,133.7,112.0,136.6,138.9,139.6,140.3,115.5,122.7,179.4,75.0,,,,,,,,,,,,
2004-04-01,138.1,135.2,140.1,115.3,102.8,134.1,130.7,135.3,117.2,100.3,128.4,128.6,128.4,150.0,143.9,149.9,150.9,120.9,147.1,132.1,131.7,132.3,104.2,73.4,131.5,126.1,131.5,0.0,100.0,133.4,102.2,133.5,116.5,51.6,121.8,121.8,121.8,0.0,0.0,183.4,183.4,183.4,0.0,0.0,130.6,138.2,138.2,99.3,0.0,189.5,208.6,222.7,110.5,134.9,138.3,137.6,140.5,121.0,116.7,143.7,145.2,133.6,123.8,134.8,122.0,110.2,121.5,123.6,121.4,148.5,127.2,136.5,139.3,140.4,131.1,128.9,127.8,177.7,145.4,147.8,130.0,130.9,131.2,116.6,122.9,148.4,150.9,131.8,130.2,134.7,135.6,135.4,112.0,136.6,139.7,140.4,141.1,114.6,121.9,173.9,65.2,,,,,,,,,,,,
2004-05-01,131.5,128.5,133.3,110.8,96.5,127.0,123.6,128.1,111.7,93.6,130.0,130.2,130.0,150.0,134.6,138.1,140.9,114.0,130.8,126.1,125.7,126.3,104.2,73.4,118.2,114.7,118.2,0.0,100.0,112.0,89.6,111.7,116.8,52.6,122.6,122.6,122.6,0.0,0.0,181.6,181.6,181.6,0.0,0.0,130.4,138.2,138.2,98.3,0.0,188.8,208.4,222.3,108.9,135.6,137.3,136.9,139.6,119.5,117.2,147.8,149.4,134.1,124.6,135.3,122.0,111.3,121.7,123.7,121.6,148.5,127.2,130.9,135.7,136.6,122.3,127.5,127.9,177.9,140.1,141.3,129.4,130.2,130.4,117.7,122.8,141.4,143.0,134.6,131.4,134.7,135.6,135.5,112.0,134.2,139.8,140.6,141.3,114.1,121.9,168.9,65.2,,,,,,,,,,,,
2004-06-01,128.4,126.2,130.7,103.4,96.6,124.0,121.3,125.4,104.1,93.7,129.3,129.5,129.3,150.0,126.1,131.8,132.4,105.0,130.0,122.9,122.5,123.0,104.2,73.6,120.3,116.5,120.3,0.0,100.0,111.6,89.8,111.3,113.3,53.6,124.3,124.3,124.3,0.0,0.0,170.0,170.0,170.0,0.0,0.0,129.9,138.2,138.2,95.7,0.0,185.4,206.7,220.5,101.7,134.7,135.8,136.0,138.6,113.9,116.9,148.7,150.3,134.7,125.0,136.1,121.5,111.1,121.7,123.7,121.6,148.5,127.2,126.3,134.5,135.4,111.9,126.2,130.0,178.8,134.2,135.8,127.4,128.6,128.8,112.1,122.8,135.1,136.3,130.4,132.5,133.4,134.2,134.1,112.0,134.2,140.3,141.2,141.9,113.0,121.9,177.3,65.2,,,,,,,,,,,,
2004-07-01,123.9,122.2,126.0,100.7,97.1,120.0,117.8,121.3,102.4,94.4,128.9,129.0,128.9,140.3,117.1,124.0,121.5,102.8,130.0,121.7,121.3,121.8,104.2,73.4,107.6,105.5,107.6,0.0,100.0,110.5,89.9,110.1,117.1,55.4,125.6,125.6,125.6,0.0,0.0,155.4,155.4,155.4,0.0,0.0,129.7,138.2,138.2,94.9,0.0,174.2,194.7,206.9,96.5,131.4,135.6,136.0,138.8,110.2,116.1,148.5,150.2,135.3,124.8,136.8,121.0,109.7,121.7,123.7,121.6,148.5,127.2,121.0,130.9,131.4,104.6,126.2,126.2,178.2,134.8,136.8,127.8,129.0,129.3,111.3,122.0,136.0,137.4,129.5,132.7,133.3,134.2,134.1,109.1,134.2,140.6,141.5,142.3,111.9,121.8,160.3,74.4,,,,,,,,,,,,
2004-08-01,126.0,124.1,128.2,102.3,97.4,122.3,119.9,123.6,104.5,94.8,127.0,127.2,127.0,140.3,122.1,128.1,127.2,105.5,130.0,127.7,127.2,127.8,104.2,73.4,95.6,95.2,95.6,0.0,100.0,114.2,92.5,113.8,117.0,56.1,125.8,125.8,125.8,0.0,0.0,170.0,170.0,170.0,0.0,0.0,129.8,138.2,138.2,95.0,0.0,173.6,194.0,205.9,96.7,131.6,134.7,135.0,137.7,111.1,115.3,148.0,149.6,134.9,123.8,136.3,121.4,108.2,121.6,123.7,121.6,148.5,127.2,121.4,129.8,130.5,107.2,123.9,125.8,178.1,136.1,138.7,122.1,122.8,122.8,113.8,121.9,137.6,139.5,129.6,133.5,134.0,134.9,134.8,109.9,136.1,140.5,141.2,142.0,114.7,121.8,180.8,74.4,,,,,,,,,,,,
2004-09-01,126.7,124.8,128.8,103.2,98.3,123.1,120.5,124.3,105.7,95.4,126.2,126.3,126.2,140.3,120.2,125.9,124.1,107.3,130.0,129.1,128.6,129.2,104.2,70.4,102.3,101.0,102.3,0.0,100.0,116.9,94.7,116.5,121.4,57.5,127.0,127.0,127.0,0.0,0.0,162.1,162.1,162.1,0.0,0.0,129.4,138.2,138.2,92.9,0.0,174.1,195.4,206.7,96.7,136.5,135.0,135.2,138.1,110.4,114.7,146.9,148.5,134.0,123.1,135.3,121.4,107.9,121.6,123.7,121.6,148.5,127.2,122.1,132.5,133.6,103.7,121.9,125.1,176.4,140.6,143.5,119.8,120.3,120.2,113.1,122.0,143.0,145.2,130.1,133.6,134.4,135.2,135.0,115.0,136.4,140.5,141.2,142.0,114.3,120.4,183.5,74.4,,,,,,,,,,,,
2004-10-01,126.9,125.2,129.2,100.4,98.7,124.5,122.1,125.9,103.5,96.5,127.8,127.9,127.8,119.7,117.3,123.8,121.1,104.7,130.0,131.6,131.1,131.8,104.2,70.2,107.7,105.6,107.7,0.0,100.0,121.5,98.6,121.1,122.8,60.1,127.9,127.9,127.9,0.0,0.0,162.2,162.2,162.2,0.0,0.0,129.1,138.2,138.2,91.3,0.0,158.1,176.6,185.8,92.3,128.0,134.9,135.1,137.9,110.8,114.9,148.3,150.0,134.0,123.6,135.3,121.4,108.9,122.1,124.0,122.1,148.5,127.2,120.9,130.8,131.7,103.9,122.5,124.6,174.9,141.4,144.1,119.7,120.2,120.2,113.1,120.5,144.1,146.1,129.5,132.7,130.7,131.6,131.2,115.0,141.5,139.8,140.5,141.3,114.2,120.4,187.0,74.4,,,,,,,,,,,,
2004-11-01,125.7,124.2,128.2,97.4,97.8,123.3,121.1,124.9,101.0,95.8,126.1,126.2,126.1,119.7,116.6,123.9,121.3,101.4,130.0,133.2,132.8,133.4,104.2,68.8,89.2,89.6,89.2,0.0,100.0,120.8,97.5,120.5,124.2,58.7,127.5,127.5,127.5,0.0,0.0,183.7,183.7,183.7,0.0,0.0,129.2,138.2,138.2,91.7,0.0,156.5,175.5,185.2,88.1,124.5,134.9,135.2,138.0,110.6,114.9,147.4,149.0,133.3,123.7,134.9,118.4,109.6,122.1,124.0,122.1,148.5,127.2,120.8,130.5,131.4,103.9,122.2,121.7,173.2,143.5,146.4,119.7,120.0,120.0,114.6,118.1,147.0,149.2,127.9,131.0,130.5,131.4,131.0,115.4,143.0,139.4,140.1,140.9,113.9,120.6,181.0,74.4,,,,,,,,,,,,
2004-12-01,124.7,122.9,127.3,95.4,93.9,122.4,119.8,124.1,98.8,91.6,125.2,125.3,125.2,119.7,107.1,112.8,109.8,98.4,120.2,136.0,135.5,136.2,104.2,69.4,104.3,102.7,104.3,0.0,100.0,111.5,91.8,110.7,134.6,58.9,127.3,127.3,127.3,0.0,0.0,176.1,176.1,176.1,0.0,0.0,128.8,138.2,138.2,89.8,0.0,154.3,173.3,182.8,86.6,123.9,135.1,135.3,138.1,111.2,114.8,147.9,149.5,133.4,123.5,135.0,118.4,109.1,122.1,124.0,122.1,148.5,127.2,121.1,131.2,132.2,103.6,121.8,121.8,173.5,144.6,147.0,119.2,119.5,119.5,114.3,118.1,148.4,150.4,127.3,128.3,130.4,131.3,130.9,116.7,142.1,139.3,140.1,140.8,113.5,120.9,179.8,74.4,,,,,,,,,,,,
2005-01-01,120.9,118.7,123.0,97.4,90.7,119.9,117.0,121.3,100.1,88.4,123.0,123.1,123.0,119.7,100.7,104.9,100.9,100.3,114.7,132.3,131.8,132.5,104.2,68.1,108.5,106.3,108.5,0.0,100.0,114.4,92.9,113.7,135.1,57.4,128.0,128.0,128.0,0.0,0.0,160.9,160.9,160.9,0.0,0.0,128.6,138.2,138.2,88.9,0.0,133.1,146.3,151.1,90.3,120.7,134.7,134.8,137.6,111.2,114.3,147.9,149.5,132.9,123.2,134.7,116.5,108.9,122.1,124.0,122.1,148.5,127.2,120.5,129.1,130.0,105.6,119.9,121.3,172.2,142.9,145.2,119.0,119.5,119.5,112.0,118.0,146.5,148.3,127.0,128.3,130.7,131.6,131.1,118.7,144.4,139.3,140.1,140.8,113.5,120.5,180.1,74.4,,,,,,,,,,,,
2005-02-01,120.1,117.5,122.2,96.5,86.6,118.3,114.9,119.7,99.1,83.8,121.7,121.8,121.7,119.7,93.3,96.1,91.8,98.7,106.8,129.8,129.3,130.0,104.2,66.7,116.7,113.4,116.7,0.0,100.0,113.5,91.1,112.5,143.4,55.0,128.7,128.7,128.7,0.0,0.0,159.7,159.7,159.7,0.0,0.0,133.4,144.2,144.2,88.4,0.0,143.2,159.0,165.6,89.7,124.6,133.5,133.9,136.6,108.6,114.2,147.7,149.3,134.5,123.5,136.3,117.3,107.4,122.1,124.0,122.1,148.5,127.2,115.3,125.6,126.5,97.6,118.0,121.7,173.4,140.3,142.5,117.3,117.6,117.6,112.1,118.0,143.5,145.4,125.8,126.8,130.9,132.0,131.3,118.7,149.4,139.2,140.0,140.7,113.3,120.5,180.8,74.4,,,,,,,,,,,,
2005-03-01,123.5,119.9,125.4,102.9,84.4,121.1,116.9,122.2,105.6,81.6,122.8,122.9,122.8,119.7,93.9,93.8,90.0,106.8,103.0,128.7,128.2,128.8,104.2,66.5,128.6,123.6,128.6,0.0,100.0,131.3,101.4,130.6,146.8,53.9,129.1,129.1,129.1,0.0,0.0,163.0,163.0,163.0,0.0,0.0,133.5,144.2,144.2,88.9,0.0,154.8,170.2,179.5,95.8,121.5,133.0,133.3,136.0,109.7,113.5,148.5,150.2,134.7,122.9,136.5,118.6,106.0,122.1,124.0,122.1,148.5,127.2,115.3,124.1,124.7,100.5,118.0,121.4,172.5,142.2,144.6,113.3,113.4,113.2,112.1,118.0,144.4,146.3,132.4,135.0,131.0,131.9,131.2,125.2,151.7,138.7,139.4,140.1,114.1,120.2,196.5,74.4,,,,,,,,,,,,
2005-04-01,119.2,116.3,121.1,98.9,85.2,118.4,114.7,119.6,100.5,82.1,123.1,123.2,123.1,119.7,91.5,93.1,89.1,99.8,102.9,130.8,130.3,131.0,104.2,66.1,110.8,108.3,110.8,0.0,100.0,123.0,96.9,122.0,151.0,55.0,126.9,126.9,126.9,0.0,0.0,146.5,146.5,146.5,0.0,0.0,133.8,144.2,144.2,90.8,0.0,130.8,142.8,145.8,94.8,126.5,133.3,133.4,136.0,112.0,114.2,148.0,149.6,135.1,124.0,136.8,118.9,107.8,122.3,124.1,122.2,148.5,127.2,117.8,125.2,125.9,105.3,118.5,122.6,173.4,144.8,147.0,111.7,111.7,111.5,111.7,117.9,147.0,148.8,135.2,136.8,131.1,132.0,131.3,125.0,151.7,138.4,139.1,139.8,114.0,120.2,199.0,69.1,,,,,,,,,,,,
2005-05-01,119.5,116.0,121.1,102.0,83.3,118.7,114.5,119.8,103.8,80.2,123.2,123.3,123.2,119.7,92.6,92.9,89.4,103.3,101.1,131.2,130.7,131.3,104.2,66.1,109.8,107.4,109.8,0.0,100.0,122.8,95.6,121.7,156.7,52.7,127.9,127.9,127.9,0.0,0.0,147.1,147.1,147.1,0.0,0.0,134.3,144.2,144.2,93.1,0.0,129.8,140.3,143.3,97.4,124.0,133.2,133.3,135.9,112.3,114.7,149.6,151.2,136.5,124.9,138.5,118.7,108.0,122.3,124.1,122.3,148.5,127.2,118.8,127.1,127.8,104.6,120.5,121.9,171.5,144.7,146.8,109.9,109.6,109.3,112.7,117.7,146.8,148.5,135.4,136.9,131.4,132.3,131.6,125.9,152.4,138.3,139.0,139.6,114.9,122.9,189.9,69.1,,,,,,,,,,,,
2005-06-01,118.5,115.1,119.8,103.6,83.9,118.1,113.9,119.0,106.3,80.3,122.3,122.4,122.3,119.7,95.2,95.2,92.4,104.6,101.7,130.2,129.7,130.4,104.2,66.1,105.2,103.4,105.2,0.0,100.0,115.7,91.2,114.5,156.0,52.3,131.4,131.4,131.4,0.0,0.0,153.3,153.3,153.3,0.0,0.0,136.2,144.2,144.2,103.0,0.0,123.3,134.2,134.4,96.7,131.9,133.8,133.5,136.1,116.0,114.8,149.8,151.4,136.2,125.0,138.2,118.1,108.5,122.3,124.1,122.2,148.5,127.2,122.2,128.5,129.5,111.0,119.1,122.5,172.9,146.9,148.1,109.9,109.6,109.3,113.2,117.9,148.3,149.9,141.0,138.1,131.0,132.0,131.2,125.0,153.5,137.8,138.5,139.1,115.4,123.4,199.5,69.1,,,,,,,,,,,,
2005-07-01,119.9,116.3,121.3,104.7,83.4,119.3,114.8,120.1,107.5,79.7,123.4,123.5,123.4,119.7,95.9,95.9,93.4,104.1,101.9,131.9,131.4,132.1,104.2,66.7,110.3,107.8,110.3,0.0,100.0,115.0,90.0,113.6,162.1,50.8,133.2,133.2,133.2,0.0,0.0,141.0,141.0,141.0,0.0,0.0,137.8,144.2,144.2,111.9,0.0,128.4,139.9,141.3,97.7,132.2,134.2,134.0,136.5,116.6,116.2,149.7,151.3,136.2,126.5,138.3,117.4,111.7,122.4,124.1,122.3,148.5,127.2,122.6,129.9,130.9,109.5,120.0,122.7,173.5,149.2,150.7,110.1,109.3,109.0,118.5,117.9,150.9,152.8,142.0,139.0,131.8,132.7,132.0,125.0,153.5,137.6,138.2,138.8,116.2,123.4,200.4,82.3,,,,,,,,,,,,
2005-08-01,120.6,117.0,122.2,103.4,83.2,120.1,115.6,121.1,106.4,79.4,123.3,123.4,123.3,119.7,95.3,96.5,93.0,103.0,104.7,134.2,133.7,134.4,104.2,66.7,105.7,103.9,105.7,0.0,100.0,118.3,90.4,116.9,166.6,47.4,133.3,133.3,133.3,0.0,0.0,155.6,155.6,155.6,0.0,0.0,137.4,144.2,144.2,109.4,0.0,127.9,140.2,141.3,95.8,133.9,134.8,134.5,137.1,117.5,116.2,149.7,151.2,137.0,126.6,138.5,123.2,111.8,122.4,124.1,122.3,148.5,127.2,123.2,129.3,130.4,112.1,119.7,123.1,174.7,151.0,152.7,110.4,109.7,109.4,117.6,118.0,153.0,155.1,142.1,139.7,131.9,132.9,132.2,125.3,152.6,138.0,138.6,139.2,116.2,123.0,198.7,82.3,,,,,,,,,,,,
2005-09-01,125.7,121.9,127.8,102.4,83.9,124.0,119.5,125.4,104.9,80.9,123.4,123.5,123.4,119.7,104.5,106.5,105.6,100.7,108.5,135.6,135.0,135.8,104.2,67.3,117.3,113.9,117.3,0.0,100.0,120.8,91.7,119.4,165.8,47.0,134.8,134.8,134.8,0.0,0.0,157.9,157.9,157.9,0.0,0.0,137.7,144.2,144.2,111.3,0.0,147.9,162.2,169.6,96.2,123.8,134.7,134.6,137.1,115.7,116.2,150.3,151.8,137.2,126.6,138.5,124.8,111.8,122.5,124.2,122.5,148.5,127.2,119.9,128.2,129.2,105.1,119.3,123.1,174.5,150.6,152.6,111.1,109.9,109.7,122.0,118.0,152.8,155.0,141.2,139.0,132.4,133.4,132.7,125.8,152.6,137.9,138.6,139.2,114.7,123.0,200.0,82.3,,,,,,,,,,,,
2005-10-01,127.8,123.7,129.6,107.2,85.6,128.9,123.9,130.2,110.3,82.7,122.7,122.8,122.7,119.7,109.2,111.1,110.0,106.8,113.5,138.3,137.8,138.6,104.2,67.8,143.5,136.5,143.5,0.0,100.0,124.5,93.3,122.8,188.9,46.0,134.8,134.8,134.8,0.0,0.0,163.0,163.0,163.0,0.0,0.0,137.6,144.2,144.2,110.6,0.0,113.9,120.7,119.8,99.4,124.5,134.8,134.6,137.2,116.3,116.3,150.0,151.5,137.3,126.7,138.7,124.4,111.7,122.5,124.2,122.5,148.5,127.2,119.5,127.6,128.4,105.4,119.8,121.9,166.5,152.1,154.1,110.4,109.2,108.9,122.3,118.1,154.5,156.8,141.3,139.3,132.1,133.1,132.3,125.8,154.5,138.1,138.9,139.4,114.8,123.3,203.4,82.3,,,,,,,,,,,,
2005-11-01,132.6,129.1,135.0,105.0,90.3,134.5,129.9,136.3,107.7,87.7,124.0,124.1,124.0,119.7,113.3,118.1,116.2,103.6,122.4,141.1,140.6,141.3,104.2,67.8,149.3,141.6,149.3,0.0,100.0,157.1,114.1,156.1,186.8,48.3,134.8,134.8,134.8,0.0,0.0,164.4,164.4,164.4,0.0,0.0,137.6,144.2,144.2,110.3,0.0,108.6,115.0,112.9,98.0,124.8,136.1,135.6,138.3,119.2,116.6,150.1,151.5,138.9,128.2,140.6,122.8,112.7,122.5,124.2,122.5,148.5,127.2,120.4,127.3,128.1,108.5,119.8,122.0,166.7,156.1,157.8,111.7,109.9,109.7,128.4,114.0,159.4,161.7,141.1,136.7,132.3,133.3,132.5,125.8,153.6,138.6,139.4,140.0,113.8,123.4,205.1,82.3,,,,,,,,,,,,
2005-12-01,137.0,133.3,139.9,105.1,91.0,138.5,133.7,140.6,108.3,88.8,125.6,125.7,125.6,119.7,120.9,125.0,125.8,104.4,122.4,144.9,144.4,145.2,104.2,67.9,152.3,144.1,152.3,0.0,100.0,156.6,115.0,155.6,184.4,50.9,137.8,137.8,137.8,0.0,0.0,185.8,185.8,185.8,0.0,0.0,137.6,144.2,144.2,110.7,0.0,118.7,126.5,127.7,96.8,119.5,137.0,137.0,139.9,115.1,116.7,150.9,152.4,139.5,128.5,141.2,122.8,112.5,124.1,125.2,124.1,148.5,127.2,116.6,127.9,128.8,97.1,119.7,122.4,167.7,160.7,163.5,111.7,109.8,109.6,129.4,114.0,165.9,168.8,136.5,135.0,132.1,133.1,132.4,125.8,153.6,139.5,140.4,141.0,113.6,123.4,200.2,82.3,,,,,,,,,,,,
2006-01-01,133.7,130.3,136.2,104.9,92.1,134.9,130.6,136.8,108.1,89.8,125.0,125.1,125.0,119.7,122.6,127.4,127.9,105.0,125.8,145.4,144.8,145.6,104.2,67.9,123.0,118.8,123.0,0.0,100.0,148.0,109.2,146.9,182.5,49.6,138.5,138.5,138.5,0.0,0.0,171.2,171.2,171.2,0.0,0.0,136.9,144.2,144.2,107.0,0.0,118.1,126.4,127.0,96.7,122.6,136.9,137.1,140.0,112.7,116.8,151.1,152.6,139.9,128.2,141.3,125.8,111.8,126.8,126.8,126.8,148.5,127.2,112.8,123.4,124.0,94.7,117.9,122.7,168.6,159.4,162.7,112.1,110.8,110.7,123.4,114.0,165.2,168.1,132.6,133.0,132.1,133.1,132.3,126.1,155.2,140.4,141.4,141.9,114.0,128.5,201.6,101.7,,,,,,,,,,,,
2006-02-01,134.1,131.6,136.5,107.5,99.1,135.2,131.7,136.9,110.9,97.1,125.6,125.7,125.6,119.7,120.6,129.6,124.6,107.5,141.9,146.7,146.2,147.0,104.2,68.0,123.1,118.9,123.1,0.0,100.0,150.1,110.8,149.1,178.4,50.1,139.7,139.7,139.7,0.0,0.0,156.6,156.6,156.6,0.0,0.0,143.1,150.3,150.3,113.6,0.0,120.6,129.1,129.7,98.6,125.3,136.9,137.2,140.0,112.4,116.9,151.1,152.6,140.2,128.1,141.6,126.7,111.2,129.6,128.5,129.6,148.5,127.2,113.0,123.2,123.7,96.0,118.2,123.4,170.4,157.3,160.7,112.8,111.5,111.5,122.8,114.0,162.7,165.6,132.5,134.2,131.6,132.7,131.9,120.9,154.3,140.9,141.9,142.4,114.0,128.5,201.4,101.7,,,,,,,,,,,,
2006-03-01,137.9,135.6,140.7,106.9,102.5,138.6,135.3,140.6,109.9,100.4,127.4,127.5,127.4,119.7,127.4,138.1,133.9,106.0,148.0,150.3,149.7,150.5,104.2,68.0,144.4,137.3,144.4,0.0,100.0,135.8,102.7,134.6,174.6,51.4,140.3,140.3,140.3,0.0,0.0,144.4,144.4,144.4,0.0,0.0,143.4,150.3,150.3,115.3,0.0,129.9,140.7,142.6,99.3,130.2,138.4,138.6,141.5,114.0,117.5,150.9,152.5,140.3,128.4,141.9,125.7,111.5,129.6,128.5,129.6,148.5,127.2,114.9,123.2,123.9,100.7,116.2,123.7,171.2,163.1,167.1,113.6,112.5,112.3,123.4,118.0,169.5,172.9,133.6,135.6,132.6,133.7,132.9,121.1,154.5,141.3,142.3,142.8,114.8,128.6,207.1,101.7,,,,,,,,,,,,
2006-04-01,137.7,135.3,140.6,104.8,100.6,139.7,136.2,141.8,108.1,99.2,128.4,128.5,128.4,119.7,125.8,136.9,132.6,103.5,147.1,151.8,151.2,152.0,104.2,68.1,157.5,148.6,157.5,0.0,100.0,115.5,89.6,113.9,171.4,49.6,165.4,165.4,165.4,0.0,0.0,147.4,147.4,147.4,0.0,0.0,143.8,150.3,150.3,117.2,0.0,112.5,119.3,119.2,96.3,118.9,140.1,140.2,143.3,115.1,117.6,151.4,152.9,140.3,128.3,141.9,125.5,111.2,129.8,128.6,129.7,148.5,127.2,115.2,122.9,123.6,102.1,116.2,124.1,172.3,167.8,172.3,116.6,115.5,115.4,125.8,119.3,174.9,178.6,135.2,138.3,133.7,134.8,134.1,122.0,156.6,141.9,142.9,143.4,115.5,128.6,209.2,103.3,,,,,,,,,,,,
2006-05-01,140.2,138.3,142.9,110.7,107.8,141.6,138.7,143.5,115.5,106.7,127.0,127.1,127.0,119.7,134.4,146.8,140.9,113.0,161.2,151.3,150.7,151.6,104.2,68.2,160.8,151.4,160.8,0.0,100.0,117.8,92.4,116.4,167.1,52.5,164.6,164.6,164.6,0.0,0.0,147.9,147.9,147.9,0.0,0.0,143.9,150.3,150.3,117.8,0.0,122.7,130.9,132.9,98.3,120.3,141.0,140.8,144.0,117.9,118.2,153.7,155.3,140.9,129.6,142.5,125.5,113.5,129.8,128.6,129.7,148.5,127.2,119.0,125.4,126.2,107.9,117.5,127.1,174.2,167.9,172.0,116.7,115.4,115.3,127.1,119.3,174.9,178.1,135.6,139.0,134.1,135.3,134.5,119.9,156.6,142.4,143.4,143.9,115.0,128.6,206.5,103.3,,,,,,,,,,,,
2006-06-01,143.6,141.9,146.3,113.3,112.7,144.0,141.4,145.8,117.1,111.8,127.7,127.8,127.7,119.7,143.4,156.6,152.0,114.8,167.7,150.9,150.4,151.2,104.2,71.6,150.4,142.5,150.4,0.0,100.0,127.9,100.5,126.6,169.8,57.1,163.1,163.1,163.1,0.0,0.0,172.1,172.1,172.1,0.0,0.0,144.0,150.3,150.3,118.1,0.0,139.6,149.7,154.6,103.5,123.7,141.9,141.2,144.3,123.8,118.5,153.7,155.4,141.1,129.2,142.7,125.9,112.2,130.4,129.0,130.4,148.5,127.2,128.1,131.7,132.5,122.0,124.9,128.6,178.3,168.4,171.3,116.5,115.4,115.2,126.4,119.3,174.8,177.0,139.0,140.3,133.1,134.5,133.6,119.1,158.8,142.6,143.7,144.2,114.1,128.6,206.7,103.3,,,,,,,,,,,,
2006-07-01,144.5,142.9,147.4,112.2,112.7,143.9,141.4,145.9,116.0,111.5,128.7,128.8,128.7,119.7,148.6,161.9,159.1,113.6,168.2,155.8,155.3,156.1,104.2,72.3,129.0,124.0,129.0,0.0,100.0,118.7,94.4,117.3,168.6,55.8,167.3,167.3,167.3,0.0,0.0,164.5,164.5,164.5,0.0,0.0,143.9,150.3,150.3,117.7,0.0,153.1,166.9,174.3,102.4,127.5,144.5,143.5,146.8,126.3,119.9,153.8,155.3,141.3,130.7,142.9,127.0,115.5,130.4,129.0,130.4,148.5,127.2,130.3,136.1,137.1,119.8,126.7,133.7,191.7,174.3,177.0,120.4,118.7,118.6,134.5,119.6,181.7,183.7,140.5,140.3,133.5,134.7,133.9,121.6,158.8,144.0,145.0,145.6,115.1,128.6,206.4,114.5,,,,,,,,,,,,
2006-08-01,148.2,146.0,151.0,116.3,112.9,147.7,144.7,149.6,119.7,111.9,129.1,129.2,129.1,119.7,148.4,161.4,157.5,118.2,170.7,160.0,159.4,160.3,104.2,72.9,139.2,132.8,139.2,0.0,100.0,135.3,103.8,134.3,167.8,54.4,162.2,162.2,162.2,0.0,0.0,168.1,168.1,168.1,0.0,0.0,143.9,150.3,150.3,118.0,0.0,154.7,166.4,174.3,107.6,124.5,146.3,145.5,149.0,125.8,120.0,153.0,154.5,141.4,129.6,142.4,131.2,113.6,130.4,129.0,130.4,148.5,127.2,133.1,144.9,146.1,112.4,133.8,146.2,199.1,178.1,181.4,121.1,119.3,119.3,136.1,119.5,185.7,188.2,143.4,144.6,134.0,135.4,134.5,120.6,163.6,146.1,147.3,147.9,113.6,130.2,205.9,114.5,,,,,,,,,,,,
2006-09-01,151.8,149.2,154.1,126.9,116.7,151.1,147.4,152.4,132.9,114.6,128.3,128.4,128.3,119.7,153.7,164.0,159.8,133.6,173.7,167.8,167.2,168.2,104.2,70.6,132.1,126.7,132.1,0.0,100.0,138.5,107.1,137.6,160.7,57.4,160.7,160.7,160.7,0.0,0.0,175.6,175.6,175.6,0.0,0.0,145.7,150.3,150.3,127.4,0.0,162.0,177.1,183.3,111.0,144.4,148.3,147.4,150.8,129.5,123.1,152.9,154.4,141.9,131.7,142.4,135.9,118.2,130.5,129.1,130.5,148.5,127.2,138.9,148.9,150.1,121.3,137.4,147.8,203.4,184.1,187.4,121.1,119.5,119.5,134.5,119.5,192.7,195.3,144.3,144.9,134.2,135.5,134.5,125.3,164.6,147.3,148.5,149.1,114.6,132.5,216.8,114.5,,,,,,,,,,,,
2006-10-01,153.4,150.6,155.0,135.7,121.3,152.6,148.8,153.2,145.8,119.3,130.0,130.1,130.0,119.7,158.8,167.4,161.4,150.6,181.8,171.6,170.9,172.0,104.2,71.2,120.1,116.3,120.1,0.0,100.0,138.4,108.2,137.6,157.9,59.9,159.5,159.5,159.5,0.0,0.0,185.4,185.4,185.4,0.0,0.0,145.1,150.3,150.3,124.3,0.0,163.6,180.2,186.4,109.3,147.1,151.2,150.0,153.6,132.8,124.2,154.1,155.6,143.1,133.6,143.7,136.8,121.1,133.5,130.9,133.5,148.5,127.2,142.4,152.7,154.3,123.7,138.7,150.5,204.9,189.0,192.0,127.4,125.7,125.9,138.7,119.5,198.6,200.6,144.6,145.8,134.0,135.3,134.3,127.3,164.6,148.1,149.3,150.0,115.5,132.4,219.4,127.4,,,,,,,,,,,,
2006-11-01,153.9,152.6,156.1,129.4,129.1,153.0,150.7,154.1,138.0,127.2,130.8,130.9,130.8,119.7,169.1,184.0,177.6,140.8,199.3,168.3,167.7,168.7,104.2,71.8,108.2,106.1,108.2,0.0,100.0,139.6,109.3,139.0,152.6,60.4,161.7,161.7,161.7,0.0,0.0,189.6,189.6,189.6,0.0,0.0,145.3,150.3,150.3,125.2,0.0,165.2,183.8,189.7,106.8,152.3,152.8,151.2,154.9,136.4,124.3,154.4,155.9,144.4,133.3,144.8,139.7,118.8,134.5,131.6,134.4,148.5,127.5,145.7,153.4,154.9,131.3,139.0,154.1,213.5,190.8,193.6,128.8,126.9,127.1,141.9,122.0,200.6,202.7,145.6,144.8,133.9,135.1,134.1,126.6,164.6,149.7,151.0,151.7,114.8,133.0,229.0,127.4,,,,,,,,,,,,
2006-12-01,157.8,156.4,160.3,129.9,130.2,156.5,154.0,157.8,138.6,128.3,132.7,132.8,132.7,119.7,169.0,185.3,178.5,137.6,201.5,171.8,171.2,172.2,104.2,72.6,121.2,117.2,121.2,0.0,100.0,147.4,114.0,146.9,156.5,60.4,160.1,160.1,160.1,0.0,0.0,190.5,190.5,190.5,0.0,0.0,149.1,150.3,150.3,145.2,0.0,174.1,194.7,202.3,107.0,154.7,153.5,152.1,155.9,135.9,125.0,154.4,155.9,143.6,133.1,144.8,132.2,118.4,135.0,131.9,135.0,148.5,127.5,146.5,153.2,154.8,133.8,138.8,154.8,215.6,192.6,196.0,128.3,126.5,126.6,140.9,122.2,203.0,205.7,144.3,144.3,133.9,135.1,134.1,128.1,164.6,151.3,152.6,153.3,115.0,133.8,233.4,127.4,,,,,,,,,,,,
2007-01-01,154.6,153.9,157.0,127.3,132.7,152.6,151.0,154.0,134.3,130.7,130.9,131.0,130.9,119.7,168.3,187.4,179.0,133.0,207.7,166.1,165.5,166.5,104.2,72.6,112.6,109.9,112.6,0.0,100.0,138.1,108.1,137.5,152.3,59.8,160.8,160.8,160.8,0.0,0.0,194.2,194.2,194.2,0.0,0.0,148.4,150.3,150.3,141.3,150.3,179.8,201.2,209.6,108.8,157.1,153.0,151.7,155.3,135.4,126.1,155.0,156.1,144.9,134.2,146.0,134.7,119.5,135.0,131.9,135.0,148.5,127.5,145.4,153.2,154.6,131.2,140.3,160.1,229.4,185.8,188.8,128.6,126.9,127.1,140.5,122.2,195.3,197.6,142.0,141.4,134.9,136.3,135.2,128.1,168.7,152.5,154.0,154.6,116.1,138.0,228.3,118.8,157.6,122.8,164.7,103.6,178.7,,,,,,,
2007-02-01,158.4,159.0,161.2,126.8,143.3,156.6,156.1,158.2,134.3,141.3,130.5,130.6,130.5,119.7,185.7,210.4,201.7,132.6,231.3,160.1,159.5,160.4,104.2,72.6,123.7,119.4,123.7,0.0,100.0,144.8,112.3,144.3,151.3,60.1,160.7,160.7,160.7,0.0,0.0,216.7,216.7,216.7,0.0,0.0,150.3,152.1,152.1,143.8,152.1,181.3,205.5,212.4,107.2,168.7,151.6,150.6,154.0,133.5,126.5,155.2,156.3,145.3,134.5,146.3,135.6,119.8,135.0,132.0,135.0,148.5,127.6,141.1,151.2,152.6,123.1,138.8,160.3,230.1,175.2,176.8,130.4,129.0,129.2,138.7,122.5,182.3,183.2,142.7,141.8,136.8,138.0,137.0,132.1,168.7,154.2,155.6,156.2,118.2,139.0,229.8,118.8,154.0,122.3,175.2,103.6,161.8,,,,,,,
2007-03-01,168.6,169.9,172.4,125.2,152.4,165.6,165.9,168.0,131.6,150.7,136.6,136.7,136.6,119.7,199.1,228.4,219.9,129.7,248.9,166.9,166.4,167.3,104.2,78.6,140.0,133.5,140.0,0.0,100.0,157.0,121.2,156.9,148.0,63.4,160.7,160.7,160.7,0.0,0.0,232.5,232.5,232.5,0.0,0.0,149.9,152.1,152.1,141.9,152.1,207.0,236.3,248.3,108.7,172.8,154.2,153.2,156.6,136.6,128.7,155.6,156.7,145.1,135.6,146.4,133.4,122.1,135.0,132.0,135.0,148.5,127.7,144.9,152.6,153.6,131.5,143.3,159.8,228.6,182.6,184.9,132.8,131.8,131.6,141.5,137.4,191.0,192.8,143.9,142.1,135.7,137.0,135.9,128.3,168.7,155.8,157.4,157.9,118.7,142.1,232.7,118.8,159.8,123.0,180.1,103.6,165.9,,,,,,,
2007-04-01,167.9,167.9,171.7,125.4,142.3,165.0,163.7,167.2,132.7,139.9,137.3,137.4,137.3,119.7,184.1,207.5,199.9,131.5,225.7,171.3,170.7,171.7,104.2,78.7,157.0,148.1,157.0,0.0,100.0,152.4,117.9,152.2,148.2,62.2,157.7,157.7,157.7,0.0,0.0,230.3,230.3,230.3,0.0,0.0,149.6,152.2,152.2,139.9,152.2,205.9,235.9,247.8,106.3,173.3,157.7,156.3,160.0,140.5,129.9,162.0,162.9,145.6,136.0,146.7,134.5,122.7,135.2,132.2,135.1,148.5,127.9,148.3,155.3,156.2,136.2,147.7,164.5,236.8,182.5,184.0,138.4,137.6,137.6,143.2,137.4,190.4,191.2,146.4,144.7,136.4,137.7,136.6,130.5,171.4,159.7,161.3,162.0,118.9,143.9,223.6,116.5,163.6,121.8,180.7,107.6,165.6,,,,,,,
2007-05-01,168.9,169.2,172.6,127.4,146.2,162.2,161.5,164.0,135.9,144.0,141.6,141.7,141.6,119.7,189.9,214.5,206.4,135.2,234.1,167.3,166.8,167.7,104.2,78.7,141.8,135.0,141.8,0.0,100.0,128.6,103.9,128.0,145.9,63.1,154.6,154.6,154.6,0.0,0.0,251.4,251.4,251.4,0.0,0.0,150.1,152.2,152.2,142.6,152.2,255.6,295.6,319.0,104.9,174.0,161.0,159.5,163.5,142.1,130.4,164.5,165.4,147.8,137.7,149.3,133.8,123.4,135.6,132.4,135.6,148.5,127.9,153.8,159.4,160.4,144.0,150.3,165.4,239.2,183.2,185.5,146.5,146.2,146.5,143.2,137.6,190.6,192.7,149.1,146.3,137.3,138.6,137.6,130.0,171.4,162.1,163.6,164.4,121.5,143.9,226.5,116.5,163.8,121.8,181.6,114.4,182.3,,,,,,,
2007-06-01,173.0,172.8,176.4,135.6,148.1,166.5,165.2,167.9,146.2,145.9,144.8,144.9,144.8,119.7,198.7,221.3,213.9,148.5,239.2,171.6,171.0,172.0,104.2,78.7,155.0,146.4,155.0,0.0,100.0,118.6,97.4,117.6,145.9,62.2,154.8,154.8,154.8,0.0,0.0,263.3,263.3,263.3,0.0,0.0,149.8,152.2,152.2,140.7,152.2,257.7,297.6,320.9,107.7,176.4,163.6,161.7,166.0,145.1,130.6,168.1,168.6,148.4,137.7,150.0,133.0,122.4,135.6,132.3,135.6,148.5,127.5,164.0,171.8,173.1,150.0,159.6,164.2,236.0,186.1,188.4,149.7,149.7,150.1,143.4,137.6,193.5,195.5,152.5,150.0,136.6,137.9,136.8,130.0,171.4,162.5,164.0,164.8,122.3,144.0,224.3,116.5,167.7,122.3,184.6,119.7,185.1,,,,,,,
2007-07-01,177.3,176.0,180.5,142.1,145.9,172.2,169.8,173.6,152.6,143.6,150.2,150.2,150.2,119.7,204.9,223.4,219.8,155.4,231.7,173.8,173.2,174.2,104.2,78.7,165.9,155.8,165.9,0.0,100.0,131.6,106.4,131.0,143.5,64.5,156.3,156.3,156.3,0.0,0.0,285.2,285.2,285.2,0.0,0.0,151.2,152.2,152.2,148.4,152.2,243.6,278.1,297.9,114.5,174.7,166.8,164.3,168.9,150.9,130.8,180.3,181.4,148.5,137.5,150.0,133.9,121.8,135.6,132.4,135.6,148.5,127.9,173.6,174.5,175.8,171.4,162.2,165.4,239.2,187.0,189.8,150.7,150.7,151.1,143.4,137.6,194.3,197.0,153.4,151.3,138.6,140.1,138.9,130.0,176.4,163.7,165.2,166.0,123.5,145.4,232.1,134.9,170.6,121.4,182.5,127.5,184.7,,,,,,,
2007-08-01,185.4,183.3,188.3,153.8,149.7,182.8,179.2,183.9,168.1,147.5,155.0,155.0,155.0,119.7,222.0,237.7,236.1,175.3,241.1,176.5,175.9,176.9,104.2,78.4,205.4,190.0,205.4,0.0,100.0,142.7,112.8,142.2,147.4,63.9,157.2,157.2,157.2,0.0,0.0,309.0,309.0,309.0,0.0,0.0,150.9,152.2,152.2,146.6,152.2,219.5,249.3,263.1,115.9,177.5,168.8,166.4,171.2,150.7,131.5,183.1,183.8,149.0,137.6,150.0,138.8,122.1,137.2,133.2,137.2,148.5,127.3,174.3,177.5,179.1,167.9,163.2,165.3,239.0,193.3,197.2,151.5,151.4,151.8,145.2,138.1,201.8,205.2,154.0,153.6,139.6,141.1,139.9,131.7,178.0,164.3,165.8,166.6,123.8,145.7,231.9,134.9,173.6,122.7,183.4,133.1,184.6,,,,,,,
2007-09-01,191.4,187.1,193.4,169.7,145.5,187.9,182.0,187.8,190.8,143.5,155.9,155.9,155.9,119.7,231.2,238.5,239.8,203.0,234.7,177.5,176.9,178.0,104.2,78.6,209.7,193.6,209.7,0.0,100.0,151.5,116.9,151.2,151.5,61.3,163.6,163.6,163.6,0.0,0.0,348.3,348.3,348.3,0.0,0.0,151.9,152.2,152.2,151.9,152.2,237.1,269.9,289.0,113.8,170.3,172.0,169.2,174.2,155.7,133.0,186.7,187.5,149.2,137.4,150.1,139.8,121.7,140.7,135.4,140.7,148.5,127.5,188.5,189.7,192.0,184.4,169.1,165.7,239.0,195.4,199.5,153.8,154.4,154.4,145.0,154.4,204.0,207.7,155.4,155.2,140.3,141.7,140.5,133.6,178.0,166.4,168.0,168.8,124.6,147.6,233.6,134.9,174.4,121.4,174.7,135.9,183.0,,,,,,,
2007-10-01,198.8,195.0,202.0,162.7,148.6,195.0,189.5,196.0,182.0,146.2,158.4,158.4,158.4,119.7,234.8,246.5,247.5,192.8,243.5,183.5,182.9,184.0,104.2,80.9,219.7,202.3,219.7,0.0,100.0,173.8,129.3,174.0,148.2,58.6,167.1,167.1,167.1,0.0,0.0,384.8,384.8,384.8,0.0,0.0,150.9,152.2,152.2,146.6,152.2,247.7,284.8,304.9,111.8,180.0,177.6,174.8,180.5,155.4,133.6,188.0,188.8,151.3,138.7,152.3,141.7,121.8,140.7,135.5,140.7,148.5,127.7,197.6,205.9,209.2,179.6,175.3,167.3,242.4,198.8,202.7,162.8,164.4,164.4,144.7,164.4,207.2,210.8,160.1,158.7,143.5,144.7,143.7,136.9,174.2,173.3,175.0,176.0,124.3,147.9,235.9,145.8,179.9,119.5,186.6,138.5,191.5,,,,,,,
2007-11-01,195.2,191.4,197.9,165.6,148.3,194.4,188.8,195.2,184.3,145.9,160.6,160.6,160.6,119.7,237.3,248.4,250.0,195.0,243.5,190.8,190.1,191.3,104.2,81.1,164.1,154.3,164.1,0.0,100.0,196.2,142.7,196.9,148.3,58.1,166.2,166.2,166.2,0.0,0.0,364.7,364.7,364.7,0.0,0.0,151.7,152.2,152.2,150.8,152.2,206.0,233.3,243.7,116.2,178.6,181.2,178.0,184.0,160.0,134.6,189.3,190.2,151.8,139.3,153.5,135.4,121.5,142.3,136.5,142.2,148.5,127.9,205.3,211.8,214.7,191.3,183.9,165.0,236.1,208.0,212.3,167.2,169.3,169.2,145.6,171.7,218.3,222.4,160.5,157.8,145.7,146.8,145.9,137.0,170.5,174.2,175.9,176.9,125.7,148.9,243.9,145.8,185.2,121.1,184.9,139.8,190.1,,,,,,,
2007-12-01,195.7,192.1,198.5,164.6,149.5,197.2,191.6,198.3,183.1,147.1,168.7,168.7,168.7,119.7,236.7,248.1,249.7,193.6,243.5,191.0,190.4,191.5,104.2,81.1,172.4,161.4,172.4,0.0,100.0,209.7,152.0,210.7,148.3,60.7,166.2,166.2,166.2,0.0,0.0,350.1,350.1,350.1,0.0,0.0,151.6,152.2,152.2,150.3,152.2,177.4,199.6,203.3,115.6,179.1,182.5,178.8,184.8,165.3,135.1,189.7,190.7,152.3,139.9,154.2,134.1,122.0,142.3,136.5,142.2,148.5,128.0,213.8,213.6,216.4,211.3,187.4,164.9,235.9,209.7,214.5,168.3,170.4,170.2,147.0,174.1,220.5,224.8,159.7,158.8,145.7,146.8,145.9,137.0,170.5,174.2,175.9,176.9,125.8,148.0,243.9,145.8,187.3,121.1,184.8,145.8,208.8,,,,,,,
2008-01-01,,191.8,,178.9,149.3,,189.7,,200.1,147.0,,,,,,251.4,,211.4,243.5,,190.2,,105.8,100.0,,155.4,,100.0,100.0,,140.2,,148.9,60.4,,167.6,,,100.0,,358.6,,100.0,100.0,,152.2,,170.1,,,236.0,,122.9,158.8,,180.1,,172.8,137.5,,,,140.1,,137.5,122.2,,135.8,,148.5,126.1,,239.9,,232.4,199.4,,,,,,171.6,,147.0,177.7,,,,,,147.5,,139.7,,,179.3,,130.4,161.4,244.1,169.2,186.7,122.9,184.3,145.6,205.4,193.2,175.0,191.6,140.8,131.5,137.2,
2008-02-01,,189.6,,181.8,150.7,,185.2,,203.8,148.5,,,,,,251.1,,215.0,253.4,,189.2,,105.8,100.0,,158.4,,100.0,100.0,,128.0,,155.4,60.0,,168.7,,,100.0,,389.7,,100.0,100.0,,161.7,,178.6,,,241.3,,124.3,158.8,,181.1,,175.0,141.4,,,,140.4,,137.5,126.4,,135.8,,148.5,130.7,,239.3,,235.2,199.4,,,,,,173.5,,150.4,179.7,,,,,,147.9,,139.7,,,181.0,,131.0,161.4,233.9,169.2,186.4,122.9,186.4,147.7,202.7,204.9,175.0,195.2,140.8,132.2,137.2,
2008-03-01,,197.6,,185.9,150.3,,195.7,,209.5,148.0,,,,,,261.8,,222.8,246.7,,193.5,,105.8,100.0,,168.8,,103.1,100.0,,138.3,,156.3,60.8,,168.8,,,100.0,,395.1,,100.0,100.0,,161.7,,169.7,,,248.4,,125.5,158.8,,184.5,,175.3,147.9,,,,142.4,,137.5,128.1,,135.9,,148.5,140.5,,248.9,,233.4,199.4,,,,,,175.1,,153.9,179.7,,,,,,149.5,,139.7,,,186.4,,130.4,163.0,244.3,169.2,191.1,122.9,186.4,151.1,214.0,205.4,175.0,195.2,140.9,132.2,137.2,
2008-04-01,,184.2,,166.2,153.3,,173.6,,178.9,151.2,,,,,,250.1,,181.1,238.9,,193.0,,105.8,100.0,,140.3,,103.1,100.0,,114.9,,155.9,65.5,,178.8,,,100.0,,366.0,,100.0,100.0,,161.7,,206.6,,,229.2,,126.3,158.8,,186.8,,184.4,147.2,,,,143.6,,137.5,128.5,,136.2,,188.0,138.9,,246.9,,231.6,199.4,,,,,,180.7,,198.1,185.8,,,,,,149.5,,139.7,,,190.2,,131.6,163.3,244.7,169.2,190.8,122.9,190.6,156.7,214.7,194.1,175.0,202.4,143.0,132.2,137.7,
2008-05-01,,178.7,,149.2,156.1,,162.6,,152.7,154.2,,,,,,248.3,,147.3,238.9,,198.1,,105.8,100.0,,126.5,,103.1,100.0,,102.3,,155.6,68.5,,175.3,,,100.0,,355.8,,100.0,100.0,,161.7,,216.1,,,215.5,,126.7,160.8,,190.0,,192.5,143.6,,,,143.4,,137.5,128.2,,131.1,,192.5,133.2,,265.8,,235.2,199.4,,,,,,187.0,,223.6,181.8,,,,,,149.6,,139.7,,,193.9,,133.3,164.3,245.3,169.2,194.2,122.9,190.6,158.0,216.2,180.8,175.0,202.4,143.3,133.1,141.0,
2008-06-01,,183.1,,153.2,160.5,,168.5,,157.8,159.0,,,,,,281.1,,150.1,257.7,,201.7,,105.8,100.0,,135.4,,103.1,100.0,,93.3,,155.1,69.7,,175.4,,,100.0,,386.9,,100.0,100.0,,161.7,,255.8,,,218.6,,128.4,160.8,,193.0,,194.2,162.5,,,,145.1,,137.5,128.3,,131.8,,192.5,162.7,,268.4,,238.5,199.4,,,,,,191.6,,223.6,200.1,,,,,,149.4,,139.7,,,197.5,,134.8,164.4,248.3,169.2,196.9,122.9,190.6,158.3,216.7,178.5,175.0,202.4,142.2,133.4,141.0,
2008-07-01,,186.8,,148.8,159.6,,172.8,,150.9,158.0,,,,,,271.0,,140.9,252.2,,202.5,,105.8,100.0,,137.5,,97.9,100.0,,101.8,,165.2,69.8,,189.1,,,100.0,,410.0,,100.0,100.0,,161.7,,259.5,,,235.7,,128.8,160.9,,198.5,,190.4,155.7,,,,145.9,,137.5,128.7,,137.1,,192.5,152.2,,283.7,,222.1,199.4,,,,,,198.6,,226.6,181.8,,,,,,150.3,,139.7,,,205.5,,138.9,164.4,249.1,173.5,197.6,122.9,188.5,156.1,219.1,178.5,175.0,198.8,146.9,133.6,141.7,
2008-08-01,,187.5,,158.2,159.1,,174.6,,165.3,157.5,,,,,,256.0,,157.1,253.9,,202.1,,105.8,100.0,,144.2,,97.9,100.0,,111.2,,165.2,68.9,,190.3,,,100.0,,356.5,,100.0,100.0,,161.7,,280.0,,,235.7,,128.8,160.8,,200.5,,191.2,158.0,,,,145.6,,137.5,128.7,,137.6,,188.0,155.9,,282.7,,224.0,199.4,,,,,,202.9,,226.6,181.8,,,,,,169.2,,139.7,,,207.4,,141.2,164.8,249.2,173.5,196.9,122.9,188.5,155.1,216.0,179.9,175.0,198.8,148.5,133.6,144.5,
2008-09-01,,188.5,,159.0,157.9,,173.9,,166.1,156.4,,,,,,246.8,,149.6,257.2,,202.9,,105.8,100.0,,166.7,,97.9,100.0,,103.4,,163.6,67.2,,191.4,,,100.0,,326.7,,100.0,100.0,,166.3,,371.8,,,257.5,,129.6,160.8,,202.4,,188.7,152.1,,,,146.4,,137.5,128.2,,137.6,,188.0,146.2,,296.7,,219.9,199.4,,,,,,203.2,,217.4,194.4,,,,,,170.7,,139.7,,,208.4,,141.4,164.8,274.1,173.5,197.0,122.9,172.8,153.3,213.6,177.8,175.0,171.7,148.9,133.6,145.6,
2008-10-01,,187.5,,158.1,155.0,,169.7,,164.0,153.8,,,,,,243.8,,154.4,246.1,,205.1,,105.8,100.0,,148.0,,103.1,100.0,,106.2,,161.3,66.7,,195.8,,,100.0,,315.9,,100.0,100.0,,166.3,,290.4,,,272.4,,131.0,160.8,,202.0,,188.5,147.0,,,,148.0,,156.0,129.4,,137.8,,188.0,137.6,,294.4,,215.3,199.4,,,,,,199.7,,218.7,183.8,,,,,,170.1,,139.7,,,208.7,,141.8,165.7,286.2,258.4,198.0,122.9,136.3,147.8,213.9,172.7,175.0,108.5,153.6,133.6,147.8,
2008-11-01,,188.5,,155.2,153.7,,176.7,,159.9,152.6,,,,,,220.2,,148.9,245.7,,202.1,,105.8,100.0,,165.4,,103.1,100.0,,120.3,,172.7,65.6,,197.4,,,100.0,,328.0,,100.0,100.0,,167.7,,288.9,,,221.5,,130.4,160.8,,201.8,,188.0,147.9,,,,148.4,,156.0,133.4,,137.7,,188.0,137.6,,294.0,,212.7,199.4,,,,,,196.1,,223.6,179.7,,,,,,170.3,,139.7,,,208.9,,138.1,166.8,235.1,258.4,198.7,122.9,120.7,143.5,243.3,172.4,175.0,81.3,153.6,134.8,147.8,
2008-12-01,,192.1,,142.3,150.4,,180.6,,141.6,149.2,,,,,,224.8,,130.8,232.7,,208.5,,105.8,100.0,,174.6,,103.1,100.0,,121.6,,172.7,64.7,,199.4,,,100.0,,311.8,,100.0,100.0,,167.7,,236.5,,,212.7,,127.5,160.9,,201.7,,184.1,146.4,,,,148.5,,156.0,135.0,,138.6,,188.0,133.8,,291.1,,212.7,199.4,,,,,,194.6,,208.7,183.8,,,,,,169.9,,139.7,,,208.5,,138.1,166.8,284.0,258.4,204.0,122.9,107.1,138.4,253.2,170.2,175.0,57.8,153.6,134.8,147.8,
2009-01-01,,210.1,,156.4,153.6,,214.7,,163.0,152.6,,,,,,231.7,,142.7,248.0,,206.4,,105.8,100.0,,214.2,,103.1,100.0,,166.1,,172.7,65.2,,199.3,,,100.0,,293.5,,100.0,100.0,,162.5,,399.2,,,210.3,,127.8,162.3,,201.7,,183.1,149.7,,,,149.4,,156.0,130.8,,143.9,,174.5,140.6,,276.6,,212.7,199.4,,,,,,191.9,,208.0,183.8,,,,,,182.4,,139.7,,,209.5,,138.6,166.3,261.4,153.4,202.6,122.9,107.1,137.3,255.6,169.2,175.0,57.8,155.5,136.8,147.3,
2009-02-01,,201.0,,151.5,154.2,,193.3,,156.7,153.3,,,,,,218.0,,136.8,243.7,,210.4,,105.8,100.0,,174.9,,103.1,100.0,,151.2,,164.7,66.8,,199.4,,,100.0,,281.4,,100.0,100.0,,183.0,,379.8,,,235.2,,125.6,162.2,,200.8,,182.9,151.0,,,,153.1,,156.0,131.1,,145.3,,174.5,142.5,,260.5,,211.4,199.4,,,,,,188.8,,208.5,183.8,,,,,,183.8,,139.7,,,209.7,,142.3,166.4,271.5,153.4,205.2,122.9,100.3,136.9,254.4,164.1,175.0,46.1,155.9,137.2,144.6,
2009-03-01,,193.5,,150.7,152.8,,179.8,,156.4,152.0,,,,,,220.5,,132.7,242.1,,210.3,,105.8,100.0,,165.0,,103.1,100.0,,128.6,,165.5,65.8,,202.9,,,100.0,,271.1,,100.0,100.0,,187.6,,419.2,,,231.9,,123.8,160.4,,201.8,,184.9,153.6,,,,152.8,,156.0,131.2,,147.3,,174.5,145.9,,278.8,,212.5,199.4,,,,,,187.3,,214.5,183.8,,,,,,186.0,,139.7,,,208.2,,145.7,172.9,272.2,153.4,205.5,122.9,98.2,142.1,256.4,159.9,175.0,42.5,156.1,137.2,144.6,
2009-04-01,,188.2,,141.2,149.4,,170.2,,143.1,148.3,,,,,,210.8,,124.9,229.2,,211.2,,105.8,100.0,,161.9,,103.1,100.0,,115.7,,157.9,64.5,,217.0,,,100.0,,231.2,,100.0,100.0,,190.4,,327.4,,,226.8,,121.5,160.4,,202.5,,183.9,148.4,,,,155.5,,156.0,130.7,,149.6,,174.5,137.7,,280.5,,214.1,199.4,,,,,,185.8,,205.7,183.8,,,,,,189.0,,139.7,,,207.9,,147.7,173.7,262.0,139.2,206.2,122.9,94.6,145.1,254.3,160.4,175.0,36.2,160.5,137.2,145.0,
2009-05-01,,181.4,,148.0,148.9,,160.2,,153.8,147.8,,,,,,213.4,,128.4,220.7,,205.8,,105.8,100.0,,145.0,,103.1,100.0,,101.8,,158.0,65.7,,223.7,,,100.0,,249.5,,100.0,100.0,,189.1,,434.9,,,226.8,,120.7,160.4,,201.8,,180.1,154.6,,,,155.9,,156.0,130.6,,149.6,,174.5,147.6,,275.4,,213.2,199.4,,,,,,186.8,,189.4,183.8,,,,,,188.7,,139.7,,,207.0,,146.0,173.1,278.3,139.2,202.8,122.9,94.6,150.2,254.6,164.4,175.0,36.2,160.5,137.2,145.0,
2009-06-01,,179.9,,142.3,148.8,,157.6,,145.7,147.7,,,,,,213.6,,123.0,215.1,,205.3,,105.8,100.0,,162.8,,94.5,100.0,,87.0,,157.6,66.8,,223.7,,,100.0,,252.2,,100.0,95.4,,189.1,,388.0,,,227.9,,119.6,160.4,,200.2,,179.2,150.9,,,,158.3,,156.0,129.2,,150.1,,174.5,142.2,,273.0,,212.0,199.4,,,,,,184.0,,183.7,183.8,,,,,,188.7,,139.7,,,202.9,,149.6,173.2,280.3,139.2,202.4,122.9,94.6,153.0,254.9,157.4,175.0,36.2,160.9,137.2,145.0,
2009-07-01,,183.7,,136.7,148.4,,161.3,,137.3,147.1,,,,,,199.9,,112.1,209.1,,209.4,,105.8,100.0,,185.0,,86.8,100.0,,87.9,,155.7,67.4,,228.2,,,100.0,,249.8,,100.0,95.4,,189.1,,396.3,,,240.8,,119.4,162.2,,200.0,,178.4,157.9,,,,157.2,,156.0,127.3,,150.7,,174.5,153.8,,273.8,,212.9,199.4,,,,,,181.7,,181.9,183.8,,,,,,188.7,,139.7,,,203.0,,146.2,173.7,265.6,179.7,204.9,122.9,97.2,154.1,256.3,142.5,175.0,40.7,161.2,137.5,145.0,
2009-08-01,,183.8,,135.1,148.0,,161.4,,134.1,145.6,,,,,,198.9,,106.6,208.1,,209.6,,105.8,100.0,,173.2,,86.8,103.5,,94.2,,152.8,64.7,,240.4,,,100.0,,231.2,,100.0,100.1,,186.3,,413.6,,,240.8,,120.6,162.2,,200.7,,176.7,173.3,,,,157.7,,156.0,125.0,,150.5,,174.5,179.5,,274.9,,212.9,199.4,,,,,,180.5,,174.1,165.5,,,,,,192.7,,139.7,,,202.7,,146.3,173.7,284.9,179.7,205.2,122.9,104.8,154.6,257.2,141.3,175.0,45.2,163.1,137.5,140.1,
2009-09-01,,184.0,,132.3,143.8,,163.8,,129.9,140.0,,,,,,191.2,,102.2,207.6,,207.3,,105.8,100.0,,192.8,,75.6,92.9,,91.3,,152.8,62.6,,240.4,,,100.0,,243.0,,100.0,100.1,,186.3,,408.7,,,234.4,,120.6,162.2,,198.7,,176.0,169.4,,,,157.8,,156.0,123.8,,151.6,,174.5,173.9,,247.2,,212.9,199.4,,,,,,178.7,,174.3,165.5,,,,,,192.5,,139.7,,,202.8,,146.3,173.1,290.2,179.7,203.3,122.9,146.7,154.7,255.7,141.3,175.0,78.3,162.8,137.6,140.1,
2009-10-01,,186.2,,137.1,146.7,,166.2,,136.8,142.6,,,,,,202.2,,110.8,216.4,,209.9,,105.8,100.0,,178.1,,82.4,98.8,,101.7,,152.8,61.6,,233.0,,,100.0,,211.5,,100.0,100.1,,192.6,,406.2,,,231.8,,121.4,161.9,,199.2,,175.6,171.8,,,,158.9,,156.0,122.9,,151.7,,174.5,177.7,,249.1,,211.0,199.4,,,,,,178.7,,173.1,178.6,,,,,,192.5,,139.7,,,202.0,,146.0,173.1,269.7,188.9,205.9,122.9,177.6,154.8,257.0,149.9,175.0,102.7,164.0,137.6,140.0,
2009-11-01,,190.2,,142.6,151.4,,170.4,,144.1,147.4,,,,,,205.8,,120.5,219.1,,213.6,,105.8,100.0,,173.3,,89.1,98.8,,109.6,,154.1,65.9,,232.1,,,100.0,,239.9,,100.0,100.1,,192.6,,396.8,,,236.9,,123.6,161.9,,199.6,,175.1,169.3,,,,159.4,,156.0,123.0,,156.1,,174.5,173.8,,248.3,,211.0,199.4,,,,,,177.1,,169.5,178.6,,,,,,192.2,,139.7,,,201.9,,146.0,173.1,284.0,188.9,209.5,122.9,189.9,155.6,263.8,152.7,175.0,112.5,164.0,137.6,140.0,
2009-12-01,,194.5,,145.0,150.8,,176.4,,147.0,146.1,,,,,,210.7,,120.8,226.1,,217.0,,105.8,100.0,,172.6,,94.3,98.8,,117.8,,154.1,63.3,,231.9,,,100.0,,275.2,,100.0,100.1,,198.2,,430.7,,,228.8,,125.2,164.2,,198.7,,174.7,176.4,,,,159.2,,156.0,122.5,,156.1,,174.5,185.3,,243.9,,211.6,199.4,,,,,,174.7,,167.3,181.2,,,,,,192.9,,139.7,,,202.1,,146.0,173.1,280.0,188.9,213.2,122.9,207.8,155.4,270.1,160.9,175.0,126.6,164.0,137.6,140.0,
2010-01-01,,191.7,,142.9,146.8,,174.5,,142.7,141.4,,,,,,189.3,,120.8,192.6,,211.9,,105.8,100.0,,176.6,,102.6,98.8,,121.6,,157.7,65.0,,230.6,,,100.0,,273.7,,100.0,100.1,,191.7,,367.2,,,232.4,,127.2,163.6,,198.1,,175.7,191.6,,,,159.6,,156.0,123.3,,156.3,,174.5,209.0,,244.5,,211.6,199.4,,,,,,172.8,,166.9,186.4,,,,,,193.3,,139.7,,,199.2,,146.2,173.1,287.8,198.2,208.2,122.9,220.8,154.4,258.4,164.9,175.0,136.9,162.2,137.6,140.0,
2010-02-01,,188.1,,144.5,147.5,,167.2,,144.4,142.8,,,,,,181.7,,118.2,191.1,,214.1,,105.8,100.0,,153.9,,111.9,99.2,,121.1,,163.2,66.6,,234.6,,,100.0,,286.5,,100.0,100.1,,197.8,,412.3,,,228.5,,128.7,158.1,,198.3,,174.8,187.8,,,,159.7,,156.0,124.8,,161.2,,174.5,202.9,,242.9,,210.5,199.4,,,,,,171.8,,166.7,176.2,,,,,,193.3,,139.7,,,198.9,,146.3,172.9,285.5,198.2,209.9,122.9,216.9,154.5,258.2,165.2,175.0,133.8,162.3,137.6,140.0,
2010-03-01,,187.4,,142.3,148.6,,165.0,,140.4,143.7,,,,,,178.4,,114.2,189.2,,216.3,,105.8,100.0,,149.2,,104.1,99.2,,120.8,,163.2,67.9,,234.6,,,100.0,,283.4,,100.0,100.1,,202.6,,403.9,,,228.0,,130.0,156.7,,198.7,,174.8,172.3,,,,161.4,,156.0,123.3,,165.6,,174.5,178.6,,242.7,,211.1,199.4,,,,,,171.2,,165.3,178.6,,,,,,194.2,,139.7,,,198.6,,145.7,173.5,283.6,198.2,211.3,122.9,232.2,160.3,253.0,163.7,175.0,145.9,163.6,137.6,140.0,
2010-04-01,,187.2,,140.2,148.4,,164.7,,136.1,143.0,,,,,,184.0,,113.3,189.2,,215.6,,105.8,100.0,,163.1,,104.1,98.8,,108.0,,168.8,67.3,,252.3,,,100.0,,281.9,,100.0,100.1,,202.3,,353.1,,,228.7,,131.8,158.5,,199.0,,174.5,147.6,,,,161.6,,156.0,123.1,,166.4,,174.5,139.6,,244.5,,211.2,199.4,,,,,,169.4,,164.6,168.2,,,,,,192.6,,139.7,,,198.4,,145.6,173.8,268.0,198.2,211.1,122.9,249.3,162.2,253.8,165.1,175.0,159.4,162.9,137.7,140.1,
2010-05-01,,182.0,,142.9,151.5,,152.3,,140.3,145.7,,,,,,182.3,,117.5,189.2,,217.4,,105.8,100.0,,149.0,,85.5,98.8,,91.3,,168.6,70.0,,252.0,,,100.0,,290.2,,100.0,100.1,,202.3,,372.8,,,247.3,,131.8,156.6,,199.1,,173.1,143.5,,,,161.5,,156.0,123.1,,169.5,,174.5,133.2,,244.6,,211.2,199.4,,,,,,166.7,,156.3,160.3,,,,,,192.5,,139.7,,,198.8,,145.7,175.0,259.6,198.2,212.3,122.9,285.5,164.3,252.0,161.8,175.0,188.0,162.9,137.7,140.1,
2010-06-01,,182.6,,141.2,147.6,,153.8,,137.0,141.0,,,,,,178.1,,113.6,185.5,,217.9,,105.8,100.0,,169.5,,85.5,95.3,,85.0,,164.0,67.1,,256.3,,,100.0,,283.5,,100.0,100.1,,202.3,,372.0,,,237.6,,133.4,159.5,,198.7,,173.0,147.3,,,,161.3,,156.0,125.0,,166.8,,174.5,138.5,,243.4,,211.0,199.4,,,,,,167.0,,155.6,169.5,,,,,,192.5,,139.7,,,198.5,,146.6,175.0,264.4,198.2,213.0,122.9,289.9,165.2,254.6,162.5,175.0,191.5,162.9,137.7,140.1,
2010-07-01,,184.1,,146.9,143.3,,154.2,,146.3,136.2,,,,,,178.4,,125.3,188.8,,217.5,,105.8,100.0,,168.7,,84.2,95.3,,84.4,,165.0,61.7,,261.1,,,100.0,,306.4,,100.0,100.1,,191.9,,372.0,,,263.2,,132.2,159.5,,198.1,,170.9,154.0,,,,161.6,,156.0,128.3,,166.8,,174.5,148.1,,243.2,,211.0,199.4,,,,,,166.1,,149.9,168.1,,,,,,190.5,,139.7,,,196.6,,143.9,175.0,264.4,197.5,212.4,122.9,293.3,161.3,254.6,162.5,175.0,194.1,162.9,137.7,140.3,
2010-08-01,,186.4,,154.1,142.2,,160.3,,157.4,135.1,,,,,,197.5,,139.2,188.8,,215.4,,105.8,100.0,,157.9,,84.2,95.3,,93.4,,167.6,60.5,,263.5,,,100.0,,312.4,,100.0,100.1,,164.9,,371.8,,,256.5,,131.8,159.5,,198.0,,171.7,154.0,,,,162.3,,156.0,128.1,,166.8,,174.5,148.1,,243.3,,212.8,199.4,,,,,,166.9,,149.9,173.4,,,,,,190.5,,139.7,,,196.6,,143.9,175.0,272.6,201.9,210.6,122.9,295.1,159.0,254.5,162.5,175.0,195.6,162.9,137.7,140.3,
2010-09-01,,183.8,,155.1,142.1,,156.4,,158.8,134.8,,,,,,203.1,,140.0,188.8,,215.2,,105.8,100.0,,140.6,,84.2,95.3,,90.3,,167.0,60.3,,268.0,,,100.0,,340.2,,100.0,100.1,,170.3,,381.7,,,256.5,,132.2,159.7,,198.6,,171.2,154.4,,,,162.7,,156.0,128.5,,166.7,,174.5,148.1,,244.3,,213.5,199.4,,,,,,168.2,,146.6,191.6,,,,,,190.5,,139.7,,,197.0,,145.6,175.0,258.5,203.9,209.6,122.9,298.5,151.0,251.2,165.2,175.0,198.3,162.9,137.7,140.3,
2010-10-01,,186.4,,153.5,141.6,,161.0,,156.1,134.3,,,,,,203.7,,140.0,188.8,,216.2,,105.8,100.0,,124.6,,84.2,95.3,,105.4,,163.9,59.8,,271.1,,,100.0,,373.6,,100.0,100.1,,173.8,,346.9,,,255.6,,132.6,157.9,,199.0,,172.6,153.7,,,,162.2,,156.0,124.2,,166.9,,174.5,148.1,,245.7,,213.5,199.4,,,,,,170.3,,148.7,191.6,,,,,,190.9,,139.7,,,198.6,,145.7,175.0,298.0,203.9,209.8,122.9,301.1,144.6,250.8,165.2,175.0,200.3,163.2,137.7,140.3,257.23
2010-11-01,,189.7,,153.6,141.5,,164.9,,155.2,134.3,,,,,,205.5,,138.4,188.8,,219.5,,105.8,100.0,,112.2,,74.3,95.3,,118.8,,163.9,59.7,,273.0,,,100.0,,369.8,,100.0,100.1,,177.6,,356.5,,,256.2,,134.8,157.9,,200.8,,173.9,155.5,,,,163.2,,156.0,129.4,,167.2,,174.5,149.4,,253.0,,216.5,199.4,,,,,,175.5,,149.0,191.6,,,,,,190.9,,139.7,,,199.9,,145.5,175.5,281.7,198.1,212.9,122.9,301.1,145.4,250.8,175.1,175.0,200.3,163.0,137.7,140.3,264.046
2010-12-01,,194.5,,157.5,141.3,,170.6,,159.1,134.1,,,,,,210.8,,138.4,188.8,,224.3,,105.8,100.0,,115.5,,92.4,95.3,,125.9,,167.4,59.5,,272.8,,,100.0,,375.0,,100.0,100.1,,171.9,,399.5,,,255.7,,138.7,157.9,,200.9,,174.5,154.8,,,,161.8,,156.0,126.0,,167.2,,174.5,149.4,,260.3,,217.9,199.4,,,,,,174.4,,148.8,184.0,,,,,,190.9,,139.7,,,200.1,,145.1,175.4,271.8,198.4,217.2,122.9,299.8,146.1,258.7,171.6,175.0,199.3,163.0,137.7,140.3,274.027
2011-01-01,,192.7,,156.8,141.6,,166.0,,156.6,134.1,,,,,,218.7,,138.4,188.8,,226.2,,105.8,100.0,,112.6,,79.0,95.3,,114.8,,168.3,59.6,,271.7,,,100.0,,375.8,,100.0,100.1,,169.6,,370.9,,,256.0,,141.5,159.7,,201.0,,174.6,155.2,,,,162.1,,156.0,129.0,,168.4,,174.5,149.4,,271.3,,218.8,199.4,,,,,,174.9,,149.0,184.0,,,,,,190.9,,139.7,,,198.4,,145.5,173.8,271.8,198.4,218.9,122.9,306.2,146.4,253.6,188.2,175.0,204.4,163.4,137.7,140.5,288.838
2011-02-01,,194.6,,158.9,142.3,,166.6,,156.6,134.8,,,,,,224.3,,138.4,188.8,,230.6,,105.8,100.0,,115.7,,73.3,95.3,,113.0,,171.0,60.2,,271.3,,,100.0,,360.7,,100.0,100.1,,169.6,,373.4,,,255.9,,147.7,159.7,,203.3,,173.5,163.9,,,,165.5,,156.0,134.9,,180.1,,174.5,160.3,,276.0,,218.1,199.4,,,,,,176.3,,149.3,219.7,,,,,,190.5,,139.7,,,199.6,,138.6,173.8,278.6,197.8,222.8,122.9,308.8,146.2,250.5,208.5,175.0,206.4,163.8,138.8,140.5,302.951
2011-03-01,,192.4,,158.9,143.3,,163.5,,156.0,135.8,,,,,,223.6,,138.4,188.8,,229.1,,105.8,100.0,,121.3,,90.8,95.3,,105.4,,173.3,61.3,,273.7,,,100.0,,331.7,,100.0,100.1,,169.2,,356.4,,,254.7,,148.7,158.3,,204.4,,175.3,163.9,,,,166.1,,156.0,133.1,,180.4,,174.5,160.3,,281.7,,217.0,199.4,,,,,,180.0,,158.3,219.7,,,,,,190.7,,139.7,,,200.8,,135.7,173.9,278.6,207.0,221.9,122.9,316.5,148.3,251.0,208.6,175.0,212.5,164.4,138.9,140.6,357.361
2011-04-01,,191.1,,159.2,141.3,,160.4,,156.7,133.5,,,,,,228.1,,139.4,188.8,,229.4,,105.8,100.0,,127.9,,86.0,95.3,,92.2,,174.4,58.9,,289.2,,,100.0,,320.6,,100.0,100.1,,164.5,,354.9,,,255.6,,148.6,158.3,,205.8,,174.5,148.0,,,,166.3,,156.0,133.0,,172.6,,174.5,135.1,,278.3,,216.2,199.4,,,,,,185.5,,155.3,222.5,,,,,,195.9,,139.7,,,203.8,,133.3,174.4,304.3,209.8,222.9,122.9,321.6,151.8,255.4,207.8,175.0,216.5,164.6,138.9,141.9,362.401
2011-05-01,,194.4,,160.3,140.5,,165.9,,157.5,132.3,,,,,,236.6,,139.3,190.1,,230.6,,105.8,100.0,,144.2,,81.9,95.3,,90.5,,176.6,57.5,,286.1,,,100.0,,331.7,,100.0,100.1,,179.6,,368.7,,,255.6,,149.9,158.3,,208.6,,173.7,142.2,,,,166.7,,156.0,133.0,,169.3,,174.5,125.9,,272.6,,216.7,199.4,,,,,,189.8,,149.0,222.5,,,,,,197.2,,139.7,,,209.9,,132.9,174.7,297.6,213.1,223.4,122.9,334.4,153.4,249.3,212.1,175.0,226.6,165.8,139.1,141.9,372.854
2011-06-01,,192.0,,154.9,140.4,,160.4,,149.4,132.2,,,,,,231.8,,130.6,189.7,,231.7,,105.8,100.0,,146.3,,90.8,95.3,,80.3,,176.8,57.4,,286.6,,,100.0,,333.7,,100.0,100.1,,184.0,,348.8,,,256.6,,149.8,158.3,,210.5,,174.5,151.0,,,,167.8,,156.0,133.8,,174.1,,174.5,139.7,,270.4,,216.6,199.4,,,,,,192.4,,152.4,222.5,,,,,,197.3,,139.7,,,211.5,,132.8,174.7,303.3,213.1,225.0,122.9,334.4,153.1,250.6,224.8,175.0,226.6,165.8,139.1,141.9,364.037
2011-07-01,,195.6,,154.3,141.5,,161.9,,148.8,133.4,,,,,,238.0,,129.5,189.7,,234.5,,105.8,100.0,,138.3,,90.8,95.3,,84.6,,181.6,58.7,,290.0,,,100.0,,331.7,,100.0,100.1,,180.5,,351.3,,,282.2,,149.1,158.3,,210.6,,175.4,157.5,,,,168.1,,156.0,129.3,,177.9,,174.5,151.2,,269.4,,217.1,199.4,,,,,,189.9,,152.3,222.5,,,,,,197.9,,139.7,,,211.2,,132.8,175.3,310.7,213.1,227.8,122.9,334.4,153.1,255.7,227.8,175.0,226.6,165.8,140.2,141.9,364.055
2011-08-01,,199.8,,155.1,142.2,,166.1,,150.0,134.2,,,,,,247.1,,129.6,191.1,,241.3,,105.8,100.0,,140.9,,102.3,95.3,,88.5,,181.6,59.2,,284.1,,,100.0,,330.4,,100.0,100.1,,180.5,,361.3,,,282.2,,149.1,158.3,,212.3,,177.3,158.2,,,,169.6,,156.0,130.8,,179.3,,174.5,151.7,,268.8,,217.8,199.4,,,,,,191.5,,154.8,229.9,,,,,,199.9,,139.7,,,214.0,,132.8,175.3,309.2,213.1,232.7,122.9,334.4,153.3,253.7,227.4,175.0,226.6,165.9,140.2,141.9,375.51
2011-09-01,,203.5,,151.5,140.5,,171.9,,144.6,132.3,,,,,,257.3,,122.0,191.1,,243.6,,105.8,100.0,,145.9,,111.4,95.3,,91.6,,179.4,57.3,,290.5,,,100.0,,337.9,,100.0,100.1,,180.5,,366.2,,,282.2,,148.9,158.3,,216.0,,178.5,159.1,,,,171.2,,156.0,129.8,,182.0,,174.5,151.7,,261.0,,217.7,199.4,,,,,,195.6,,157.5,229.9,,,,,,199.9,,139.7,,,213.1,,132.8,175.3,309.2,213.1,234.2,122.9,334.4,153.3,251.1,229.1,175.0,226.6,165.9,140.2,141.9,377.455
2011-10-01,,210.5,,154.2,141.6,,180.2,,146.7,133.6,,,,,,266.5,,122.0,191.1,,251.3,,105.8,100.0,,158.6,,139.3,95.3,,96.2,,179.4,58.6,,288.6,,,100.0,,363.0,,100.0,100.1,,181.1,,382.3,,,281.9,,153.1,158.3,,216.9,,180.2,160.1,,,,172.0,,156.0,128.2,,183.1,,174.5,154.1,,261.2,,217.5,199.4,,,,,,196.0,,157.5,229.9,,,,,,199.9,,139.7,,,214.1,,133.9,175.3,298.1,222.0,240.2,122.9,329.3,153.8,252.8,228.1,175.0,222.6,168.1,140.2,141.9,394.0
2011-11-01,,212.6,,154.1,141.7,,179.4,,146.8,133.6,,,,,,272.6,,122.4,191.1,,257.9,,105.8,100.0,,136.6,,139.3,95.3,,103.0,,179.4,58.6,,287.6,,,100.0,,374.1,,100.0,100.1,,196.8,,379.8,,,281.7,,152.5,158.3,,217.7,,182.2,156.7,,,,172.8,,156.0,127.4,,182.2,,174.5,149.3,,257.8,,218.1,199.4,,,,,,199.0,,163.7,229.9,,,,,,200.4,,139.7,,,215.7,,133.9,175.3,311.2,221.9,246.8,122.9,331.8,155.3,260.1,242.8,175.0,224.6,168.2,140.2,141.9,430.9
2011-12-01,,217.4,,154.0,140.6,,184.2,,147.0,132.5,,,,,,287.4,,121.9,191.1,,264.6,,105.8,100.0,,136.8,,139.3,95.3,,105.8,,198.1,57.5,,286.5,,,100.0,,377.2,,100.0,100.1,,196.8,,379.0,,,281.7,,151.9,158.3,,221.4,,182.6,156.1,,,,172.7,,156.0,124.5,,182.2,,174.5,149.3,,261.8,,217.2,199.4,,,,,,200.6,,166.7,229.9,,,,,,200.4,,139.7,,,224.8,,133.9,175.3,304.5,249.2,252.4,122.9,331.8,156.4,267.6,237.0,175.0,224.6,168.7,140.2,141.9,469.3
2012-01-01,,208.0,,154.2,141.5,,174.9,,147.5,133.5,,,,,,283.1,,122.1,191.1,,249.9,,105.8,100.0,,118.3,,149.3,95.3,,98.8,,196.6,58.4,,288.4,,,100.0,,382.3,,100.0,100.1,,196.0,,379.4,,,280.5,,151.4,158.3,,223.0,,181.8,154.7,,,,173.3,,156.0,128.3,,181.1,,174.5,145.6,,271.1,,216.9,199.4,,,,,,204.2,,163.2,235.0,,,,,,200.4,,139.7,,,227.0,,133.9,175.3,304.6,281.6,241.5,122.9,331.8,160.2,262.8,243.8,175.0,224.6,168.2,140.2,141.9,466.8
2012-02-01,,203.6,,154.4,141.1,,171.8,,148.3,132.5,,,,,,274.3,,123.1,191.1,,240.7,,105.8,100.0,,121.3,,143.3,95.3,,95.6,,196.6,57.5,,283.0,,,100.0,,380.1,,100.0,100.1,,198.9,,383.5,,,282.2,,150.5,168.1,,225.5,,180.7,156.1,,,,174.5,,156.0,134.3,,185.9,,174.5,145.8,,269.7,,218.5,199.4,,,,,,206.3,,161.1,245.2,,,,,,200.4,,139.7,,,228.6,,134.9,175.3,312.4,285.8,234.4,122.9,321.5,170.2,254.6,241.9,175.0,216.4,168.3,140.2,141.9,541.6
2012-03-01,,200.3,,153.5,139.2,,171.7,,147.7,130.4,,,,,,264.9,,121.7,191.1,,228.7,,105.8,100.0,,124.8,,183.5,95.3,,95.4,,196.6,55.3,,290.8,,,100.0,,400.4,,100.0,100.1,,198.9,,372.1,,,282.2,,148.8,168.1,,224.0,,181.5,154.9,,,,175.0,,156.0,134.3,,187.1,,174.5,144.2,,273.3,,222.4,199.4,,,,,,206.2,,159.3,240.1,,,,,,201.5,,139.7,,,229.3,,134.9,175.3,308.7,285.8,226.2,122.9,321.5,176.0,258.7,240.5,175.0,216.4,169.4,140.2,142.3,491.1
2012-04-01,,199.2,,154.0,138.9,,172.1,,147.9,129.9,,,,,,249.1,,121.8,191.1,,223.1,,105.8,100.0,,137.6,,171.4,95.3,,91.3,,205.2,54.9,,320.5,,,100.0,,415.3,,100.0,100.1,,200.7,,375.5,,,283.1,,150.0,168.1,,225.7,,180.1,149.2,,,,177.8,,156.0,145.7,,183.3,,174.5,131.7,,288.0,,219.4,199.4,,,,,,204.8,,159.5,240.1,,,,,,201.5,,139.7,,,229.7,,132.3,174.9,315.2,285.8,222.8,122.9,326.6,185.6,261.1,233.9,175.0,220.5,168.8,140.2,142.3,468.6
2012-05-01,,197.7,,155.5,145.1,,169.7,,150.3,136.6,,,,,,257.6,,122.2,191.1,,222.5,,105.8,100.0,,126.3,,215.0,95.3,,89.4,,205.2,61.7,,316.2,,,100.0,,419.6,,100.0,100.1,,184.8,,383.0,,,283.7,,149.9,168.1,,226.2,,181.5,149.1,,,,179.1,,156.0,146.1,,183.3,,174.5,131.7,,294.8,,221.1,199.4,,,,,,203.7,,164.7,235.0,,,,,,204.0,,139.7,,,230.1,,131.1,174.9,320.6,285.8,222.3,122.9,331.6,186.3,262.1,229.8,175.0,224.4,168.9,140.2,142.3,502.2
2012-06-01,,196.2,,155.1,146.7,,167.4,,149.9,138.4,,,,,,268.6,,122.6,191.1,,221.2,,105.8,100.0,,124.1,,173.0,95.3,,80.7,,207.0,63.4,,318.3,,,100.0,,424.0,,100.0,100.1,,189.5,,391.4,,,283.9,,149.6,168.1,,226.7,,181.4,152.2,,,,179.7,,156.0,150.3,,184.5,,174.5,135.2,,293.1,,220.4,199.4,,,,,,201.7,,164.7,235.0,,,,,,204.0,,139.7,,,230.8,,131.2,175.5,300.2,285.8,221.5,122.9,331.6,183.9,266.1,228.0,175.0,224.4,169.0,140.2,142.6,419.5
2012-07-01,,201.5,,157.3,144.2,,176.5,,154.1,135.6,,,,,,303.8,,126.6,191.1,,223.0,,105.8,100.0,,122.5,,173.0,95.3,,82.1,,207.0,60.6,,321.3,,,100.0,,457.6,,100.0,100.1,,191.4,,405.4,,,283.9,,147.9,168.1,,227.4,,179.4,157.5,,,,179.6,,156.0,148.6,,188.8,,174.5,143.4,,296.4,,222.6,199.4,,,,,,200.4,,166.6,255.4,,,,,,206.8,,139.7,,,231.6,,131.2,176.8,334.9,285.8,222.3,122.9,334.4,181.9,264.9,222.1,175.0,226.6,169.0,140.2,142.6,422.3
2012-08-01,,208.4,,157.8,146.1,,179.6,,156.0,137.6,,,,,,299.6,,127.3,191.1,,236.2,,105.8,100.0,,122.2,,177.3,95.3,,87.8,,207.0,62.6,,321.0,,,100.0,,501.6,,100.0,100.1,,198.2,,422.4,,,310.6,,145.7,168.1,,231.4,,181.8,151.7,,,,179.4,,156.0,147.6,,184.1,,174.5,134.4,,298.3,,225.7,199.4,,,,,,205.0,,172.0,250.3,,,,,,206.9,,139.7,,,232.5,,133.0,177.0,312.0,304.2,231.3,122.9,334.4,178.3,260.0,220.7,175.0,226.6,169.1,140.5,142.9,426.1
2012-09-01,,214.1,,160.1,147.2,,182.7,,159.9,138.9,,,,,,295.8,,132.0,191.1,,249.3,,105.8,100.0,,127.8,,177.3,95.3,,92.4,,209.3,63.9,,322.1,,,100.0,,502.8,,100.0,100.1,,198.2,,422.4,,,312.1,,145.1,168.1,,237.8,,180.7,148.2,,,,179.4,,156.0,146.0,,181.6,,174.5,129.8,,302.4,,223.5,199.4,,,,,,211.0,,167.9,240.1,,,,,,209.0,,139.7,,,248.1,,133.6,177.3,315.4,304.2,241.3,122.9,334.4,179.9,261.2,219.1,175.0,226.6,169.2,140.5,142.9,442.0
2012-10-01,,223.7,,161.8,145.0,,197.0,,160.8,135.0,,,,,,297.4,,132.7,191.1,,254.5,,105.8,100.0,,165.2,,151.6,95.3,,100.5,,214.6,60.0,,322.5,,,100.0,,495.8,,100.0,100.1,,198.2,,437.0,,,312.1,,148.2,168.1,,240.6,,181.4,154.4,,,,182.8,,156.0,149.2,,185.9,,174.5,137.7,,305.4,,223.2,199.4,,,,,,215.2,,171.3,260.5,,,,,,205.9,,139.7,,,252.5,,133.6,177.3,315.7,304.2,245.8,122.9,396.4,178.7,260.5,235.8,175.0,275.7,171.4,140.5,142.9,472.7
2012-11-01,,225.2,,163.4,147.0,,197.5,,163.5,137.2,,,,,,299.9,,133.4,191.1,,255.4,,105.8,100.0,,149.1,,172.0,95.3,,108.9,,214.6,62.2,,318.9,,,100.0,,505.4,,100.0,100.1,,202.8,,455.7,,,312.1,,147.9,168.1,,241.9,,181.4,152.8,,,,184.4,,156.0,154.7,,184.1,,174.5,134.4,,307.0,,223.1,199.4,,,,,,216.9,,170.3,235.0,,,,,,205.9,,139.7,,,253.6,,133.6,177.3,317.0,335.7,248.8,122.9,396.4,179.0,279.3,239.1,175.0,275.7,171.1,140.5,142.9,503.7
2012-12-01,,224.3,,163.6,148.9,,197.2,,163.3,139.2,,,,,,279.2,,131.1,191.1,,249.6,,105.8,100.0,,159.3,,187.1,95.3,,113.8,,214.6,64.2,,318.5,,,100.0,,470.6,,100.0,100.1,,202.8,,472.1,,,314.5,,148.7,168.1,,241.7,,181.9,152.7,,,,185.1,,156.0,154.7,,184.2,,174.5,134.4,,305.1,,224.2,199.4,,,,,,215.8,,170.7,229.9,,,,,,205.9,,139.7,,,253.5,,133.9,177.2,313.7,335.7,246.8,122.9,396.4,179.5,296.3,248.2,175.0,275.7,171.4,141.5,143.5,491.1
