feature,mean_abs_shap
food_index_std12,1.1529218080285275
PI201135_std12,0.3937049318360934
BDI_Low_variance_std12,0.3400068618367604
Inflation (%)_roll3,0.3242640961981041
PI101125_roll12,0.2538081244336289
food_index_std6,0.2519891075693155
PI101125_roll6,0.23745110761377197
PI101002_std12,0.2056342425533945
PI201053,0.20080062974134338
Inflation (%)_roll6,0.17212971147053666
PI101125_lag6,0.1408265013628865
EUR_range_roll6,0.13672716332895785
EUR_median_lag12,0.12110013923768564
USD_std_std12,0.11518632385242643
PI101161,0.1057026531608054
Imported Tradeables Index_roll12,0.09861563863912451
GBP_range_std12,0.08792952681926942
PI101154_lag12,0.07785996342020657
PI101105_roll3,0.07291140590603244
EUR_mean_lag12,0.07290603052418217
Maize_Thousand Hectares_2_lag6,0.07113176080988164
GBP_mean_lag12,0.06190746719252104
PI201132_std12,0.05818299365388867
core_inflation_lag6,0.05682225647818353
GBP_range,0.05467785302260379
PI101124_lag6,0.054673706444137965
SDR_mean_std12,0.05357526566372649
BDI_High_variance_lag12,0.05209360176701135
PI201091*x*general_index,0.04980724762684957
BDI_Close_first_std12,0.04730972963054569
PI101122_lag3,0.04521200086702447
BDI_High_std_std12,0.04447230592523402
PI101004_lag6,0.04393157870668652
PI201113_lag12,0.042617117957288016
PI101143_roll6,0.04151615863659471
Pulses_metric tonnes_lag12,0.04129710930892359
BDI_Low_pct_change_roll12,0.039003956497925214
GBP_median_std12,0.03896582772034059
PI101004_lag12,0.038852815202488095
PI101161_roll3,0.037842468062687776
USD_mean_lag12,0.03765049294863468
PI201122_std12,0.03646105434269585
PI101154_lag3,0.0351071000090813
BDI_High_pct_change_std12,0.030505054018759317
BDI_Close_max_lag12,0.028801639358294565
PI201032_std12,0.028598559175988515
BDI_Low_pct_change_std3,0.028542785173178313
PI201071_roll6,0.026722675174622443
PI201053_std12,0.026513919410481486
ZAR_range_roll3,0.026325330963193477
PI101102_roll12,0.025230645636464953
BDI_Close_max_roll12,0.02452340567691565
PI101162_std6,0.02438277936250274
food_index_lag12,0.023136990813897598
PI201004_lag3,0.022192858681518476
general_index_std12,0.020874633005675634
PI101154_roll3,0.020235197146689927
PI101152_lag12,0.02003609400287852
PI101154_lag1,0.019884259126612777
PI101155_lag12,0.019611308666696102
PI201064_lag6,0.018789325671617448
PI101201_std12,0.01874699249288584
ZAR_range_lag12,0.018714827234510595
USD_range_std3,0.017612746590578942
PI101422_lag6,0.01702815928349954
Imported Tradeables Index_roll3,0.01685845478288151
BDI_Close_last_std12,0.01648166716235717
PI201111_lag12,0.01624715801954951
BDI_Low_pct_change_roll6,0.01602801042690247
BDI_Close_first_roll12,0.015758869536604818
PI101204_std6,0.015599151311107307
BDI_High_pct_change_trend,0.015578406679041994
GBP_mean_std12,0.015405637385575143
PI101445_lag1,0.015324510816637585
ZAR_median_lag12,0.014799410100628449
PI101124_lag3,0.01468164915914766
PI201101,0.014575736899641555
BDI_High_pct_change_std3,0.013907209021879764
PI101202_lag6,0.013795886657480582
food_index_pct_change,0.013244823266922778
Brent_USD_per_barrel*x*EUR_median,0.013142002820009173
PI201121_std12,0.012865181460071077
Sunflower_KG/HA_lag1,0.012685873214780074
PI201051,0.01266697628020334
BDI_Low_pct_change_std6,0.012636663700340724
PI101203_lag3,0.01242807603703554
PI201032_trend,0.012371613370192432
PI201051_std12,0.01233495857868146
PI201092_roll6,0.012290125665434522
GBP_mean_lag3,0.01221132907407425
BDI_Close_variance_roll6,0.01184529997462108
PI101204_std3,0.011835830019125127
PI201004,0.011768400520147056
SDR_median_std12,0.011572779136303314
Brent_USD_per_barrel*x*USD_mean,0.011230491123847665
ZAR_std,0.01103902499519188
YEN_std_roll3,0.010805083677748925
USD_range_std12,0.01073928046992956
YEN_std_lag2,0.010696234728231734
BDI_High_variance_lag3,0.010659284301478089
ZAR_range_std6,0.010280314338937708
PI953221*x*general_index,0.010160260481892348
PI101422_std12,0.010114937667481018
Sunflower_KG/HA_lag6,0.009986254068406376
YEN_median_lag6,0.009918975393609602
PI201032_pct_change,0.009823254329148637
PI101205_std6,0.009715982616348366
YEN_pct_change_std6,0.009713081901532377
Brent_USD_per_barrel_roll6,0.009677764964436482
YEN_mean_std3,0.009676345593164846
YEN_range,0.009347808912131609
Sunflower_metric tonnes_lag3,0.009139076031565703
PI101101_roll6,0.008825128455242323
PI101121_trend,0.008546568693931467
Month,0.008479142885556033
PI101005_roll6,0.008477770984480985
PI101141_roll6,0.008381470400661253
general_index_trend,0.0083479647655383
SDR_std_lag1,0.008319577656586011
Pulses_Thousand Hectares_lag2,0.008318388640569396
EUR_range_std12,0.008224385838539218
ZAR_median,0.008081257774756477
EUR_median_pct_change,0.007986300090535142
PI101124_std6,0.007942773820483457
BDI_Low_variance_lag3,0.007928544707189612
Pulses_Thousand Hectares_lag1,0.007783546443496636
BDI_High_pct_change_roll6,0.007728336788211423
EUR_median_std12,0.007699551323054809
Brent_USD_per_barrel*x*SDR_std,0.007635702824937865
BDI_High_range_std6,0.00749912081777194
Brent_USD_per_barrel_lag2,0.007384066269904105
PI101161_std6,0.007262989691223112
BDI_Close_count_std12,0.007220356561228249
BDI_High_median_std3,0.007155741436534948
food_index_trend,0.007039908554520675
EUR_pct_change_pct_change,0.007035555501489237
ZAR_pct_change_lag6,0.006823516291104318
PI201005_std3,0.006717121700534198
SDR_range_std3,0.0066334388175528025
PI101172_std6,0.006617177407128889
BDI_High_std_lag12,0.006604164780664201
YEN_pct_change_std3,0.00659666973892689
USD_mean_roll12,0.006504868670643363
Pulses_metric tonnes_lag6,0.006473190290132638
PI201111_std6,0.006461265872784326
SDR_median,0.006428025839905136
PI201063_roll3,0.0063708112654246385
USD_pct_change_roll3,0.006342467004731105
USD_mean_std6,0.006321793149262732
YEN_std_lag3,0.0063022920136852146
Pulses_KG/HA_lag1,0.0062126702633939586
Imported Tradeables Index_lag2,0.006178454918006188
PI101184_trend,0.006149607981994591
GBP_std,0.006142658525662619
Brent_USD_per_barrel*x*GBP_range,0.006096539476701268
PI201092_lag3,0.006075173410112708
Brent_USD_per_barrel*x*GBP_std,0.0059712374733043
PI201003_lag12,0.005892919826312093
Groundnuts_metric tonnes_lag6,0.005832062174473978
GBP_median_std3,0.005776315972834154
PI201004_std6,0.005770667748985144
YEN_range_lag12,0.005761718133985034
ZAR_std_lag12,0.005688900945764619
SDR_pct_change_roll12,0.005667672930811484
Sorghum_Thousand Hectares_2_lag2,0.005643932974660965
PI201132_std6,0.005583187376752899
PI201092_lag6,0.005567583849990293
PI201034_std12,0.005565095269917646
BDI_Low_pct_change_roll3,0.005524824422430564
SDR_std_std12,0.005482606209023134
SDR_mean,0.00548096630423528
EUR_pct_change_std3,0.005369969516709804
PI101205_roll12,0.005346875961344482
USD_mean_std12,0.005317892730702463
BDI_Low_range_std12,0.0053125692235450675
GBP_pct_change_lag2,0.005308089659315787
BDI_Low_variance_lag2,0.005307564402616399
Brent_USD_per_barrel_lag12,0.005302110020841895
GBP_pct_change_pct_change,0.005268621230776457
SDR_std_lag12,0.005263471689433999
BDI_Close_max_std3,0.0052536006008605755
YEN_pct_change_roll6,0.005168445893768466
YEN_mean_lag12,0.005143161624795763
Brent_USD_per_barrel*x*USD_range,0.0050682160221592314
PI201095_std12,0.005012189789733245
Sorghum_Thousand Hectares_lag3,0.00501111880945719
PI201034_std6,0.004933393798118224
BDI_Low_std_lag1,0.004932550076018952
PI919001_std12,0.0048874728611828875
USD_pct_change_roll6,0.004886713452197543
YEN_median_lag2,0.004875036975187435
YEN_range_std6,0.004832639196049021
GBP_range_roll12,0.004730266249060762
Sorghum_Thousand Hectares_2_lag3,0.004661620998460942
PI101105_lag6,0.004607297391216279
USD_std_lag6,0.004493544688811993
Brent_USD_per_barrel*x*ZAR_mean,0.004407775460871245
BDI_Close_min_std12,0.004287054377716259
GBP_std_roll12,0.004274087126865848
YEN_pct_change_std12,0.0042567398899556195
BDI_High_pct_change_lag12,0.004240682815737592
GBP_pct_change_lag6,0.0042256660249529645
PI101005_trend,0.004187559855181957
PI101154_lag6,0.004161714078030109
YEN_pct_change_lag1,0.004152616351690832
SDR_range_trend,0.004120516510883854
PI101201_lag12,0.0041142898796290885
ZAR_pct_change_lag12,0.004107817135945983
ZAR_mean_pct_change,0.004093786376981612
PI101132_std6,0.00409369673187855
YEN_pct_change_roll3,0.004074281096281169
PI101142_lag3,0.0040382666878193115
YEN_median_std6,0.0040136522274148625
PI101002_std6,0.004003372845733102
SDR_pct_change_roll3,0.003958994058244833
BDI_Close_min_roll12,0.003955558593822539
BDI_Close_pct_change_pct_change,0.003954390178978929
ZAR_std_std6,0.003923663381969405
USD_std_roll3,0.003923350841871034
GBP_mean_roll3,0.003921298830541581
Sunflower_KG/HA,0.003894609141253203
SDR_pct_change_std3,0.0038871515455888117
YEN_std,0.003879123025338063
PI101124_std12,0.003841450181917525
ZAR_pct_change_std12,0.003834998068835401
ZAR_median_lag3,0.003829624576304207
Brent_USD_per_barrel*x*YEN_mean,0.0037774106521342265
PI101142_lag12,0.003762940241137566
GBP_pct_change_std3,0.0037154532231324076
BDI_Close_first_lag6,0.0036505197343058675
Brent_USD_per_barrel*x*ZAR_range,0.0036335713378924718
PI201005_pct_change,0.003567160329694955
SDR_pct_change_roll6,0.0035641989979270554
PI201001_lag12,0.0035543888144725986
YEN_pct_change_lag2,0.0035092298803406302
PI101143_std6,0.003508749257067068
USD_range_lag6,0.003472027295253535
PI101442_std6,0.0034619330210028305
SDR_std_std3,0.0034398185608866022
GBP_range_lag6,0.0034373056012732893
BDI_Low_pct_change_trend,0.003423327321538091
GBP_range_std6,0.0034058879864380556
SDR_mean_std3,0.00335930128650694
BDI_Close_max_std6,0.0033518598389759907
PI101135_std12,0.00334563530914948
Sunflower_metric tonnes_lag2,0.0033214618794085706
PI101405_std12,0.003267377610771194
YEN_mean_roll6,0.003265313829167727
ZAR_std_std12,0.0032398544651620286
Millet_KG/HA,0.003237607712353366
BDI_High_min_trend,0.003224979349655572
EUR_mean_pct_change,0.0032183251352432473
ZAR_std_roll3,0.003210245914465876
USD_pct_change_std3,0.0032027381219303986
YEN_pct_change_lag6,0.003196890845850065
PI101205*x*general_index,0.003166285392133892
Groundnuts_metric tonnes_lag3,0.0031631692038237087
SDR_range_lag6,0.003142008299078389
YEN_range_roll3,0.003119719315458742
USD_median_std3,0.0031024760157929553
PI201091_lag12,0.003089464212922106
PI101405_std6,0.003081985765157874
BDI_High_range_lag12,0.0030448204453743513
PI101442_trend,0.00304380532512944
Brent_USD_per_barrel_roll3,0.0030218433735741926
Brent_USD_per_barrel_std12,0.003009568784276012
PI101153_lag6,0.002982774051511462
EUR_pct_change_std12,0.0029795199784057574
EUR_range_lag12,0.0029744983984852304
PI101005,0.0029683539871858755
PI101202_lag2,0.002965859305673497
Brent_USD_per_barrel*x*ZAR_pct_change,0.002953493285418145
PI201122_pct_change,0.0029430136231190533
Millet_KG/HA_lag2,0.002937755403375916
food_index_std3,0.0029099755513717035
Pulses_metric tonnes_lag2,0.0028986598041284787
BDI_Low_mean_lag6,0.0028955456425681144
BDI_Close_first_pct_change,0.002887489408298138
PI101105_trend,0.002877804187490729
USD_std_std3,0.0028528678684552242
PI101155_std6,0.002806428161756702
PI919001_std3,0.0028031360091090953
PI201032_std6,0.002791250670852876
PI201055_lag2,0.002759579091079571
PI101445_std3,0.0027327304483915865
BDI_Low_variance_lag12,0.0027311321168350246
PI101102_lag6,0.002714326658306149
Pulses_KG/HA_lag2,0.0027119871111156925
EUR_range_std3,0.002707680269195698
BDI_Close_last_roll3,0.002704489994407376
BDI_Close_first_lag12,0.0026935307044123075
BDI_High_median_lag6,0.00264235149635031
Pulses_Thousand Hectares_lag6,0.002629799354777706
YEN_mean_std12,0.002625463700616006
Brent_USD_per_barrel_lag1,0.002621313270214855
PI101105_roll6,0.0025627375310149436
ZAR_pct_change_std6,0.0025571567375510477
PI201062_trend,0.0025550766101026436
PI101154_std6,0.002516344188187119
PI201094_lag6,0.002513447672485443
ZAR_pct_change_pct_change,0.0025133290516058952
Brent_USD_per_barrel*x*YEN_median,0.0025041173270799735
Groundnuts_Thousand Hectares,0.0024683831940183728
PI101102_std6,0.0024521423235597545
Brent_USD_per_barrel*x*GBP_mean,0.0024427083032039143
EUR_pct_change_lag12,0.002416279035338905
BDI_Close_median_lag12,0.0023972857031685805
ZAR_median_std3,0.0023913630644753227
USD_std_roll6,0.0023783198068950363
BDI_Close_last_std6,0.002361641303988629
PI101155_trend,0.0023609075974356693
Month_cos,0.0023522099635511972
USD_median_std6,0.002346419406753796
Inflation (%)_pct_change,0.002338493290035872
GBP_range_lag1,0.002334992930674268
YEN_median_std3,0.0023318964352380526
GBP_std_lag6,0.0023036502320141847
Sunflower_metric tonnes_lag12,0.0022893674453515413
PI953221_std12,0.002288527523035806
BDI_High_min_lag6,0.0022857139979770625
PI201004_pct_change,0.0022582234334084694
YEN_pct_change_pct_change,0.0022544141507891144
PI101155_lag3,0.0022394249626214403
BDI_High_mean_lag1,0.002236328252831944
BDI_Low_range_lag1,0.002199932697838637
EUR_mean_std12,0.002191846991222342
EUR_std_lag6,0.002186893773120828
PI201135_std6,0.002182228288503067
Brent_USD_per_barrel*x*SDR_pct_change,0.002181387159896991
GBP_median_roll12,0.002177056710206176
PI919001_std6,0.002164140868502077
EUR_pct_change_roll3,0.0021624155437549226
BDI_Close_mean,0.0021526422200894473
PI101184_lag1,0.0021101786628025146
BDI_Close_count_roll12,0.0021070275295667087
USD_pct_change_trend,0.002094442565600056
ZAR_pct_change_lag1,0.002091137488168522
BDI_Close_range_std3,0.0020894419469140264
Brent_USD_per_barrel*x*YEN_pct_change,0.0020855115933811367
PI201002_std6,0.0020613069213365888
PI101442_std3,0.0020609230627060713
BDI_High_pct_change_roll12,0.0020535145861483597
PI101102_std12,0.0020456688327400827
BDI_High_std_lag1,0.0020350150780234777
PI201103_std12,0.0020271012938832306
PI101172_std12,0.0020253196767278043
PI101102_lag12,0.0020231770820945665
GBP_range_trend,0.001997647957523847
USD_pct_change_lag2,0.0019968014937345
GBP_mean_trend,0.001993786216524405
PI101201_lag1,0.0019553547015276882
PI101154,0.001953541607210221
PI201122_std6,0.0019502962945679907
Brent_USD_per_barrel*x*GBP_median,0.001934555072181279
Brent_USD_per_barrel_std3,0.0019264584901224273
BDI_Close_last_roll12,0.0018996079532269598
GBP_pct_change_roll6,0.0018901107151558798
GBP_std_trend,0.0018882052436098285
BDI_Close_max_lag2,0.001888204646807249
Brent_USD_per_barrel*x*SDR_range,0.0018858141173271213
ZAR_pct_change_lag2,0.0018749615716027804
PI101162_std3,0.0018712624259297468
BDI_Low_range_lag3,0.0018662835172724656
Pulses_KG/HA,0.0018435967219227615
PI101155_std3,0.0018404578616602891
PI101181_lag12,0.0018387378839010671
PI101154_std3,0.0018296252111647392
GBP_pct_change_std6,0.0018286365505127582
EUR_median_std3,0.0018203762089191325
Groundnuts_KG/HA_lag1,0.0018196919476639922
GBP_mean_std6,0.0018120392515736127
SDR_std_lag6,0.0018093324306143357
PI201065_lag1,0.001800121701697311
PI101202_roll3,0.0017995939594668503
PI101104_std6,0.001796648139914134
SDR_pct_change_std6,0.0017693378539489287
PI201013_lag12,0.0017666607836072006
BDI_Close_min_pct_change,0.0017411197248676166
PI101162_std12,0.0017387077839428231
YEN_range_lag2,0.0017347329344074168
BDI_Close_mean_lag1,0.0017333187670130006
USD_pct_change_lag1,0.0017265702584217369
PI201064_std6,0.0017124426844062435
PI201135_std3,0.0017058235339249572
PI101104_lag2,0.0017013814436155912
GBP_mean_std3,0.0016797483647150355
PI211445_lag2,0.0016725014063325037
PI201064_lag1,0.001667554499925967
PI101124_trend,0.0016665131534499764
GBP_mean_pct_change,0.001656230990280018
PI101172_lag12,0.0016300730233045958
PI101432_roll3,0.0016153590437485933
BDI_High_min_lag12,0.0016067844975494198
ZAR_std_lag3,0.0015994020858852334
BDI_High_std_lag3,0.0015840231431889075
PI101142_lag1,0.0015722599263845833
Brent_USD_per_barrel*x*ZAR_std,0.0015663523770363588
EUR_range_lag6,0.0015660972464106436
SDR_pct_change_std12,0.0015600216299614935
PI201063_trend,0.0015298989539393375
PI201064_std3,0.0015273521442963828
USD_pct_change_pct_change,0.0015260969717031036
PI101152_roll3,0.0015255798131040596
BDI_Close_pct_change_lag2,0.0015181291241543997
PI101125_pct_change,0.0015151209206951996
PI101122,0.0014912816397464064
SDR_std_lag3,0.0014815763656267444
PI201033_lag2,0.0014738698829448373
YEN_median_pct_change,0.0014709046465020913
PI101001_lag2,0.001460396976755237
Brent_USD_per_barrel*x*USD_std,0.0014601842130391727
Brent_USD_per_barrel*x*YEN_range,0.0014598303857719234
ZAR_std_std3,0.0014569755138678286
PI101205,0.001454074437521058
PI201071_lag3,0.00145207226103233
USD_mean_std3,0.0014511186920509395
general_index_pct_change,0.0014502005241502586
PI201062_std3,0.0014402985046830805
PI101205_std3,0.0014345407157666731
USD_pct_change_roll12,0.0014236866989038174
PI201123_std6,0.0014151058741421834
Brent_USD_per_barrel*x*GBP_pct_change,0.0013940702481324988
SDR_mean_lag2,0.0013870721813184343
BDI_Low_variance_roll12,0.0013832287508816529
GBP_std_roll3,0.0013795208808194365
PI101132_std3,0.0013676655717174268
ZAR_range_roll12,0.0013452686126732799
PI201052_std3,0.0013435947254888823
Brent_USD_per_barrel*x*EUR_pct_change,0.0013357090914278104
EUR_median_trend,0.0013351356146873246
BDI_Close_last_lag2,0.0013070262340546318
BDI_Close_count_lag2,0.001281522959794201
EUR_pct_change,0.0012751613746509417
BDI_Low_pct_change_lag12,0.0012610924979481368
PI101105_pct_change,0.0012584717096251646
PI201064_lag3,0.0012548108247872488
BDI_High_pct_change_pct_change,0.001237885212937345
BDI_Close_max_lag1,0.0012367786890445473
SDR_pct_change_lag1,0.00123569236019712
PI101004_trend,0.0012333381987387506
SDR_range_lag2,0.0012275329425402407
YEN_median_trend,0.0012248567438905768
PI101202_std3,0.0012226488561571324
BDI_Low_variance_trend,0.0012221444484608484
PI201055_roll6,0.0012134896843569772
EUR_pct_change_lag1,0.001207607687009732
PI201121_pct_change,0.0012067701153101978
YEN_pct_change_lag12,0.0012059900367926038
PI101152_trend,0.0011808364904014365
PI101152_pct_change,0.0011771041060077993
SDR_std_roll3,0.0011758196651800378
Brent_USD_per_barrel*x*USD_median,0.0011679183955354464
PI201093_lag12,0.001162545911524306
BDI_Close_count_trend,0.0011619331148517104
PI101204_lag6,0.0011468793119588626
ZAR_mean,0.001142614493383463
PI101152_lag1,0.0011407224262943297
EUR_std_std6,0.0011336703125219402
PI201035_std12,0.0011266557918849678
GBP_pct_change_roll3,0.001124937390381968
PI101204_trend,0.0011233749687705507
Maize_KG/HA_lag1,0.0011217915007845918
BDI_High_mean_lag3,0.00112128157776296
BDI_Close_count_roll3,0.0011174316417378433
ZAR_pct_change,0.0011155068611344429
PI201134_std3,0.0011138088995702126
PI101142_lag2,0.0011015715124567168
BDI_High_pct_change_std6,0.0010992508266942347
PI201062_lag2,0.001098196137565835
GBP_pct_change,0.0010962945671828684
PI953221,0.0010935554129704024
Groundnuts_KG/HA_lag3,0.001090247174595415
PI101125*x*general_index,0.0010852273793518945
YEN_pct_change,0.001084004283704917
EUR_std_std3,0.001082813140348171
PI101422_std3,0.0010797315332098092
EUR_mean_std3,0.0010791351103659548
BDI_Low_std_std6,0.0010783600629127928
ZAR_pct_change_trend,0.0010752319978341047
EUR_pct_change_lag3,0.0010698219911002703
PI101151_std12,0.0010520671265792328
PI201005_std6,0.001046016089103127
PI101142_pct_change,0.0010457761222201576
GBP_median_pct_change,0.001043981470279694
PI101122_roll3,0.0010210985562575628
PI201034_std3,0.0010070075698846
PI101142_std3,0.001006897308283175
EUR_pct_change_lag2,0.0010022613392240494
Brent_USD_per_barrel*x*SDR_median,0.0010021057443439126
BDI_Low_variance_pct_change,0.0009974189427639087
BDI_Low_median_std3,0.0009958079131295945
BDI_Close_pct_change_roll6,0.0009712413948128621
PI101182_std6,0.0009660773776339049
ZAR_range_lag3,0.0009519798407231305
PI101122_roll12,0.0009510547115749355
Brent_USD_per_barrel*x*YEN_std,0.0009450527471224743
PI101152_std6,0.0009348222484871012
PI101204,0.0009287094048980858
USD_pct_change_lag12,0.0009248503718540932
SDR_median_std6,0.0009196573020327728
Brent_USD_per_barrel*x*USD_pct_change,0.0009186536158692803
GBP_mean,0.000914623092358571
Groundnuts_metric tonnes_lag2,0.000903895293095781
PI201065_lag3,0.0009007417642404605
GBP_range_lag3,0.000894001757200078
USD_mean_trend,0.0008909549916406248
Pulses_metric tonnes,0.0008898172528274638
EUR_pct_change_roll6,0.0008869853335634522
SDR_range_std6,0.0008866164620132757
PI101102_lag2,0.000883015241785653
PI101005_pct_change,0.0008733510730658661
BDI_High_variance_roll6,0.0008726117073554927
Groundnuts_KG/HA_lag2,0.0008681336597667265
PI201035_pct_change,0.0008595855214060118
SDR_std_lag2,0.0008555644118471576
PI101181_trend,0.0008538149388262869
BDI_Close_max_roll6,0.0008450144826462359
food_inflation_lag1,0.0008401436377694779
PI201032_std3,0.0008329391270744317
BDI_Close_mean_std12,0.0008291308463945812
PI101172,0.0008280812788914293
BDI_Close_count_roll6,0.0008266424590266966
GBP_pct_change_lag1,0.000810259792339854
BDI_Close_last_std3,0.0008092859085019995
PI101104_lag6,0.0008063367647955055
PI101172_std3,0.0008059519594346662
EUR_pct_change_lag6,0.0007984893405279382
BDI_Close_max_std12,0.0007971236841520739
YEN_std_roll12,0.0007949748381019517
BDI_Close_first_lag3,0.0007927239726492852
ZAR_std_trend,0.0007787781489708998
SDR_pct_change_lag6,0.0007783666265787929
PI211442_std3,0.0007735693799084025
SDR_range_pct_change,0.0007713471410147964
BDI_Low_median_std6,0.0007661105114763752
PI201094_std6,0.0007653731441474007
GBP_range_std3,0.0007558558446387355
BDI_Close_min_lag12,0.0007535667918362268
PI201092_std6,0.0007532333117361436
SDR_pct_change,0.0007525006252967703
PI201005_trend,0.000750968165124603
GBP_std_pct_change,0.0007477997740461248
USD_std_lag12,0.0007424308905176866
GBP_median_std6,0.0007347298720361088
PI201035_std3,0.0007263421381564132
BDI_Close_last_lag6,0.0007261642668117181
PI101202_lag1,0.0007196807356225158
PI101202_std12,0.0007176674127903357
Pulses_KG/HA_lag3,0.0007157063334526572
BDI_High_min_std3,0.0007127591124417948
SDR_range,0.0007104879117607043
BDI_Low_std_lag2,0.0007063767986971683
PI101204_pct_change,0.0007042598221466324
SDR_median_pct_change,0.0007040751725630293
YEN_range_pct_change,0.0006933642260543384
SDR_pct_change_pct_change,0.0006909288397858018
ZAR_range_lag6,0.0006892755429001932
ZAR_std_lag6,0.0006811296499152085
PI201121_std3,0.0006729825893001327
EUR_range,0.0006716994563085747
PI101122_trend,0.0006700322906873255
PI201013_pct_change,0.0006696388899718808
SDR_median_trend,0.0006660888590615819
SDR_median_std3,0.0006643416075790471
Food_and_Non_Alcoholic_Beverages_Index_lag2,0.0006622949844466583
BDI_Close_first_trend,0.0006614126832686384
YEN_std_lag1,0.0006548953392102225
ZAR_pct_change_roll12,0.0006511538108968045
BDI_High_variance_trend,0.0006489559465464608
BDI_Close_variance_lag2,0.0006437233279225741
PI101142_lag6,0.0006365944135647721
BDI_Close_count_pct_change,0.0006320474000573844
PI101125_std3,0.0006290890331305502
PI201113_pct_change,0.0006274579934443384
PI201111_std12,0.0006140455914060939
PI101004_lag2,0.0006135008738792476
BDI_High_median_std12,0.0006127604448504493
PI101141_lag1,0.0006099263749979642
PI101142,0.0006053223396126671
PI101422_pct_change,0.0006028493869618599
PI101152,0.0006004273714364803
YEN_range_lag6,0.0005955398228109572
EUR_median_lag2,0.0005894378316554212
BDI_Close_range_lag6,0.0005827672562101577
PI101112_pct_change,0.0005812430877405799
PI201053_std3,0.0005768465203432097
PI101104_trend,0.000576039702634952
PI101122_lag6,0.0005686442000804908
PI101135_lag12,0.0005623114727705392
YEN_mean_std6,0.0005603377881987733
PI201004_std12,0.0005597587133042201
GBP_range_roll3,0.00055523830250556
PI101142_std6,0.0005506727611166543
PI101122_pct_change,0.0005489759323485032
BDI_Close_mean_std3,0.0005485257177245688
PI101121_std6,0.0005463755938802602
YEN_std_pct_change,0.0005450718725276718
PI101184_pct_change,0.0005429147868563027
PI101151_std3,0.0005412423142501843
BDI_Close_mean_roll3,0.0005401628267179374
YEN_mean_trend,0.0005382952773297066
ZAR_range_lag1,0.0005374269960521476
ZAR_pct_change_std3,0.0005333899691999489
EUR_pct_change_std6,0.0005331368698902539
EUR_median,0.0005218821880006929
ZAR_pct_change_lag3,0.0005177533778861446
USD_range_trend,0.0005177104442466848
USD_std_lag3,0.0005151705890747132
PI101152_std12,0.0005080421663977367
EUR_std_pct_change,0.0005030937496299332
YEN_range_lag1,0.0004986237500170761
EUR_range_trend,0.0004924042809532238
PI101125_lag3,0.0004869763209987847
YEN_std_std12,0.00048473031382987393
YEN_pct_change_lag3,0.00048177959825225757
BDI_Low_mean_lag12,0.0004813883246729799
ZAR_std_lag1,0.00047636609909787545
SDR_pct_change_lag12,0.0004713103734925425
PI101153_lag3,0.0004687601303395111
PI201002_trend,0.00046733441808335946
PI201062_pct_change,0.00046621935247457316
PI201134_pct_change,0.0004652789943490877
GBP_std_std3,0.0004589342076898977
ZAR_mean_trend,0.00045410223782255295
PI201064_pct_change,0.0004539217116693877
PI101004_std3,0.0004517985270196258
PI101125_trend,0.00044512708408017454
PI101171,0.0004435336373380162
EUR_mean,0.00043483346913581253
Brent_USD_per_barrel_trend,0.0004333483599071898
PI101152_roll6,0.00043000882383769886
PI101201_roll3,0.0004283665237088285
PI101122_std12,0.00042421776510312496
YEN_pct_change_trend,0.00042303109388956093
SDR_pct_change_trend,0.00042031986271776463
PI101141_std6,0.0004187806582605378
USD_range_roll3,0.0004165397533986877
YEN_mean_lag3,0.0004146320793887135
general_index_std6,0.00041389641127926403
USD_range_pct_change,0.0004094718573477165
YEN_std_lag12,0.0004093841015716771
PI201123_pct_change,0.000407099156816413
EUR_std_lag2,0.0004062098735805015
PI101402_std6,0.0004029853809611889
USD_pct_change_lag3,0.0003965430036675909
PI201094_std3,0.0003960792801749019
PI101005_std3,0.00039235257485128826
PI201123_std3,0.00038651355116114554
YEN_mean_pct_change,0.00038127122779357055
USD_mean_pct_change,0.0003787037901966445
PI101005_lag2,0.00037714609713068747
PI101102_roll6,0.00037102161800182384
BDI_Close_max_trend,0.00036567794792778446
PI101155_pct_change,0.00036132969114115236
YEN_range_lag3,0.00035738503072885527
BDI_Close_pct_change_std3,0.00035697139673788005
PI101155_lag6,0.000355844276624531
Brent_USD_per_barrel*x*EUR_range,0.0003527920484292201
PI919001_trend,0.0003467683625461351
USD_range_std6,0.00034588903540176897
PI101123,0.00034551602162520817
GBP_pct_change_trend,0.00034206445450040964
PI201062_std6,0.00034127324698259357
PI101105_std12,0.00033690909025922006
PI101144_roll3,0.0003331944795783935
general_index_std3,0.00032873278598157543
SDR_std,0.0003252872939368327
ZAR_range,0.00032164948890969183
PI101202_pct_change,0.00032116462441235323
ZAR_std_pct_change,0.0003188446519481809
PI201132_lag2,0.0003175493258378062
PI101204_std12,0.00031595095478623
PI101132_std12,0.0003118827214871806
EUR_range_pct_change,0.00031163077031380273
PI101004_std12,0.0003097736103721185
GBP_pct_change_lag3,0.0003042347080524627
PI101142_trend,0.0003041797044297749
Millet_metric tonnes_lag3,0.00029974130104125287
PI101142_roll12,0.00029967265337880344
Brent_USD_per_barrel*x*EUR_std,0.00029850306906059664
SDR_pct_change_lag2,0.0002962659954321417
PI101203_std6,0.00029392583282722965
SDR_mean_trend,0.0002926777175964549
SDR_pct_change_lag3,0.000292532130950976
PI101432_lag2,0.00029027054189095433
BDI_High_std_pct_change,0.00028782856763650297
SDR_std_trend,0.00028656533915683745
GBP_std_lag2,0.00028476605295691423
PI201122_trend,0.00028247856668264847
PI201094_std12,0.0002810763130265084
USD_pct_change_lag6,0.00028003331900160763
USD_std_trend,0.0002794634789914115
USD_std_lag2,0.000276821266484543
SDR_median_roll3,0.0002743742612108162
ZAR_range_trend,0.000273431753213944
PI101123_roll3,0.0002672134480148611
BDI_Close_count_std6,0.0002665072884170889
BDI_High_pct_change_lag1,0.00026603098723066576
ZAR_range_std3,0.0002650476132929554
BDI_Low_median_roll12,0.0002634152895605009
PI201113_lag3,0.0002620453948607129
BDI_Low_range_pct_change,0.00025705959639934573
PI101205_pct_change,0.0002569915038695219
YEN_mean,0.000255830208842587
EUR_std,0.0002549948429780958
ZAR_range_std12,0.0002525752979576213
GBP_pct_change_lag12,0.00025219740149599103
YEN_std_std3,0.00025181887502841014
BDI_High_pct_change_roll3,0.00025107946147390843
YEN_range_trend,0.0002487420969201239
PI201123_trend,0.00024858569365592687
PI201002_std3,0.00024781820999151557
PI201055_trend,0.00024753106639795744
USD_std_std6,0.0002416586078097086
PI201005_lag12,0.00024151550715777358
SDR_mean_std6,0.00023404300075217482
PI201032_lag2,0.00023323152312536597
PI101151_lag12,0.00022954249258210375
PI201002_lag1,0.00022730856595792355
PI201071_lag6,0.00022637099620555556
PI201113_trend,0.00022422139068215533
BDI_Close_range_lag3,0.00022404399721756685
PI201064_std12,0.00022318291373838294
ZAR_range_pct_change,0.0002150853803175165
USD_std_roll12,0.00021492227369538286
BDI_Low_std_pct_change,0.0002132793439978577
BDI_Close_last_pct_change,0.0002130244345496748
GBP_std_std6,0.0002094411117071776
PI919001_lag1,0.00020882522473934917
PI101004_pct_change,0.00019909920900463795
PI101154_lag2,0.00019839150896970576
PI101202_trend,0.00019553111495994264
BDI_Close_max_lag6,0.00019499577127547285
USD_range_lag2,0.00019292449735642048
GBP_range_lag2,0.0001912944741114124
BDI_High_min_lag3,0.0001899289582430242
PI201092_roll12,0.00018653586920779126
PI201055_std3,0.00018637742202278545
BDI_Close_count_lag3,0.00018535058539360315
ZAR_pct_change_roll6,0.00018221759426445552
PI201002_pct_change,0.00017325101018888457
PI101135_pct_change,0.0001726301793185579
PI201004_lag6,0.00016898341940538053
PI101201_std6,0.00016842320426818853
PI101124_pct_change,0.00016510940824406045
PI201083_std12,0.00015970294034557727
Pulses_Thousand Hectares_2,0.00015863543116671178
PI101183_std6,0.0001576162156465338
BDI_Close_std_lag3,0.0001573599184797638
USD_std,0.00015660741675096787
YEN_range_roll12,0.0001551443066814512
PI201052_pct_change,0.00015064222968495106
GBP_mean_lag6,0.00014807447022347126
BDI_Close_last,0.00014787416854017594
PI201055_lag12,0.0001461974579675225
PI201062,0.00014565206937310266
PI201124_std12,0.00014200214212819012
USD_pct_change,0.00014083916777741436
PI201124_std3,0.0001405490623866399
ZAR_pct_change_roll3,0.00013878088533103434
PI201004_std3,0.00013713839498149543
SDR_range_lag1,0.00013319954308297166
PI101121_roll12,0.0001328723422208118
PI953221_std3,0.00013280265144553015
PI201031_std3,0.0001321434736481362
PI201125_std6,0.0001316036004955041
PI101122_std6,0.00012659729148165033
SDR_range_lag12,0.00012659363160873437
SDR_range_lag3,0.00012217989705058403
PI101205_lag1,0.00012154144119472738
PI919001_pct_change,0.00012069898796130515
BDI_Close_count_std3,0.00011632382655822715
PI101135,0.0001162503375966346
Sunflower_metric tonnes_lag6,0.00011567804229835012
BDI_Close_pct_change_lag3,0.0001131767908456977
PI201124_pct_change,0.00011217870181650184
PI101111_std3,0.00011205355012021286
BDI_High_mean_std6,0.00011183969830831888
PI101002_std3,0.00010967334440585799
food_inflation_std3,0.00010736283252010919
PI101202,0.0001055422380092227
EUR_pct_change_trend,0.00010534590464208312
PI101104_pct_change,0.00010308375212370566
EUR_range_lag2,0.00010256213641581197
PI101152_lag3,0.00010182711443871886
food_inflation_lag3,9.786180591726895e-05
PI201081_roll3,9.673621134100542e-05
PI101205_trend,9.59610829420558e-05
BDI_Close_pct_change_std6,9.444042756303636e-05
EUR_median_std6,9.384836077733075e-05
PI101144_lag1,9.370163320692102e-05
YEN_std_trend,9.311711802311474e-05
PI101202_std6,9.299195700721104e-05
BDI_Close_last_trend,9.221297886244884e-05
PI201033_std3,9.130825962691858e-05
USD_median_lag2,9.12914888998878e-05
PI101171_std6,8.886370590726157e-05
PI101104_std12,8.863461372067048e-05
BDI_Close_pct_change,8.758860977864044e-05
PI101152_lag2,8.689853352798585e-05
PI101204_lag1,8.596750290006389e-05
PI101445_roll3,8.39330117687179e-05
Food_and_Non_Alcoholic_Beverages_Index_roll3,8.172354858242645e-05
PI201122_std3,8.066866266342643e-05
PI201101_std12,8.029286060970149e-05
BDI_Close_range_pct_change,7.988203107614446e-05
BDI_Close_mean_pct_change,7.981476110837852e-05
BDI_Low_pct_change_lag2,7.851370995477783e-05
YEN_std_lag6,7.704686534373343e-05
PI101184_std6,7.641054684069468e-05
GBP_pct_change_std12,7.589927034708706e-05
PI201065_std3,7.389297687067728e-05
PI101153_std6,7.292258111489715e-05
GBP_pct_change_roll12,7.273985881847087e-05
GBP_std_lag1,7.058271862238601e-05
GBP_range_pct_change,6.884542416131125e-05
PI101142_roll3,6.688929627344346e-05
PI101003_std6,6.46444714385666e-05
PI101002_lag6,6.293545072236762e-05
PI101105_std6,6.122460540452284e-05
PI201063,6.114436448648064e-05
PI201053_pct_change,6.106007713800189e-05
Sorghum_KG/HA_lag3,6.057554864339255e-05
PI201132_pct_change,5.993519062053355e-05
PI101205_roll6,5.8975432011052945e-05
PI101143_std3,5.8523197641882713e-05
BDI_Close_variance_pct_change,5.546236024930637e-05
PI201101_lag6,5.519054706481065e-05
BDI_Close_min_std6,5.4553560626458544e-05
PI101123_trend,5.441458773080897e-05
PI101105_std3,5.362762093390212e-05
PI101172*x*general_index,5.182077382923198e-05
PI201071_trend,5.135666327334487e-05
PI101004_lag1,4.945534266942818e-05
EUR_std_lag3,4.874780818155108e-05
PI201132_trend,4.8731246720474025e-05
PI101142*x*general_index,4.858231449135395e-05
PI201122_lag2,4.693838682147986e-05
BDI_Close_max_pct_change,4.510649737807401e-05
PI101151_roll3,4.360893840343104e-05
PI101102*x*general_index,4.3037588453648075e-05
EUR_mean_trend,4.2546407459357266e-05
PI201071_pct_change,4.20376953984138e-05
BDI_Close_variance_lag6,3.914409978920715e-05
BDI_High_pct_change_lag3,3.6070886322905584e-05
USD_range_lag1,3.2613678397159426e-05
PI101154_roll6,3.1080307072756634e-05
PI101154_pct_change,2.960980809565128e-05
PI201003_lag1,0.0
PI101445_lag3,0.0
PI101432_std6,0.0
Millet_KG/HA_lag6,0.0
USD_mean,0.0
headline_cpi_roll6,0.0
PI201131_trend,0.0
BDI_Close_range_roll12,0.0
PI201125_lag1,0.0
PI101003_trend,0.0
BDI_High_variance_pct_change,0.0
PI101101_std3,0.0
BDI_High_min_pct_change,0.0
BDI_Close_variance_lag3,0.0
PI919001_lag3,0.0
PI201063_pct_change,0.0
Inflation (%)_lag2,0.0
PI101104_roll12,0.0
headline_cpi_roll3,0.0
PI201001_std12,0.0
PI201081_std6,0.0
PI101123_lag6,0.0
BDI_High_pct_change_lag6,0.0
BDI_Low_range,0.0
PI101404_std6,0.0
ZAR_mean_roll3,0.0
PI101124,0.0
PI101182_roll3,0.0
PI101005_roll3,0.0
PI201013*x*general_index,0.0
PI201062_roll3,0.0
PI101102_pct_change,0.0
PI201061_roll12,0.0
PI201035*x*general_index,0.0
PI101404_lag6,0.0
PI101132*x*general_index,0.0
PI101442_lag6,0.0
USD_range_lag3,0.0
PI101182_lag3,0.0
PI201101_lag12,0.0
BDI_Close_median_std3,0.0
food_inflation_roll3,0.0
Maize_KG/HA_lag2,0.0
PI211444_lag6,0.0
PI201065_roll12,0.0
BDI_High_mean_roll12,0.0
BDI_Close_min_trend,0.0
PI101004,0.0
BDI_Low_mean_lag1,0.0
PI201011_pct_change,0.0
PI201135_lag2,0.0
PI201063_std3,0.0
ZAR_std_lag2,0.0
SDR_mean_pct_change,0.0
PI201013_roll12,0.0
Millet_KG/HA_lag3,0.0
PI101162_lag1,0.0
EUR_median_lag6,0.0
Pulses_KG/HA_pct_change,0.0
PI201103_roll3,0.0
Sunflower_KG/HA_pct_change,0.0
PI201032_roll12,0.0
PI101185_lag6,0.0
PI201052_lag6,0.0
PI101104_lag12,0.0
PI201001_lag2,0.0
PI201011*x*general_index,0.0
BDI_Low_mean_roll3,0.0
PI101182_lag1,0.0
PI201133_lag3,0.0
PI101442*x*general_index,0.0
PI201053_lag3,0.0
PI101422_lag2,0.0
PI101145_lag2,0.0
PI101133*x*general_index,0.0
PI101115_roll12,0.0
PI201054_roll6,0.0
PI201111_lag6,0.0
BDI_Close_std_lag1,0.0
PI101111_roll6,0.0
PI101402_lag1,0.0
PI101153*x*general_index,0.0
general_index_roll12,0.0
general_index_lag6,0.0
Imported Tradeables Index_lag6,0.0
PI101183_lag3,0.0
food_index_roll12,0.0
PI101204_roll3,0.0
BDI_Low_mean_pct_change,0.0
PI101404_lag2,0.0
imported_tradeables_inflation_pct_change,0.0
PI201124_lag1,0.0
PI101123_std12,0.0
PI201065,0.0
PI201073_roll12,0.0
PI201111_roll3,0.0
PI101134_lag12,0.0
PI101003_pct_change,0.0
Sunflower_Thousand Hectares_2_lag2,0.0
PI101185_lag3,0.0
PI101153_std12,0.0
PI101133,0.0
PI101153_roll3,0.0
PI201095_lag1,0.0
PI101181_std6,0.0
imported_tradeables_inflation_trend,0.0
PI101442_lag12,0.0
PI211444_lag2,0.0
PI101112,0.0
PI101402_lag3,0.0
PI201054_roll3,0.0
PI101405_lag1,0.0
YEN_median_lag12,0.0
PI101185_std12,0.0
PI101405*x*general_index,0.0
PI101422*x*general_index,0.0
PI211444_lag1,0.0
Groundnuts_metric tonnes_2_pct_change,0.0
PI101161_lag1,0.0
PI101131_roll6,0.0
BDI_Close_range_trend,0.0
PI201113*x*general_index,0.0
PI101134_pct_change,0.0
PI101141_trend,0.0
Sunflower_Thousand Hectares_2_lag1,0.0
PI101123_pct_change,0.0
PI101123_std6,0.0
PI201134_lag3,0.0
PI201004*x*general_index,0.0
PI211445_roll3,0.0
food_inflation_lag6,0.0
PI201131_lag3,0.0
PI201122_lag1,0.0
Sunflower_Thousand Hectares_lag2,0.0
BDI_Close_pct_change_lag6,0.0
PI101151_pct_change,0.0
PI101445_std12,0.0
PI101132_lag1,0.0
SDR_std_pct_change,0.0
PI101402_std3,0.0
BDI_Close_range_lag2,0.0
PI101144_std6,0.0
PI201061*x*general_index,0.0
Groundnuts_Thousand Hectares_lag12,0.0
BDI_High_std,0.0
PI201083_pct_change,0.0
PI101185_std3,0.0
PI101175_std12,0.0
PI201032_lag12,0.0
PI101175_roll12,0.0
PI201081_roll6,0.0
PI211442_pct_change,0.0
PI101003_lag3,0.0
PI101001_pct_change,0.0
PI201121*x*general_index,0.0
PI101131_lag12,0.0
Millet_Thousand Hectares_lag6,0.0
BDI_Low_variance_roll3,0.0
Pulses_metric tonnes_lag1,0.0
Core Monthly Inflation Rate (Trimmed Mean) (percentage)_lag1,0.0
PI201061_pct_change,0.0
PI101402_roll3,0.0
PI953221_lag1,0.0
PI201065_trend,0.0
PI201083_roll3,0.0
PI211444_roll6,0.0
PI101183_lag6,0.0
PI201062_lag1,0.0
Imported Tradeables Index_lag3,0.0
PI201051_pct_change,0.0
Sunflower_metric tonnes_lag1,0.0
PI101183_std12,0.0
Sorghum_KG/HA_lag2,0.0
PI101165_std3,0.0
PI101185_roll3,0.0
Inflation (%)_std3,0.0
PI101003_lag12,0.0
Maize_Thousand Hectares_2_lag1,0.0
Sunflower_Thousand Hectares_lag12,0.0
policy_rate_lag1,0.0
PI101115_std6,0.0
Groundnuts_metric tonnes_lag12,0.0
PI201125_lag2,0.0
PI101115_lag6,0.0
PI101185_roll6,0.0
BDI_High_mean_std3,0.0
PI201013,0.0
PI101432_pct_change,0.0
PI101153_roll12,0.0
Maize_metric tonnes_lag1,0.0
PI201032,0.0
PI201091_std3,0.0
Sunflower_KG/HA_lag2,0.0
PI101154*x*general_index,0.0
BDI_Close_pct_change_roll3,0.0
Millet_Thousand Hectares_pct_change,0.0
Sunflower_Thousand Hectares_pct_change,0.0
Food_and_Non_Alcoholic_Beverages_Index_lag1,0.0
PI101002_roll12,0.0
BDI_Low_variance_lag1,0.0
PI201134_std12,0.0
PI101141*x*general_index,0.0
SDR_std_roll12,0.0
GBP_mean_roll12,0.0
Pulses_Thousand Hectares_pct_change,0.0
PI201051_lag1,0.0
PI201071*x*general_index,0.0
GBP_median_lag12,0.0
PI101402_lag12,0.0
PI201103_roll12,0.0
PI211442_lag3,0.0
PI201003_roll3,0.0
BDI_Close_median_roll12,0.0
PI201103_roll6,0.0
PI101404,0.0
Sunflower_Thousand Hectares_2_lag6,0.0
Groundnuts_Thousand Hectares_lag3,0.0
PI201001,0.0
PI101003,0.0
PI201125,0.0
PI101143*x*general_index,0.0
PI211444_std12,0.0
PI101175_trend,0.0
BDI_High_range_std12,0.0
BDI_High_median_pct_change,0.0
PI101185_lag1,0.0
USD_std_pct_change,0.0
BDI_Low_variance,0.0
PI101165_lag1,0.0
PI101131_std3,0.0
PI201113,0.0
PI101203_lag2,0.0
PI101175_lag1,0.0
PI201034_lag12,0.0
PI953221_lag6,0.0
PI201073,0.0
PI101111_std6,0.0
BDI_Low_std,0.0
BDI_Low_median_trend,0.0
PI201054_pct_change,0.0
PI201054_std3,0.0
PI201124_lag12,0.0
PI201054_std6,0.0
PI101165_lag6,0.0
PI201133_lag6,0.0
PI101162_pct_change,0.0
PI101422_std6,0.0
PI101203,0.0
PI201083_lag12,0.0
PI201103_trend,0.0
PI101151*x*general_index,0.0
PI201073_lag1,0.0
PI101203_trend,0.0
BDI_Low_range_roll3,0.0
GBP_median_trend,0.0
BDI_Close_pct_change_lag12,0.0
Millet_Thousand Hectares_2,0.0
PI201011_lag6,0.0
PI101134,0.0
PI101144_lag6,0.0
BDI_Close_min_lag6,0.0
PI101111_lag1,0.0
PI201035_lag12,0.0
PI101155_lag2,0.0
PI201101_pct_change,0.0
BDI_Low_std_roll12,0.0
PI101131*x*general_index,0.0
PI201034_pct_change,0.0
PI201135_lag1,0.0
PI201095_pct_change,0.0
PI101124_roll3,0.0
EUR_mean_lag1,0.0
BDI_High_variance_roll12,0.0
BDI_Low_median_std12,0.0
food_index_lag1,0.0
PI101445,0.0
policy_rate_pct_change,0.0
USD_median_pct_change,0.0
PI201002_roll6,0.0
Groundnuts_metric tonnes,0.0
Groundnuts_metric tonnes_2_lag6,0.0
PI101185_roll12,0.0
headline_cpi_roll12,0.0
PI101171_roll3,0.0
PI201063_std6,0.0
PI101402_pct_change,0.0
BDI_Low_pct_change,0.0
PI101201_trend,0.0
PI101151_std6,0.0
PI101404_pct_change,0.0
BDI_Close_std_roll12,0.0
PI201122_lag12,0.0
PI201123_lag12,0.0
BDI_Close_median_std12,0.0
BDI_High_variance_std12,0.0
BDI_Close_variance_roll12,0.0
PI101105_lag2,0.0
PI101165_lag12,0.0
PI101105_lag1,0.0
PI101152_roll12,0.0
BDI_Close_range_std12,0.0
PI101115_lag1,0.0
PI211442,0.0
PI101402_roll6,0.0
SDR_mean_lag12,0.0
Maize_Thousand Hectares_lag1,0.0
PI201133,0.0
PI201001_trend,0.0
PI101141_lag12,0.0
PI201135*x*general_index,0.0
BDI_Low_range_std3,0.0
PI101445_pct_change,0.0
BDI_Close_min_std3,0.0
PI101185,0.0
PI101001_trend,0.0
Pulses_metric tonnes_pct_change,0.0
Sorghum_metric tonnes_pct_change,0.0
Maize_metric tonnes_pct_change,0.0
PI101442_std12,0.0
PI101162_trend,0.0
PI101112_roll12,0.0
BDI_High_variance_lag1,0.0
BDI_Low_std_lag12,0.0
PI101182_roll6,0.0
PI201065_std12,0.0
BDI_High_pct_change,0.0
PI201123_roll6,0.0
PI201125_trend,0.0
PI211444_std3,0.0
PI201091_trend,0.0
PI101404_roll12,0.0
Groundnuts_Thousand Hectares_pct_change,0.0
PI101432,0.0
Groundnuts_KG/HA_pct_change,0.0
PI101182_std3,0.0
PI101134_lag2,0.0
BDI_Low_std_roll3,0.0
PI101143_std12,0.0
PI101165_trend,0.0
PI201135_roll6,0.0
PI101442_roll6,0.0
Quarter,0.0
PI101145_trend,0.0
PI101103_lag1,0.0
BDI_Low_pct_change_lag1,0.0
PI101131_roll12,0.0
PI101185_trend,0.0
PI101203*x*general_index,0.0
PI101183_trend,0.0
PI201101_roll12,0.0
PI101101_lag2,0.0
USD_median_roll6,0.0
PI201004_lag1,0.0
PI201002_std12,0.0
PI201053_roll3,0.0
EUR_mean_roll12,0.0
PI201004_roll3,0.0
SDR_range_roll12,0.0
PI201054_trend,0.0
Groundnuts_metric tonnes_lag1,0.0
PI101141_pct_change,0.0
PI101404_roll6,0.0
PI101111_trend,0.0
Groundnuts_metric tonnes_pct_change,0.0
Maize_Thousand Hectares_2_pct_change,0.0
PI201135_roll12,0.0
PI101103*x*general_index,0.0
PI201034_trend,0.0
BDI_High_std_lag2,0.0
PI101111_pct_change,0.0
PI101175_roll6,0.0
PI101175_std3,0.0
Sunflower_KG/HA_lag3,0.0
PI101175_roll3,0.0
imported_tradeables_inflation_roll3,0.0
PI101161_pct_change,0.0
PI201101_lag3,0.0
PI101103_roll3,0.0
PI101161_lag3,0.0
PI101432_std12,0.0
PI101134_lag1,0.0
PI211445_std3,0.0
PI101002_lag12,0.0
GBP_mean_roll6,0.0
imported_tradeables_inflation_lag1,0.0
USD_median_lag1,0.0
PI201081_roll12,0.0
GBP_median_roll3,0.0
PI953221_roll12,0.0
PI101143_lag1,0.0
PI101132_trend,0.0
EUR_std_lag12,0.0
PI101112_roll3,0.0
Core Monthly Inflation Rate (Trimmed Mean) (percentage)_lag12,0.0
BDI_Low_pct_change_lag6,0.0
PI101133_lag2,0.0
PI101001_roll3,0.0
BDI_High_std_std3,0.0
PI101175_lag2,0.0
PI101152_std3,0.0
PI101132_lag2,0.0
PI201135_roll3,0.0
PI101185_lag2,0.0
BDI_Close_variance_lag1,0.0
PI101104,0.0
Sorghum_Thousand Hectares_pct_change,0.0
PI101181_roll12,0.0
PI101122_lag2,0.0
Millet_Thousand Hectares_2_lag3,0.0
BDI_High_std_roll6,0.0
SDR_mean_lag6,0.0
PI101181_roll3,0.0
GBP_std_std12,0.0
BDI_High_min_roll3,0.0
PI201053_std6,0.0
PI201031_roll12,0.0
Maize_Thousand Hectares_pct_change,0.0
PI201031_lag1,0.0
BDI_High_mean_pct_change,0.0
PI101422_trend,0.0
PI101405_lag2,0.0
PI201054_roll12,0.0
PI101144_lag3,0.0
PI101133_pct_change,0.0
PI201033_lag3,0.0
PI101112_roll6,0.0
PI101121_roll6,0.0
PI201121_lag2,0.0
PI201054*x*general_index,0.0
PI201133_std12,0.0
Inflation (%)_std6,0.0
PI201131_roll3,0.0
PI101201_std3,0.0
PI101145_std3,0.0
PI201051_std3,0.0
headline_cpi_std3,0.0
PI101183_roll3,0.0
PI201113_std6,0.0
PI101161*x*general_index,0.0
PI101422_roll6,0.0
PI201111,0.0
PI201061_std6,0.0
PI201031_trend,0.0
PI201031_lag3,0.0
PI201013_lag2,0.0
PI101422_lag1,0.0
Sunflower_Thousand Hectares,0.0
PI101111*x*general_index,0.0
PI201111_trend,0.0
PI201133_roll3,0.0
PI201013_trend,0.0
PI201052_trend,0.0
PI101115_std3,0.0
PI201133*x*general_index,0.0
PI101201_lag3,0.0
PI101112_lag2,0.0
PI201133_std3,0.0
SEI00003_lag1,0.0
food_inflation_std12,0.0
PI101145_lag3,0.0
PI201011_roll12,0.0
PI201093_lag6,0.0
PI201095_lag12,0.0
PI201125_lag6,0.0
PI201135,0.0
Core Monthly Inflation Rate (Trimmed Mean) (percentage)_trend,0.0
SEI00003_lag2,0.0
PI101103_std3,0.0
PI201093_std3,0.0
PI201055*x*general_index,0.0
PI201091_pct_change,0.0
PI101003_std3,0.0
PI201113_roll3,0.0
PI101432_trend,0.0
headline_cpi_lag6,0.0
PI201133_roll12,0.0
food_index_lag2,0.0
PI201053_lag6,0.0
PI201062_lag6,0.0
PI101135_lag6,0.0
PI101144_trend,0.0
PI101131_pct_change,0.0
PI201053_lag2,0.0
PI201064_roll12,0.0
PI201083_roll6,0.0
PI201083_std6,0.0
imported_tradeables_inflation_lag2,0.0
PI201064_lag2,0.0
PI201131*x*general_index,0.0
PI201123_lag1,0.0
general_index_roll3,0.0
PI101111_lag3,0.0
PI201013_std3,0.0
PI101151_lag2,0.0
PI201013_roll3,0.0
Sunflower_Thousand Hectares_lag3,0.0
PI201095_trend,0.0
PI201011_lag2,0.0
Food_and_Non_Alcoholic_Beverages_Index_lag3,0.0
PI201001_roll12,0.0
PI201073_roll6,0.0
food_inflation_pct_change,0.0
PI201031_pct_change,0.0
PI101165*x*general_index,0.0
PI201053_trend,0.0
PI201111_std3,0.0
PI201003*x*general_index,0.0
PI101141_roll12,0.0
PI201073_std12,0.0
PI201004_lag2,0.0
PI201081,0.0
PI201113_lag1,0.0
SDR_range_std12,0.0
PI101201_pct_change,0.0
PI201073_pct_change,0.0
policy_rate_lag12,0.0
PI101111_roll12,0.0
PI201033_roll12,0.0
PI201132_roll3,0.0
PI101112_std6,0.0
PI101204*x*general_index,0.0
PI201051_roll12,0.0
PI101115_roll3,0.0
PI201073_lag2,0.0
PI101134_lag3,0.0
PI101153,0.0
PI101442_pct_change,0.0
PI101102_roll3,0.0
PI101002,0.0
PI101183,0.0
Groundnuts_Thousand Hectares_lag2,0.0
PI201032_roll3,0.0
Food_and_Non_Alcoholic_Beverages_Index_std6,0.0
policy_rate_roll12,0.0
PI101002_pct_change,0.0
PI101143_trend,0.0
PI201113_roll6,0.0
PI211445_roll6,0.0
PI201051_lag12,0.0
PI101183_lag2,0.0
Core Monthly Inflation Rate (Trimmed Mean) (percentage)_std6,0.0
Millet_Thousand Hectares_lag2,0.0
PI201052_lag1,0.0
PI201052_roll12,0.0
PI201093_trend,0.0
PI211444_pct_change,0.0
PI101404_roll3,0.0
PI101405_roll12,0.0
PI101203_roll3,0.0
PI101132_roll3,0.0
PI101002_roll3,0.0
PI201051_trend,0.0
PI201033_trend,0.0
PI101001*x*general_index,0.0
core_inflation_trend,0.0
Food_and_Non_Alcoholic_Beverages_Index_std3,0.0
PI201121,0.0
BDI_Close_count_lag6,0.0
PI201034_lag6,0.0
PI201101_std3,0.0
PI201131_roll12,0.0
PI101151_trend,0.0
PI101123_lag1,0.0
PI101442_lag1,0.0
PI201001_std3,0.0
headline_cpi_lag3,0.0
PI101165,0.0
food_inflation_lag12,0.0
policy_rate_roll6,0.0
PI201093_pct_change,0.0
PI201003_pct_change,0.0
Core Monthly Inflation Rate (Trimmed Mean) (percentage)_std3,0.0
PI201121_roll12,0.0
PI201125_std3,0.0
PI211445_lag12,0.0
PI101003_roll12,0.0
Millet_metric tonnes_lag6,0.0
PI101182_trend,0.0
Millet_metric tonnes_pct_change,0.0
PI201133_trend,0.0
PI201113_std3,0.0
PI201003_lag3,0.0
PI101145*x*general_index,0.0
PI101404_std12,0.0
PI201111_roll12,0.0
PI101183_lag1,0.0
PI101134_roll6,0.0
PI101112_lag3,0.0
PI101145_roll3,0.0
PI101153_pct_change,0.0
PI101004*x*general_index,0.0
PI101003_lag6,0.0
PI201051*x*general_index,0.0
PI101121_lag3,0.0
PI201055_roll3,0.0
PI201083_std3,0.0
Core Monthly Inflation Rate (Trimmed Mean) (percentage)_lag3,0.0
PI101183_std3,0.0
PI201103_std3,0.0
BDI_Close_range_lag1,0.0
PI953221_pct_change,0.0
PI101112_lag1,0.0
Millet_Thousand Hectares_2_lag6,0.0
PI201032_lag1,0.0
PI101135_std3,0.0
PI201011_roll6,0.0
PI101143_lag12,0.0
imported_tradeables_inflation_std3,0.0
PI201081_lag2,0.0
PI201091_std6,0.0
PI201132_lag1,0.0
PI201135_trend,0.0
Pulses_Thousand Hectares_lag12,0.0
PI101102_trend,0.0
PI101112_trend,0.0
PI101181,0.0
PI101145,0.0
PI101201_lag6,0.0
Sorghum_KG/HA_pct_change,0.0
headline_cpi_trend,0.0
PI211442_lag12,0.0
PI101111_lag12,0.0
Food_and_Non_Alcoholic_Beverages_Index_trend,0.0
BDI_Close_count_lag1,0.0
PI201123_std12,0.0
PI201113_lag6,0.0
PI201011_lag1,0.0
PI211445_trend,0.0
PI201003_trend,0.0
PI101145_lag12,0.0
headline_cpi_lag2,0.0
policy_rate_lag3,0.0
PI101445_lag2,0.0
PI201063_roll6,0.0
PI201034_roll12,0.0
PI101111_lag2,0.0
PI201125_pct_change,0.0
PI953221_trend,0.0
PI101151_lag3,0.0
PI201054_lag2,0.0
PI201103*x*general_index,0.0
PI201121_roll6,0.0
PI201111_pct_change,0.0
PI201033*x*general_index,0.0
PI101153_std3,0.0
PI201133_lag2,0.0
policy_rate_roll3,0.0
PI101181_pct_change,0.0
PI101153_trend,0.0
PI101134_std12,0.0
SDR_median_lag2,0.0
GBP_mean_lag2,0.0
PI201101_lag1,0.0
EUR_median_lag1,0.0
PI101115_trend,0.0
PI201125_lag12,0.0
PI201132,0.0
PI201005_roll12,0.0
ZAR_mean_lag1,0.0
PI201051_lag6,0.0
PI201095_lag3,0.0
PI201121_lag6,0.0
PI101165_roll6,0.0
PI201101_trend,0.0
PI919001_lag6,0.0
BDI_Close_pct_change_lag1,0.0
PI211445_std6,0.0
PI201073_lag6,0.0
PI101171_lag1,0.0
PI101165_std6,0.0
ZAR_median_pct_change,0.0
PI101131_trend,0.0
food_inflation_std6,0.0
PI101144_std3,0.0
PI211442_std12,0.0
PI101143_roll12,0.0
PI101165_std12,0.0
PI201073*x*general_index,0.0
USD_median_trend,0.0
PI201092,0.0
PI101153_roll6,0.0
PI101103_lag3,0.0
PI101101_std12,0.0
PI201011,0.0
PI201094_roll3,0.0
PI201123_roll12,0.0
PI101135_lag2,0.0
food_inflation_lag2,0.0
PI101134_std3,0.0
PI201034_lag2,0.0
PI101181_lag1,0.0
PI201055_roll12,0.0
PI201073_trend,0.0
PI101172_trend,0.0
Food_and_Non_Alcoholic_Beverages_Index,0.0
PI101183_roll6,0.0
PI201034*x*general_index,0.0
BDI_Close_std_pct_change,0.0
PI201073_lag3,0.0
policy_rate_std3,0.0
policy_rate_std12,0.0
PI101003_lag1,0.0
policy_rate_trend,0.0
PI201002*x*general_index,0.0
BDI_High_range_trend,0.0
PI101121_lag2,0.0
PI101134_roll3,0.0
PI101151_lag1,0.0
PI101422_lag3,0.0
Sunflower_Thousand Hectares_2_lag3,0.0
PI201103_pct_change,0.0
PI101185_pct_change,0.0
PI201054_lag6,0.0
BDI_High_variance_lag6,0.0
PI201011_lag12,0.0
BDI_High_variance_std6,0.0
PI101432_lag12,0.0
PI211444,0.0
PI101133_std3,0.0
PI201063_std12,0.0
PI201005_lag2,0.0
PI101153_lag1,0.0
PI201054_lag1,0.0
PI101175_pct_change,0.0
BDI_Low_pct_change_lag3,0.0
PI101404_lag1,0.0
PI201093_roll12,0.0
PI201033,0.0
Food_and_Non_Alcoholic_Beverages_Index_lag6,0.0
BDI_Close_std_trend,0.0
Core Monthly Inflation Rate (Trimmed Mean) (percentage)_pct_change,0.0
PI201121_lag3,0.0
PI101162_roll12,0.0
Food_and_Non_Alcoholic_Beverages_Index_pct_change,0.0
EUR_std_lag1,0.0
PI201061_std12,0.0
PI201033_pct_change,0.0
BDI_Close_pct_change_trend,0.0
PI101445_trend,0.0
PI211445_lag1,0.0
PI101165_roll12,0.0
PI201013_lag6,0.0
PI101202*x*general_index,0.0
PI101145_std6,0.0
PI101184_lag6,0.0
PI201091_std12,0.0
PI101115*x*general_index,0.0
PI101171_std3,0.0
PI101124*x*general_index,0.0
PI101175_std6,0.0
BDI_High_min_lag1,0.0
PI101153_lag2,0.0
PI101145_roll6,0.0
PI101153_lag12,0.0
BDI_Close_variance_trend,0.0
PI201065_lag6,0.0
headline_cpi_std6,0.0
PI101145_roll12,0.0
Core Monthly Inflation Rate (Trimmed Mean) (percentage)_roll6,0.0
Imported Tradeables Index_trend,0.0
PI201031_lag12,0.0
PI201094_pct_change,0.0
PI101161_lag6,0.0
Millet_Thousand Hectares_2_pct_change,0.0
PI101001_std3,0.0
PI101171_trend,0.0
headline_cpi_lag1,0.0
PI101422_roll3,0.0
PI101201,0.0
PI201081_pct_change,0.0
BDI_High_range_pct_change,0.0
SEI00003_lag6,0.0
PI201055_std6,0.0
PI101432_lag3,0.0
Sunflower_Thousand Hectares_2_pct_change,0.0
PI201133_lag1,0.0
PI201081_std3,0.0
PI101171_roll6,0.0
Sorghum_Thousand Hectares_lag1,0.0
PI101121_pct_change,0.0
PI101182,0.0
PI101104*x*general_index,0.0
PI101203_roll6,0.0
Pulses_KG/HA_lag6,0.0
PI101181_roll6,0.0
Inflation (%)_lag12,0.0
PI919001_roll3,0.0
PI201033_lag1,0.0
PI101181_std3,0.0
PI101101_pct_change,0.0
Sorghum_Thousand Hectares_2_pct_change,0.0
PI201064_trend,0.0
PI101201*x*general_index,0.0
Pulses_Thousand Hectares_2_pct_change,0.0
PI201061_roll6,0.0
PI101171_pct_change,0.0
PI201093_std6,0.0
PI201135_pct_change,0.0
BDI_Close_count_lag12,0.0
PI201011_trend,0.0
PI101183_pct_change,0.0
PI101115_lag3,0.0
PI201055_lag3,0.0
PI201121_trend,0.0
PI101185*x*general_index,0.0
PI201083_trend,0.0
PI201033_roll6,0.0
PI201095_roll3,0.0
PI201123_lag6,0.0
PI101112_lag6,0.0
PI101132_lag6,0.0
PI201063_lag6,0.0
BDI_Close_count,0.0
PI101135_trend,0.0
food_inflation_trend,0.0
PI201133_pct_change,0.0
Millet_Thousand Hectares_lag1,0.0
PI201133_roll6,0.0
PI101203_lag1,0.0
PI101121_std3,0.0
PI101111_lag6,0.0
food_inflation,0.0
PI919001_roll6,0.0
PI101172_lag2,0.0
PI211445_roll12,0.0
PI101135_lag1,0.0
PI101121_lag6,0.0
BDI_High_std_lag6,0.0
PI211445_std12,0.0
PI201031_roll6,0.0
PI201124_trend,0.0
PI101175_lag3,0.0
PI201103,0.0
PI201062*x*general_index,0.0
PI201065_pct_change,0.0
PI201131_std3,0.0
core_inflation_pct_change,0.0
BDI_High_mean_roll3,0.0
Millet_Thousand Hectares_2_lag2,0.0
PI201055_pct_change,0.0
PI201124_roll3,0.0
BDI_Low_mean_std3,0.0
PI101112_std3,0.0
PI101404_lag12,0.0
PI201061_std3,0.0
EUR_std_trend,0.0
BDI_High_range_lag1,0.0
PI101165_lag3,0.0
Millet_KG/HA_lag12,0.0
BDI_Close_std_lag2,0.0
PI101134*x*general_index,0.0
Inflation (%)_trend,0.0
PI201003_std3,0.0
PI101145_std12,0.0
PI201034_roll6,0.0
PI201124_roll12,0.0
policy_rate_std6,0.0
PI201131_lag6,0.0
Millet_KG/HA_pct_change,0.0
Maize_KG/HA_pct_change,0.0
PI201111_lag2,0.0
Food_and_Non_Alcoholic_Beverages_Index_roll12,0.0
BDI_Low_pct_change_pct_change,0.0
PI101184*x*general_index,0.0
PI201123,0.0
PI201031,0.0
PI101161_trend,0.0
PI101123_lag2,0.0
PI101134_trend,0.0
PI101201_roll6,0.0
BDI_Close_first,0.0
PI201131_pct_change,0.0
PI101123_roll6,0.0
PI101182_pct_change,0.0
Sunflower_metric tonnes_pct_change,0.0
PI101143_pct_change,0.0
PI101121,0.0
PI101184_roll12,0.0
PI201121_roll3,0.0
PI101133_trend,0.0
PI101115_lag12,0.0
PI101004_std6,0.0
BDI_Low_median_roll6,0.0
SDR_range_roll3,0.0
PI201061_lag3,0.0
PI201134_roll6,0.0
SDR_mean_roll3,0.0
PI101161_lag2,0.0
PI101131_lag2,0.0
general_index_lag3,0.0
Imported Tradeables Index_std12,0.0
PI211445,0.0
BDI_Close_min_lag3,0.0
PI201052_lag12,0.0
PI201071_std12,0.0
BDI_Close_std_std12,0.0
BDI_Close_first_lag2,0.0
PI201035_std6,0.0
BDI_Close_min_lag1,0.0
Millet_Thousand Hectares,0.0
YEN_std_roll6,0.0
GBP_std_lag12,0.0
PI101152_lag6,0.0
PI101111,0.0
Maize_metric tonnes_lag2,0.0
PI201035_lag2,0.0
Imported Tradeables Index_lag12,0.0
PI201134_lag6,0.0
BDI_Close_mean_std6,0.0
PI101432_lag6,0.0
BDI_Low_mean_std12,0.0
PI201065_lag2,0.0
BDI_High_range_roll12,0.0
PI101402*x*general_index,0.0
PI101404*x*general_index,0.0
SDR_median_lag12,0.0
PI101405,0.0
PI101402_lag6,0.0
BDI_High_min_std12,0.0
PI101124_roll12,0.0
PI211442*x*general_index,0.0
PI201031_std12,0.0
food_index_roll6,0.0
Sorghum_metric tonnes_lag3,0.0
Brent_USD_per_barrel*x*EUR_mean,0.0
PI201032_roll6,0.0
PI101001_lag3,0.0
PI201054_lag3,0.0
BDI_High_mean_roll6,0.0
BDI_Close_min_lag2,0.0
PI101122_std3,0.0
PI101155_roll6,0.0
PI101144_lag12,0.0
BDI_Close_variance_std3,0.0
BDI_High_variance_roll3,0.0
PI201093_roll6,0.0
PI101141_std3,0.0
EUR_range_lag1,0.0
PI201035_lag6,0.0
PI201122,0.0
BDI_Low_mean_std6,0.0
YEN_std_std6,0.0
PI201063_lag2,0.0
BDI_Close_max_roll3,0.0
PI201122*x*general_index,0.0
USD_median_std12,0.0
Sunflower_Thousand Hectares_2_lag12,0.0
PI201092_std12,0.0
PI201065_roll3,0.0
food_index,0.0
PI201001_roll3,0.0
PI101131,0.0
PI101143_roll3,0.0
PI201002_lag6,0.0
EUR_mean_roll6,0.0
PI101101,0.0
SDR_mean_lag3,0.0
USD_median_lag12,0.0
PI201062_lag3,0.0
YEN_median_roll12,0.0
PI101005_lag6,0.0
PI101181_lag6,0.0
PI201035_lag1,0.0
USD_mean_lag3,0.0
PI101002_lag3,0.0
PI201052,0.0
PI201033_roll3,0.0
BDI_Low_mean_lag3,0.0
PI101104_lag1,0.0
PI201095_roll12,0.0
PI201032_lag6,0.0
Core Monthly Inflation Rate (Trimmed Mean) (percentage)_roll3,0.0
PI201062_roll6,0.0
PI201101_lag2,0.0
PI101105_lag3,0.0
PI101402,0.0
PI101405_roll3,0.0
PI211444_roll3,0.0
Sorghum_KG/HA_lag6,0.0
USD_pct_change_std12,0.0
PI101124_lag2,0.0
USD_mean_lag6,0.0
PI201125_roll3,0.0
PI101203_roll12,0.0
BDI_Low_variance_lag6,0.0
PI201071_roll3,0.0
BDI_Close_mean_roll12,0.0
BDI_Low_mean_roll6,0.0
USD_median_lag6,0.0
PI201091_lag6,0.0
PI101001_lag12,0.0
BDI_Low_median_lag6,0.0
SDR_mean_lag1,0.0
PI101422_roll12,0.0
PI201134,0.0
BDI_Close_variance_roll3,0.0
Maize_KG/HA_lag12,0.0
PI101115_std12,0.0
PI201073_lag12,0.0
Pulses_metric tonnes_lag3,0.0
BDI_Close_median_roll6,0.0
BDI_Close_range,0.0
PI201033_std6,0.0
Groundnuts_KG/HA,0.0
PI101162_lag2,0.0
USD_median,0.0
imported_tradeables_inflation,0.0
GBP_std_roll6,0.0
YEN_mean_roll12,0.0
PI101151_roll12,0.0
PI101005_std6,0.0
BDI_High_median,0.0
PI201005,0.0
core_inflation_std3,0.0
BDI_Close_first_lag1,0.0
PI101104_lag3,0.0
Groundnuts_metric tonnes_2_lag2,0.0
PI101184_std3,0.0
PI201094*x*general_index,0.0
PI201061_lag1,0.0
Millet_KG/HA_lag1,0.0
BDI_High_min,0.0
YEN_range_roll6,0.0
USD_range_lag12,0.0
Pulses_Thousand Hectares_2_lag6,0.0
PI201135_lag3,0.0
Sorghum_KG/HA_lag1,0.0
PI201124_lag3,0.0
PI201091_roll12,0.0
PI201071_std3,0.0
PI201001*x*general_index,0.0
PI101132_lag3,0.0
Sunflower_KG/HA_lag12,0.0
PI211444_roll12,0.0
PI101141,0.0
PI101112*x*general_index,0.0
PI101101_roll3,0.0
PI101004_roll6,0.0
policy_rate_lag6,0.0
Maize_KG/HA_lag6,0.0
PI201123_roll3,0.0
PI101102,0.0
PI101101_std6,0.0
PI201063_lag1,0.0
PI101122_lag1,0.0
Inflation (%)_lag6,0.0
PI201034_lag1,0.0
PI101135_roll3,0.0
BDI_Close_range_roll3,0.0
Core Monthly Inflation Rate (Trimmed Mean) (percentage),0.0
Imported Tradeables Index_lag1,0.0
PI101103_lag2,0.0
general_index_lag1,0.0
PI101001_roll6,0.0
PI101131_roll3,0.0
PI101101_lag1,0.0
PI101161_roll12,0.0
PI101145_lag1,0.0
PI201122_roll6,0.0
PI101001_roll12,0.0
Maize_Thousand Hectares_2_lag2,0.0
PI101162_lag12,0.0
PI201055_lag6,0.0
BDI_Low_range_roll6,0.0
PI201005_roll3,0.0
PI201092*x*general_index,0.0
Groundnuts_metric tonnes_2_lag1,0.0
PI201095,0.0
PI201132_lag3,0.0
PI201083_lag2,0.0
general_index_lag2,0.0
GBP_median_lag2,0.0
PI101101_roll12,0.0
PI101154_std12,0.0
PI201083_lag6,0.0
PI101001_std12,0.0
PI201051_roll6,0.0
Brent_USD_per_barrel_lag6,0.0
EUR_median_roll12,0.0
PI101133_lag1,0.0
PI101133_roll3,0.0
PI101201_roll12,0.0
USD_median_roll3,0.0
PI201052*x*general_index,0.0
PI101104_roll3,0.0
PI201091_lag2,0.0
Sorghum_metric tonnes_lag2,0.0
PI201131_std6,0.0
BDI_Low_median_lag3,0.0
YEN_median_lag3,0.0
PI101103_lag6,0.0
PI201002_lag2,0.0
PI201134_std6,0.0
PI201124,0.0
PI101143_lag3,0.0
PI201124_roll6,0.0
BDI_Close_min_roll6,0.0
PI101003_roll3,0.0
PI201121_std6,0.0
BDI_High_median_lag2,0.0
PI101182_lag2,0.0
PI101162_roll3,0.0
PI101205_lag2,0.0
Inflation (%),0.0
ZAR_median_lag1,0.0
PI201083_roll12,0.0
PI101162,0.0
core_inflation_lag1,0.0
PI101002_lag2,0.0
PI101445*x*general_index,0.0
PI101203_std3,0.0
PI101182_lag12,0.0
ZAR_mean_roll6,0.0
PI201131_lag12,0.0
YEN_median_roll6,0.0
Millet_metric tonnes_lag2,0.0
BDI_Low_median_roll3,0.0
PI201061_lag6,0.0
Groundnuts_metric tonnes_2_lag3,0.0
BDI_Close_std_lag6,0.0
PI201071_lag2,0.0
EUR_range_std6,0.0
YEN_range_std12,0.0
BDI_Close_mean_lag6,0.0
PI101125_std6,0.0
PI101125_lag12,0.0
SDR_median_lag3,0.0
general_index_lag12,0.0
PI101172_roll3,0.0
food_index_lag6,0.0
YEN_mean_lag6,0.0
ZAR_mean_lag12,0.0
PI201132_lag12,0.0
Brent_USD_per_barrel_roll12,0.0
PI201134_lag2,0.0
PI201091_lag1,0.0
BDI_Close_first_roll6,0.0
food_index_lag3,0.0
PI953221_roll6,0.0
BDI_Close_pct_change_roll12,0.0
PI101184_lag2,0.0
PI201135_lag6,0.0
EUR_std_roll6,0.0
PI211445_lag3,0.0
core_inflation_lag3,0.0
PI101162_lag6,0.0
Brent_USD_per_barrel,0.0
BDI_Low_variance_roll6,0.0
BDI_Low_range_roll12,0.0
PI211444*x*general_index,0.0
BDI_High_mean_std12,0.0
PI201051_roll3,0.0
core_inflation_roll3,0.0
PI101205_lag3,0.0
PI201065*x*general_index,0.0
PI101445_roll6,0.0
PI101122_lag12,0.0
PI201005_std12,0.0
ZAR_mean_lag2,0.0
BDI_Close_std_std6,0.0
BDI_Close_pct_change_std12,0.0
PI201052_lag3,0.0
EUR_mean_lag2,0.0
BDI_Close_max_lag3,0.0
PI201131_std12,0.0
PI101123_lag12,0.0
PI211442_lag1,0.0
PI101432_std3,0.0
PI201035,0.0
PI201093_lag1,0.0
PI101184_lag12,0.0
PI101123*x*general_index,0.0
PI101445_lag12,0.0
BDI_High_median_lag12,0.0
PI101132_roll12,0.0
PI201062_lag12,0.0
BDI_Low_pct_change_std12,0.0
PI201055_std12,0.0
USD_pct_change_std6,0.0
PI101121*x*general_index,0.0
BDI_Low_variance_std6,0.0
PI101105*x*general_index,0.0
PI201005_lag6,0.0
PI201035_roll6,0.0
BDI_High_range_lag6,0.0
EUR_std_roll3,0.0
PI101172_roll6,0.0
PI919001_lag2,0.0
PI101162_lag3,0.0
PI101144_roll6,0.0
PI101144,0.0
PI101145_pct_change,0.0
Sorghum_KG/HA,0.0
PI101144_pct_change,0.0
Sorghum_Thousand Hectares_2_lag6,0.0
Sunflower_Thousand Hectares_lag6,0.0
SEI00003,0.0
PI101115,0.0
PI201081_lag6,0.0
PI101155_std12,0.0
YEN_median_roll3,0.0
PI201103_lag6,0.0
PI211444_trend,0.0
PI211442_trend,0.0
PI201054,0.0
PI919001_lag12,0.0
PI201083,0.0
PI101404_lag3,0.0
PI211445_pct_change,0.0
policy_rate_lag2,0.0
PI101134_std6,0.0
PI101134_roll12,0.0
PI101165_lag2,0.0
PI101115_pct_change,0.0
PI101134_lag6,0.0
PI101404_trend,0.0
PI101402_trend,0.0
PI101141_lag6,0.0
BDI_Close_variance_std12,0.0
BDI_Low_std_std12,0.0
policy_rate,0.0
PI101404_std3,0.0
PI101204_lag12,0.0
PI201081_lag1,0.0
EUR_median_roll6,0.0
PI101141_lag2,0.0
PI101105_lag12,0.0
PI953221_lag12,0.0
BDI_Close_last_lag12,0.0
EUR_range_lag3,0.0
PI201052_roll3,0.0
PI201094_lag1,0.0
EUR_median_roll3,0.0
Brent_USD_per_barrel_std6,0.0
PI101005_lag12,0.0
SDR_std_std6,0.0
PI101165_pct_change,0.0
BDI_High_min_roll12,0.0
BDI_Low_std_roll6,0.0
ZAR_mean_roll12,0.0
BDI_High_range_roll3,0.0
ZAR_mean_lag3,0.0
PI211442_roll12,0.0
BDI_High_mean,0.0
USD_mean_roll6,0.0
PI953221_lag2,0.0
ZAR_median_std12,0.0
PI201035_roll3,0.0
PI101103,0.0
PI101004_lag3,0.0
PI101165_roll3,0.0
PI101185_std6,0.0
PI101155_roll12,0.0
ZAR_range_roll6,0.0
BDI_High_median_roll6,0.0
PI101175_lag6,0.0
PI101442_lag2,0.0
PI201004_roll12,0.0
PI201034_lag3,0.0
PI101175*x*general_index,0.0
ZAR_std_roll6,0.0
PI101181_lag2,0.0
core_inflation_lag12,0.0
YEN_median,0.0
BDI_Close_min_roll3,0.0
USD_mean_lag1,0.0
PI201103_lag1,0.0
Maize_metric tonnes_lag12,0.0
PI101405_lag12,0.0
PI201011_lag3,0.0
EUR_std_std12,0.0
YEN_mean_lag2,0.0
PI101442_lag3,0.0
PI101103_std12,0.0
PI101202_roll12,0.0
BDI_Low_median_lag12,0.0
PI201061_roll3,0.0
PI101122*x*general_index,0.0
Food_and_Non_Alcoholic_Beverages_Index_lag12,0.0
PI201033_lag6,0.0
PI201064_lag12,0.0
Millet_metric tonnes_lag1,0.0
PI201124_lag2,0.0
PI101135*x*general_index,0.0
PI201101_roll3,0.0
PI201032*x*general_index,0.0
GBP_median_lag3,0.0
PI201013_std6,0.0
PI101005_std12,0.0
ZAR_mean_std12,0.0
PI919001_roll12,0.0
PI211442_roll3,0.0
SDR_range_roll6,0.0
PI101184_lag3,0.0
imported_tradeables_inflation_lag12,0.0
PI101132_lag12,0.0
PI201132_lag6,0.0
PI201004_lag12,0.0
imported_tradeables_inflation_roll12,0.0
PI201093,0.0
PI201132_roll12,0.0
BDI_High_mean_lag6,0.0
PI101171_std12,0.0
PI201001_lag6,0.0
BDI_Close_variance_std6,0.0
PI101205_roll3,0.0
BDI_High_median_roll3,0.0
PI201093_roll3,0.0
BDI_Low_median,0.0
BDI_Close_min,0.0
YEN_mean_lag1,0.0
Maize_KG/HA,0.0
BDI_High_std_std6,0.0
PI101432_lag1,0.0
PI101202_lag3,0.0
general_index_roll6,0.0
PI101184_roll6,0.0
PI201134_lag1,0.0
PI201071_roll12,0.0
PI101172_lag6,0.0
PI101112_lag12,0.0
PI201033_lag12,0.0
BDI_Close_mean_lag12,0.0
Sorghum_Thousand Hectares_lag2,0.0
PI101141_lag3,0.0
PI101445_lag6,0.0
PI201103_std6,0.0
SDR_median_lag1,0.0
PI201132_std3,0.0
PI101154_roll12,0.0
Brent_USD_per_barrel*x*ZAR_median,0.0
BDI_Close_median,0.0
PI201134_roll3,0.0
Inflation (%)_std12,0.0
PI101131_std12,0.0
core_inflation,0.0
PI201031_std6,0.0
PI101005*x*general_index,0.0
USD_mean_roll3,0.0
Imported Tradeables Index,0.0
ZAR_median_roll3,0.0
PI201052_std12,0.0
USD_std_lag1,0.0
PI101003_std12,0.0
core_inflation_lag2,0.0
USD_mean_lag2,0.0
PI101405_std3,0.0
PI101405_pct_change,0.0
BDI_Close_std_roll6,0.0
GBP_range_roll6,0.0
PI201031_lag2,0.0
PI201054_std12,0.0
Maize_KG/HA_lag3,0.0
PI201054_lag12,0.0
PI101155_roll3,0.0
imported_tradeables_inflation_roll6,0.0
PI101184_std12,0.0
Maize_Thousand Hectares_lag3,0.0
headline_cpi_lag12,0.0
PI201071,0.0
PI201003_roll6,0.0
EUR_median_lag3,0.0
PI101133_lag6,0.0
Pulses_Thousand Hectares_2_lag3,0.0
Inflation (%)_lag3,0.0
BDI_Low_mean,0.0
PI101103_pct_change,0.0
BDI_Close_first_roll3,0.0
PI201002_roll12,0.0
PI101143_lag2,0.0
SDR_mean_roll6,0.0
PI101001,0.0
PI201092_lag2,0.0
PI201095_lag6,0.0
PI101003_lag2,0.0
PI201001_lag3,0.0
PI101131_lag6,0.0
PI201103_lag3,0.0
PI201063_lag12,0.0
PI201092_pct_change,0.0
PI101101_trend,0.0
PI201131_lag2,0.0
PI201053*x*general_index,0.0
PI101101_lag6,0.0
PI211442_std6,0.0
PI101003*x*general_index,0.0
BDI_Close_median_std6,0.0
PI201032_lag3,0.0
PI201122_roll3,0.0
BDI_Close_median_lag3,0.0
Maize_Thousand Hectares_lag6,0.0
PI101123_roll12,0.0
GBP_median_roll6,0.0
PI101442,0.0
PI101162*x*general_index,0.0
PI201062_roll12,0.0
PI201091_roll3,0.0
PI101402_std12,0.0
Maize_metric tonnes,0.0
PI101132_pct_change,0.0
PI201111_lag1,0.0
PI201093*x*general_index,0.0
BDI_High_std_roll12,0.0
PI101432_roll12,0.0
PI101402_roll12,0.0
PI201053_lag1,0.0
PI101124_lag1,0.0
BDI_Low_range_std6,0.0
PI201133_std6,0.0
PI101204_roll12,0.0
core_inflation_roll6,0.0
GBP_median,0.0
PI201031_roll3,0.0
PI953221_lag3,0.0
PI201052_std6,0.0
PI101102_std3,0.0
BDI_Close_variance,0.0
Millet_Thousand Hectares_2_lag12,0.0
PI101202_roll6,0.0
PI101182*x*general_index,0.0
BDI_Low_std_lag6,0.0
PI201081_std12,0.0
BDI_High_variance_lag2,0.0
PI201035_lag3,0.0
PI201091_roll6,0.0
Core Monthly Inflation Rate (Trimmed Mean) (percentage)_lag2,0.0
PI201073_std3,0.0
PI101111_roll3,0.0
PI101202_lag12,0.0
USD_range_roll6,0.0
PI201132_roll6,0.0
PI101143,0.0
PI101181*x*general_index,0.0
PI201002_lag3,0.0
PI201101_std6,0.0
PI919001,0.0
PI201065_lag12,0.0
Brent_USD_per_barrel_pct_change,0.0
PI101002*x*general_index,0.0
PI201095_std6,0.0
Sorghum_metric tonnes_lag12,0.0
PI101171_lag12,0.0
PI101001_lag1,0.0
PI201001_pct_change,0.0
Imported Tradeables Index_std6,0.0
BDI_Low_mean_lag2,0.0
PI201094_lag2,0.0
PI101161_std12,0.0
PI201005_roll6,0.0
PI101155_lag1,0.0
PI201052_roll6,0.0
PI101205_lag12,0.0
BDI_Low_range_lag6,0.0
ZAR_mean_std3,0.0
BDI_Low_mean_roll12,0.0
Groundnuts_metric tonnes_2_lag12,0.0
BDI_High_variance_std3,0.0
PI101001_std6,0.0
PI201094_roll12,0.0
BDI_High_range_std3,0.0
PI201003_roll12,0.0
PI201061_trend,0.0
Sorghum_Thousand Hectares_lag12,0.0
BDI_Close_mean_lag3,0.0
PI201113_std12,0.0
PI101145_lag6,0.0
PI211444_lag12,0.0
PI101442_roll3,0.0
ZAR_median_trend,0.0
USD_range,0.0
PI201063_roll12,0.0
PI101405_roll6,0.0
PI211442_lag6,0.0
BDI_Close_mean_trend,0.0
PI201124*x*general_index,0.0
PI919001*x*general_index,0.0
PI101001_lag6,0.0
PI201091,0.0
USD_median_lag3,0.0
EUR_range_roll12,0.0
PI201094,0.0
PI201051_lag2,0.0
PI201094_roll6,0.0
PI201094_lag12,0.0
ZAR_median_lag2,0.0
PI201062_std12,0.0
PI953221_std6,0.0
PI201064,0.0
ZAR_median_lag6,0.0
PI101005_lag1,0.0
Imported Tradeables Index_roll6,0.0
BDI_Low_std_trend,0.0
PI201005*x*general_index,0.0
BDI_Close_variance_lag12,0.0
PI201091_lag3,0.0
PI101002_roll6,0.0
BDI_High_mean_trend,0.0
PI101185_lag12,0.0
YEN_mean_roll3,0.0
PI101124_std3,0.0
PI201122_lag6,0.0
PI101204_lag2,0.0
PI201125*x*general_index,0.0
PI201064*x*general_index,0.0
PI201003_std6,0.0
BDI_Close_median_roll3,0.0
PI101203_lag6,0.0
BDI_Low_std_lag3,0.0
PI101203_lag12,0.0
PI201051_std6,0.0
Millet_metric tonnes_lag12,0.0
PI201131_roll6,0.0
PI211442_roll6,0.0
PI101445_roll12,0.0
PI101103_roll6,0.0
PI201071_std6,0.0
PI101103_trend,0.0
PI201003_std12,0.0
PI101144_roll12,0.0
PI101151_roll6,0.0
PI101103_std6,0.0
BDI_Close_median_trend,0.0
BDI_High_std_trend,0.0
PI201081*x*general_index,0.0
PI101204_roll6,0.0
PI201113_roll12,0.0
BDI_High_range_lag3,0.0
PI101183*x*general_index,0.0
PI201083*x*general_index,0.0
BDI_High_range,0.0
PI201093_lag3,0.0
Sorghum_metric tonnes_lag6,0.0
Millet_Thousand Hectares_2_lag1,0.0
BDI_Close_last_lag3,0.0
PI201123*x*general_index,0.0
PI101151_lag6,0.0
PI201013_lag1,0.0
PI101171*x*general_index,0.0
PI101102_lag3,0.0
PI201081_trend,0.0
ZAR_range_lag2,0.0
PI101171_roll12,0.0
PI201132*x*general_index,0.0
PI201055_lag1,0.0
PI201053_roll12,0.0
PI201092_lag1,0.0
ZAR_mean_lag6,0.0
PI201095_roll6,0.0
PI201034_roll3,0.0
Inflation (%)_lag1,0.0
PI201101*x*general_index,0.0
PI101141_std12,0.0
Food_and_Non_Alcoholic_Beverages_Index_std12,0.0
BDI_Low_range_lag12,0.0
BDI_Low_std_std3,0.0
PI201122_lag3,0.0
BDI_Close_first_std3,0.0
SEI00003_lag3,0.0
PI101123_std3,0.0
PI101144_std12,0.0
PI101151,0.0
PI201134_trend,0.0
Pulses_Thousand Hectares_2_lag12,0.0
PI101182_std12,0.0
PI211444_lag3,0.0
PI101133_lag12,0.0
PI101103_roll12,0.0
PI101135_std6,0.0
PI101201_lag2,0.0
BDI_Close_median_pct_change,0.0
PI101203_pct_change,0.0
PI101172_lag1,0.0
PI101125,0.0
PI201123_lag2,0.0
PI101101*x*general_index,0.0
PI101154_trend,0.0
PI201071_lag12,0.0
PI201093_std12,0.0
PI101133_std12,0.0
BDI_High_median_trend,0.0
PI201092_lag12,0.0
PI101102_lag1,0.0
PI201094_trend,0.0
PI101132,0.0
Imported Tradeables Index_pct_change,0.0
PI201125_roll6,0.0
Sorghum_metric tonnes,0.0
PI101131_std6,0.0
PI211445_lag6,0.0
BDI_Low_median_lag1,0.0
Imported Tradeables Index_std3,0.0
Sorghum_metric tonnes_lag1,0.0
BDI_High_std_roll3,0.0
PI101161_std3,0.0
BDI_Close_range_lag12,0.0
food_index_roll3,0.0
PI101133_lag3,0.0
PI201052_lag2,0.0
PI101003_roll6,0.0
PI201064_roll3,0.0
PI101131_lag3,0.0
BDI_Low_median_pct_change,0.0
PI201095_std3,0.0
PI101422,0.0
PI101181_std12,0.0
PI201001_std6,0.0
Groundnuts_Thousand Hectares_lag6,0.0
Pulses_KG/HA_lag12,0.0
PI201073_roll3,0.0
Sunflower_Thousand Hectares_2,0.0
USD_range_roll12,0.0
PI101405_lag6,0.0
PI101204_lag3,0.0
ZAR_median_roll6,0.0
imported_tradeables_inflation_lag6,0.0
PI101002_lag1,0.0
PI101405_lag3,0.0
Millet_metric tonnes,0.0
PI101101_lag12,0.0
PI101444*x*general_index,0.0
PI101125_roll3,0.0
USD_median_roll12,0.0
PI201053_lag12,0.0
BDI_High_range_roll6,0.0
PI201001_lag1,0.0
PI211442_lag2,0.0
PI201092_std3,0.0
PI101183_lag12,0.0
Millet_Thousand Hectares_lag12,0.0
PI101112_std12,0.0
BDI_Low_median_lag2,0.0
PI101004_roll12,0.0
PI101182_lag6,0.0
PI201131_lag1,0.0
PI201061,0.0
Brent_USD_per_barrel_lag3,0.0
PI201094_lag3,0.0
ZAR_median_roll12,0.0
core_inflation_roll12,0.0
SDR_std_roll6,0.0
PI101105,0.0
BDI_High_range_lag2,0.0
Inflation (%)_roll12,0.0
PI201092_roll3,0.0
PI211445*x*general_index,0.0
PI201003_lag2,0.0
PI101121_lag12,0.0
PI101101_lag3,0.0
BDI_High_median_roll12,0.0
PI101142_roll6,0.0
PI101122_roll6,0.0
PI201081_lag3,0.0
PI201053_roll6,0.0
SDR_median_roll6,0.0
PI101131_lag1,0.0
general_index,0.0
PI101161_roll6,0.0
PI101125_lag2,0.0
PI201095*x*general_index,0.0
PI201121_lag12,0.0
Groundnuts_Thousand Hectares_lag1,0.0
PI201031_lag6,0.0
PI201093_lag2,0.0
PI101155*x*general_index,0.0
BDI_Close_range_std6,0.0
PI201004_trend,0.0
PI201103_lag2,0.0
PI201011_std3,0.0
PI201121_lag1,0.0
PI201065_roll6,0.0
BDI_Close_median_lag1,0.0
PI101121_std12,0.0
EUR_pct_change_roll12,0.0
BDI_High_min_lag2,0.0
PI201013_std12,0.0
BDI_Close_std_lag12,0.0
PI101135_lag3,0.0
PI101175,0.0
PI101111_std12,0.0
EUR_range_roll3,0.0
PI953221_roll3,0.0
Sunflower_metric tonnes,0.0
PI101172_roll12,0.0
PI201055,0.0
SDR_mean_roll12,0.0
Sorghum_Thousand Hectares_2,0.0
BDI_Close_last_roll6,0.0
PI201005_lag3,0.0
PI201134_lag12,0.0
PI201125_lag3,0.0
PI101442_roll12,0.0
BDI_Close_std,0.0
Month_sin,0.0
PI201103_lag12,0.0
PI101135_roll12,0.0
YEN_pct_change_roll12,0.0
PI201111*x*general_index,0.0
PI201135_lag12,0.0
PI101155,0.0
Sorghum_KG/HA_lag12,0.0
PI201095_lag2,0.0
YEN_range_std3,0.0
PI101171_lag3,0.0
BDI_Close_median_lag6,0.0
PI201001_roll6,0.0
BDI_Close_max,0.0
PI101115_lag2,0.0
PI211444_std6,0.0
Maize_metric tonnes_lag3,0.0
PI201011_std6,0.0
PI101445_std6,0.0
EUR_std_roll12,0.0
PI101133_roll12,0.0
PI201101_roll6,0.0
PI201051_lag3,0.0
GBP_median_lag6,0.0
PI201083_lag1,0.0
imported_tradeables_inflation_lag3,0.0
PI101141_roll3,0.0
PI201111_lag3,0.0
headline_cpi,0.0
GBP_median_lag1,0.0
PI201005_lag1,0.0
PI101005_lag3,0.0
Maize_Thousand Hectares,0.0
Sorghum_Thousand Hectares_lag6,0.0
PI101123_lag3,0.0
PI101405_trend,0.0
PI101172_pct_change,0.0
PI201035_trend,0.0
PI101182_roll12,0.0
Pulses_Thousand Hectares,0.0
PI201063_lag3,0.0
Groundnuts_KG/HA_lag12,0.0
Millet_Thousand Hectares_lag3,0.0
PI201134*x*general_index,0.0
PI101172_lag3,0.0
PI201002_roll3,0.0
Sorghum_Thousand Hectares_2_lag12,0.0
BDI_High_median_lag3,0.0
PI101105_roll12,0.0
Pulses_Thousand Hectares_2_lag1,0.0
BDI_High_median_std6,0.0
BDI_High_pct_change_lag2,0.0
headline_cpi_pct_change,0.0
Brent_USD_per_barrel*x*SDR_mean,0.0
PI101203_std12,0.0
PI101144_lag2,0.0
PI201125_roll12,0.0
BDI_Close_first_std6,0.0
PI101205_std12,0.0
PI101124_lag12,0.0
PI201083_lag3,0.0
BDI_High_mean_lag12,0.0
Pulses_Thousand Hectares_lag3,0.0
GBP_std_lag3,0.0
PI201131,0.0
PI101171_lag6,0.0
GBP_mean_lag1,0.0
PI101422_lag12,0.0
PI201031*x*general_index,0.0
BDI_High_min_roll6,0.0
PI101104_roll6,0.0
PI201011_std12,0.0
PI101152*x*general_index,0.0
BDI_Low_range_lag2,0.0
PI101125_lag1,0.0
PI101161_lag12,0.0
EUR_mean_roll3,0.0
PI201124_lag6,0.0
PI101132_roll6,0.0
PI201111_roll6,0.0
Food_and_Non_Alcoholic_Beverages_Index_roll6,0.0
PI201065_std6,0.0
BDI_Close_std_std3,0.0
Groundnuts_metric tonnes_2,0.0
PI201061_lag12,0.0
PI201011_roll3,0.0
PI201113_lag2,0.0
PI101133_std6,0.0
Maize_metric tonnes_lag6,0.0
PI201013_roll6,0.0
PI201081_lag12,0.0
Maize_Thousand Hectares_2_lag3,0.0
PI201035_roll12,0.0
BDI_High_min_std6,0.0
PI201013_lag3,0.0
EUR_mean_lag3,0.0
PI101121_roll3,0.0
imported_tradeables_inflation_std6,0.0
BDI_Low_mean_trend,0.0
PI101125_std12,0.0
PI101124_roll6,0.0
core_inflation_std12,0.0
YEN_median_std12,0.0
EUR_mean_lag6,0.0
PI201003,0.0
PI101432_roll6,0.0
PI201122_roll12,0.0
Maize_Thousand Hectares_2_lag12,0.0
PI201064_roll6,0.0
Maize_Thousand Hectares_lag2,0.0
headline_cpi_std12,0.0
SEI00003_lag12,0.0
PI101005_roll12,0.0
PI101133_roll6,0.0
BDI_Low_variance_std3,0.0
SDR_median_lag6,0.0
SDR_median_roll12,0.0
PI101142_std12,0.0
PI101402_lag2,0.0
PI101432*x*general_index,0.0
BDI_Close_range_roll6,0.0
YEN_median_lag1,0.0
ZAR_std_roll12,0.0
PI101162_roll6,0.0
PI101144*x*general_index,0.0
PI201073_std6,0.0
BDI_Low_range_trend,0.0
PI101143_lag6,0.0
BDI_High_variance,0.0
BDI_Close_mean_lag2,0.0
PI101183_roll12,0.0
food_inflation_roll12,0.0
ZAR_mean_std6,0.0
PI201002,0.0
Maize_Thousand Hectares_lag12,0.0
Sorghum_Thousand Hectares_2_lag1,0.0
PI201033_std12,0.0
imported_tradeables_inflation_std12,0.0
PI201061_lag2,0.0
PI101121_lag1,0.0
core_inflation_std6,0.0
PI201124_std6,0.0
Core Monthly Inflation Rate (Trimmed Mean) (percentage)_lag6,0.0
PI201004_roll6,0.0
PI201133_lag12,0.0
Sunflower_Thousand Hectares_lag1,0.0
BDI_Close_last_lag1,0.0
PI201134_roll12,0.0
PI101171_lag2,0.0
Pulses_Thousand Hectares_2_lag2,0.0
PI201092_trend,0.0
BDI_Close_median_lag2,0.0
Year,0.0
Sorghum_Thousand Hectares,0.0
PI101002_trend,0.0
BDI_Close_mean_roll6,0.0
EUR_mean_std6,0.0
Maize_Thousand Hectares_2,0.0
PI201002_lag12,0.0
Core Monthly Inflation Rate (Trimmed Mean) (percentage)_roll12,0.0
food_inflation_roll6,0.0
PI201125_std12,0.0
PI201123_lag3,0.0
PI101104_std3,0.0
PI101205_lag6,0.0
PI101135_roll6,0.0
PI201034,0.0
Core Monthly Inflation Rate (Trimmed Mean) (percentage)_std12,0.0
PI101181_lag3,0.0
PI101004_roll3,0.0
PI201063*x*general_index,0.0
PI101184,0.0
PI101115_roll6,0.0
BDI_High_median_lag1,0.0
GBP_range_lag12,0.0
PI201071_lag1,0.0
PI101184_roll3,0.0
PI101103_lag12,0.0
PI101175_lag12,0.0
BDI_High_mean_lag2,0.0
ZAR_median_std6,0.0
BDI_Close_std_roll3,0.0
PI201003_lag6,0.0
Groundnuts_KG/HA_lag6,0.0
